type,layer,block,x,y
INSERT,AFC,客服中心,-3288200.16391154,-1274357.668505991
INSERT,连续墙,A$C517E0D6C,221507.2292139002,-2505476.131579467
INSERT,WALL,dashhhggfdd,1239953.410365461,-2726546.348717521
INSERT,WALL,dashhhggfdd,1185682.995173392,-2727229.3400033
INSERT,STAIR,_LIFTD,-6544921.667143787,-9187440.822626889
INSERT,STAIR,_LIFTD,-6544911.064952536,-9187391.959645633
INSERT,COLUMN,_FZHK,-6682151.25463475,-9222105.600649342
INSERT,COLUMN,_FZHK,-6688043.865549793,-9220974.390410727
INSERT,COLUMN,_FZHK,-6680681.864090444,-9214781.544981319
INSERT,COLUMN,_FZHK,-6675573.420658625,-9189318.931099318
INSERT,COLUMN,_FZHK,-6673803.070605243,-9180494.767643869
INSERT,COLUMN,_FZHK,-6672032.720551859,-9171670.60418842
INSERT,COLUMN,_FZHK,-6679639.324614563,-9209585.093168666
INSERT,COLUMN,_FZHK,-6678155.181153146,-9202187.502805179
INSERT,COLUMN,_FZHK,-6677343.770712005,-9198143.094554767
INSERT,COLUMN,_FZHK,-6676655.301246802,-9194711.475433205
INSERT,COLUMN,_FZHK,-6688776.210616172,-9223989.23629464
INSERT,COLUMN,_FZHK,-6672917.895578551,-9176082.685916142
INSERT,COLUMN,_FZHK,-6674550.551738892,-9184220.525547285
INSERT,COLUMN,_FZHK,-6480084.744894797,-9265858.015057153
INSERT,COLUMN,_FZHK,-6487070.540963693,-9264456.487931557
INSERT,COLUMN,_FZHK,-6498741.84481758,-9260279.061528832
INSERT,COLUMN,_FZHK,-6507170.024389994,-9260424.023921073
INSERT,COLUMN,_FZHK,-6513543.031330039,-9259145.43777141
INSERT,COLUMN,_FZHK,-6518445.34436085,-9258161.909963977
INSERT,COLUMN,_FZHK,-6526779.276513219,-9256489.912691341
INSERT,COLUMN,_FZHK,-6532784.609975951,-9255285.091127229
INSERT,COLUMN,_FZHK,-6537691.825319787,-9254300.579791985
INSERT,COLUMN,_FZHK,-6543319.680679151,-9253171.489869046
INSERT,COLUMN,_FZHK,-6479597.515479959,-9262793.992782873
INSERT,COLUMN,_FZHK,-6486460.753723082,-9261417.053852461
INSERT,COLUMN,_FZHK,-6493323.991966214,-9260040.114922048
INSERT,COLUMN,_FZHK,-6506815.954379321,-9258659.191229984
INSERT,COLUMN,_FZHK,-6513188.961319364,-9257380.605080321
INSERT,COLUMN,_FZHK,-6518091.274350171,-9256397.077272882
INSERT,COLUMN,_FZHK,-6526425.206502539,-9254725.080000243
INSERT,COLUMN,_FZHK,-6532307.982139506,-9253544.846631323
INSERT,COLUMN,_FZHK,-6536954.577940377,-9251286.717435881
INSERT,COLUMN,_FZHK,-6542837.353577342,-9250106.484066959
INSERT,COLUMN,_FZHK,-6478047.475655439,-9255067.94744632
INSERT,COLUMN,_FZHK,-6484910.713898566,-9253691.008515907
INSERT,COLUMN,_FZHK,-6491844.76614383,-9252667.036123723
INSERT,COLUMN,_FZHK,-6496943.171695868,-9251644.167203989
INSERT,COLUMN,_FZHK,-6505081.011327003,-9250011.511043641
INSERT,COLUMN,_FZHK,-6511454.018267052,-9248732.924893976
INSERT,COLUMN,_FZHK,-6516356.331297855,-9247749.397086543
INSERT,COLUMN,_FZHK,-6524690.263450227,-9246077.399813906
INSERT,COLUMN,_FZHK,-6530573.03908719,-9244897.166444983
INSERT,COLUMN,_FZHK,-6535475.352117997,-9243913.63863755
INSERT,COLUMN,_FZHK,-6541358.127754963,-9242733.405268628
INSERT,COLUMN,_FZHK,-6545966.302003918,-9241808.889129639
INSERT,COLUMN,_FZHK,-6474091.726813934,-9235350.844436423
INSERT,COLUMN,_FZHK,-6480954.965057061,-9233973.905506012
INSERT,COLUMN,_FZHK,-6487818.20330019,-9232596.966575604
INSERT,COLUMN,_FZHK,-6492916.60885223,-9231574.097655869
INSERT,COLUMN,_FZHK,-6501054.448483365,-9229941.441495526
INSERT,COLUMN,_FZHK,-6507427.45542341,-9228662.855345863
INSERT,COLUMN,_FZHK,-6512329.768454214,-9227679.32753843
INSERT,COLUMN,_FZHK,-6520663.700606584,-9226007.330265787
INSERT,COLUMN,_FZHK,-6526546.47624355,-9224827.096896868
INSERT,COLUMN,_FZHK,-6531448.789274354,-9223843.56908943
INSERT,COLUMN,_FZHK,-6537331.564911323,-9222663.335720509
INSERT,COLUMN,_FZHK,-6542628.208625488,-9225170.438703083
INSERT,COLUMN,_FZHK,-6472714.787883527,-9228487.606193297
INSERT,COLUMN,_FZHK,-6479578.026126654,-9227110.667262884
INSERT,COLUMN,_FZHK,-6486441.264369781,-9225733.728332478
INSERT,COLUMN,_FZHK,-6491539.66992182,-9224710.859412745
INSERT,COLUMN,_FZHK,-6499677.509552957,-9223078.203252406
INSERT,COLUMN,_FZHK,-6506050.516493003,-9221799.617102739
INSERT,COLUMN,_FZHK,-6510952.829523806,-9220816.089295301
INSERT,COLUMN,_FZHK,-6519286.761676174,-9219144.092022665
INSERT,COLUMN,_FZHK,-6525169.53731314,-9217963.858653737
INSERT,COLUMN,_FZHK,-6530071.850343947,-9216980.330846306
INSERT,COLUMN,_FZHK,-6535954.625980914,-9215800.097477382
INSERT,COLUMN,_FZHK,-6540857.858572098,-9216346.275247634
INSERT,COLUMN,_FZHK,-6471534.554514606,-9222604.830556329
INSERT,COLUMN,_FZHK,-6478397.79275773,-9221227.891625918
INSERT,COLUMN,_FZHK,-6485261.031000857,-9219850.952695511
INSERT,COLUMN,_FZHK,-6490359.4365529,-9218828.083775777
INSERT,COLUMN,_FZHK,-6498497.276184031,-9217195.427615433
INSERT,COLUMN,_FZHK,-6504870.283124079,-9215916.841465766
INSERT,COLUMN,_FZHK,-6509772.596154886,-9214933.313658333
INSERT,COLUMN,_FZHK,-6518106.528307255,-9213261.316385695
INSERT,COLUMN,_FZHK,-6523989.30394422,-9212081.083016769
INSERT,COLUMN,_FZHK,-6528891.616975028,-9211097.55520934
INSERT,COLUMN,_FZHK,-6534774.392611991,-9209917.321840416
INSERT,COLUMN,_FZHK,-6539087.508518719,-9207522.111792185
INSERT,COLUMN,_FZHK,-6496431.86778842,-9206900.570250747
INSERT,COLUMN,_FZHK,-6502804.874728463,-9205621.98410108
INSERT,COLUMN,_FZHK,-6507707.18775927,-9204638.456293643
INSERT,COLUMN,_FZHK,-6516041.119911643,-9202966.459021006
INSERT,COLUMN,_FZHK,-6521923.895548606,-9201786.225652076
INSERT,COLUMN,_FZHK,-6526826.20857941,-9200802.697844647
INSERT,COLUMN,_FZHK,-6532708.984216379,-9199622.464475728
INSERT,COLUMN,_FZHK,-6537317.158465334,-9198697.948336736
INSERT,COLUMN,_FZHK,-6477075.750181694,-9250224.462171884
INSERT,COLUMN,_FZHK,-6495536.726931234,-9244633.859569935
INSERT,COLUMN,_FZHK,-6503674.566562372,-9243001.203409594
INSERT,COLUMN,_FZHK,-6510411.478791171,-9243536.473081325
INSERT,COLUMN,_FZHK,-6515313.791821973,-9242552.945273896
INSERT,COLUMN,_FZHK,-6523647.723974344,-9240880.948001253
INSERT,COLUMN,_FZHK,-6529530.499611309,-9239700.714632329
INSERT,COLUMN,_FZHK,-6534432.812642116,-9238717.186824896
INSERT,COLUMN,_FZHK,-6540315.588279079,-9237536.953455974
INSERT,COLUMN,_FZHK,-6544923.762528038,-9236612.437316988
INSERT,COLUMN,_FZHK,-6475665.371305829,-9243194.54528571
INSERT,COLUMN,_FZHK,-6482528.609548959,-9241817.606355303
INSERT,COLUMN,_FZHK,-6489391.847792086,-9240440.667424891
INSERT,COLUMN,_FZHK,-6494490.253344123,-9239417.798505161
INSERT,COLUMN,_FZHK,-6502278.94060362,-9236044.821218884
INSERT,COLUMN,_FZHK,-6508651.947543667,-9234766.235069214
INSERT,COLUMN,_FZHK,-6513554.26057447,-9233782.707261783
INSERT,COLUMN,_FZHK,-6521888.192726842,-9232110.709989141
INSERT,COLUMN,_FZHK,-6528046.35614989,-9232303.124268845
INSERT,COLUMN,_FZHK,-6532948.669180695,-9231319.596461412
INSERT,COLUMN,_FZHK,-6538831.444817661,-9230139.363092488
INSERT,COLUMN,_FZHK,-6543439.61906662,-9229214.846953496
INSERT,COLUMN,_FZHK,-6503374.561283711,-9259400.617936725
INSERT,COLUMN,_FZHK,-6535408.407605275,-9254891.281528083
INSERT,COLUMN,_FZHK,-6516360.766449054,-9204559.710756017
INSERT,COLUMN,_FZHK,-6517033.499469342,-9207912.892869089
INSERT,COLUMN,_FZHK,-6511150.723832373,-9209093.126238007
INSERT,COLUMN,_FZHK,-6510493.727257008,-9205818.381133433
INSERT,COLUMN,_FZHK,-6500331.555544899,-9226338.241417888
INSERT,COLUMN,_FZHK,-6492022.134957688,-9228005.32105149
INSERT,COLUMN,_FZHK,-6498993.372675144,-9220329.065799957
INSERT,COLUMN,_FZHK,-6490870.270635114,-9222009.761562802
INSERT,COLUMN,_FZHK,-6483938.988424823,-9248847.523241478
INSERT,COLUMN,_FZHK,-6490802.226667949,-9247470.584311068
INSERT,COLUMN,_FZHK,-6493933.779206821,-9263079.549001151
INSERT,COLUMN,_FZHK,-6554202.187895667,-9240156.562413146
INSERT,COLUMN,_FZHK,-6550864.09451724,-9223518.111986592
INSERT,COLUMN,_FZHK,-6549093.744463855,-9214693.948531143
INSERT,COLUMN,_FZHK,-6547323.394410466,-9205869.785075693
INSERT,COLUMN,_FZHK,-6545553.044357088,-9197045.621620244
INSERT,COLUMN,_FZHK,-6551675.504958369,-9227562.520237006
INSERT,COLUMN,_FZHK,-6564527.086850416,-9248916.748574083
INSERT,COLUMN,_FZHK,-6572118.83865833,-9244180.882287226
INSERT,COLUMN,_FZHK,-6594529.242598943,-9242897.558392579
INSERT,COLUMN,_FZHK,-6625119.675911166,-9236760.344874186
INSERT,COLUMN,_FZHK,-6630414.17398444,-9235698.134842158
INSERT,COLUMN,_FZHK,-6563907.464331732,-9245828.291364677
INSERT,COLUMN,_FZHK,-6580379.236115237,-9242523.637931697
INSERT,COLUMN,_FZHK,-6588615.122006991,-9240871.311215204
INSERT,COLUMN,_FZHK,-6596851.007898743,-9239218.984498718
INSERT,COLUMN,_FZHK,-6554202.187895667,-9240156.562413146
INSERT,COLUMN,_FZHK,-6562438.073787424,-9238504.235696655
INSERT,COLUMN,_FZHK,-6570673.959679176,-9236851.908980165
INSERT,COLUMN,_FZHK,-6578909.845570929,-9235199.582263671
INSERT,COLUMN,_FZHK,-6587145.731462681,-9233547.255547181
INSERT,COLUMN,_FZHK,-6595381.617354433,-9231894.928830689
INSERT,COLUMN,_FZHK,-6603617.503246188,-9230242.602114195
INSERT,COLUMN,_FZHK,-6611853.38913794,-9228590.275397706
INSERT,COLUMN,_FZHK,-6628325.160921446,-9225285.621964726
INSERT,COLUMN,_FZHK,-6636561.046813199,-9223633.295248234
INSERT,COLUMN,_FZHK,-6624987.067543009,-9208647.171538174
INSERT,COLUMN,_FZHK,-6549093.744463855,-9214693.948531143
INSERT,COLUMN,_FZHK,-6557329.630355607,-9213041.621814653
INSERT,COLUMN,_FZHK,-6565565.516247358,-9211389.295098157
INSERT,COLUMN,_FZHK,-6582037.288030863,-9208084.641665179
INSERT,COLUMN,_FZHK,-6590273.173922617,-9206432.314948688
INSERT,COLUMN,_FZHK,-6598509.059814368,-9204779.988232195
INSERT,COLUMN,_FZHK,-6606744.94570612,-9203127.661515706
INSERT,COLUMN,_FZHK,-6614980.831597874,-9201475.334799216
INSERT,COLUMN,_FZHK,-6623216.717489627,-9199823.008082725
INSERT,COLUMN,_FZHK,-6631452.603381379,-9198170.681366235
INSERT,COLUMN,_FZHK,-6547323.394410466,-9205869.785075693
INSERT,COLUMN,_FZHK,-6555559.280302223,-9204217.458359204
INSERT,COLUMN,_FZHK,-6563795.166193974,-9202565.13164271
INSERT,COLUMN,_FZHK,-6572031.052085728,-9200912.804926218
INSERT,COLUMN,_FZHK,-6580266.937977476,-9199260.47820973
INSERT,COLUMN,_FZHK,-6588502.823869234,-9197608.151493239
INSERT,COLUMN,_FZHK,-6596738.709760987,-9195955.824776742
INSERT,COLUMN,_FZHK,-6604974.595652739,-9194303.498060257
INSERT,COLUMN,_FZHK,-6613210.48154449,-9192651.171343763
INSERT,COLUMN,_FZHK,-6621446.367436242,-9190998.844627277
INSERT,COLUMN,_FZHK,-6629682.253327995,-9189346.517910786
INSERT,COLUMN,_FZHK,-6570260.702032348,-9192088.641470771
INSERT,COLUMN,_FZHK,-6578496.587924093,-9190436.314754281
INSERT,COLUMN,_FZHK,-6586732.47381585,-9188783.988037792
INSERT,COLUMN,_FZHK,-6594968.359707602,-9187131.6613213
INSERT,COLUMN,_FZHK,-6603204.245599355,-9185479.334604805
INSERT,COLUMN,_FZHK,-6611440.131491107,-9183827.007888323
INSERT,COLUMN,_FZHK,-6619676.017382864,-9182174.681171828
INSERT,COLUMN,_FZHK,-6627911.903274609,-9180522.354455334
INSERT,COLUMN,_FZHK,-6569631.420203299,-9231655.45716751
INSERT,COLUMN,_FZHK,-6577867.306095046,-9230003.13045102
INSERT,COLUMN,_FZHK,-6586103.191986803,-9228350.80373453
INSERT,COLUMN,_FZHK,-6594339.077878554,-9226698.47701804
INSERT,COLUMN,_FZHK,-6602574.963770308,-9225046.150301546
INSERT,COLUMN,_FZHK,-6610810.849662059,-9223393.823585054
INSERT,COLUMN,_FZHK,-6619046.735553811,-9221741.496868565
INSERT,COLUMN,_FZHK,-6627282.621445568,-9220089.170152077
INSERT,COLUMN,_FZHK,-6635518.507337316,-9218436.843435588
INSERT,COLUMN,_FZHK,-6551675.504958369,-9227562.520237006
INSERT,COLUMN,_FZHK,-6559911.390850122,-9225910.193520515
INSERT,COLUMN,_FZHK,-6568147.276741874,-9224257.866804023
INSERT,COLUMN,_FZHK,-6576383.16263363,-9222605.540087537
INSERT,COLUMN,_FZHK,-6584619.048525382,-9220953.213371039
INSERT,COLUMN,_FZHK,-6592854.934417133,-9219300.886654552
INSERT,COLUMN,_FZHK,-6601090.820308884,-9217648.559938062
INSERT,COLUMN,_FZHK,-6609326.706200639,-9215996.23322157
INSERT,COLUMN,_FZHK,-6617562.59209239,-9214343.906505082
INSERT,COLUMN,_FZHK,-6625798.477984144,-9212691.579788586
INSERT,COLUMN,_FZHK,-6634034.363875898,-9211039.253072097
INSERT,COLUMN,_FZHK,-6561395.534311543,-9233307.783883999
INSERT,COLUMN,_FZHK,-6545553.044357088,-9197045.621620244
INSERT,COLUMN,_FZHK,-6553788.930248839,-9195393.294903754
INSERT,COLUMN,_FZHK,-6562024.816140591,-9193740.968187263
INSERT,COLUMN,_FZHK,-6616751.18165126,-9210299.498254665
INSERT,COLUMN,_FZHK,-6608515.295759503,-9211951.824971153
INSERT,COLUMN,_FZHK,-6600279.409867752,-9213604.151687647
INSERT,COLUMN,_FZHK,-6592043.523975998,-9215256.478404139
INSERT,COLUMN,_FZHK,-6575571.752192495,-9218561.131837118
INSERT,COLUMN,_FZHK,-6567335.866300738,-9220213.458553608
INSERT,COLUMN,_FZHK,-6559099.98040899,-9221865.785270102
INSERT,COLUMN,_FZHK,-6550864.09451724,-9223518.111986592
INSERT,COLUMN,_FZHK,-6582467.636137975,-9251916.34709067
INSERT,COLUMN,_FZHK,-6573839.565203759,-9253647.356031754
INSERT,COLUMN,_FZHK,-6581848.013619294,-9248827.88988126
INSERT,COLUMN,_FZHK,-6620137.828334771,-9185366.194236923
INSERT,COLUMN,_FZHK,-6630414.17398444,-9235698.134842158
INSERT,COLUMN,_FZHK,-6646241.811684104,-9229309.941838808
INSERT,COLUMN,_FZHK,-6654502.209141011,-9227652.697483279
INSERT,COLUMN,_FZHK,-6662738.095032764,-9226000.370766781
INSERT,COLUMN,_FZHK,-6670973.980924515,-9224348.044050296
INSERT,COLUMN,_FZHK,-6628325.160921446,-9225285.621964726
INSERT,COLUMN,_FZHK,-6644796.93270495,-9221980.968531743
INSERT,COLUMN,_FZHK,-6653032.818596702,-9220328.641815255
INSERT,COLUMN,_FZHK,-6661268.704488456,-9218676.315098761
INSERT,COLUMN,_FZHK,-6669504.590380207,-9217023.988382273
INSERT,COLUMN,_FZHK,-6623216.717489627,-9199823.008082725
INSERT,COLUMN,_FZHK,-6639708.098525256,-9196514.420538511
INSERT,COLUMN,_FZHK,-6647924.375164885,-9194866.027933256
INSERT,COLUMN,_FZHK,-6656160.261056639,-9193213.701216757
INSERT,COLUMN,_FZHK,-6664396.146948392,-9191561.374500263
INSERT,COLUMN,_FZHK,-6621446.367436242,-9190998.844627277
INSERT,COLUMN,_FZHK,-6637918.139219747,-9187694.191194292
INSERT,COLUMN,_FZHK,-6646154.025111504,-9186041.864477802
INSERT,COLUMN,_FZHK,-6654389.911003249,-9184389.537761312
INSERT,COLUMN,_FZHK,-6662625.796895007,-9182737.211044821
INSERT,COLUMN,_FZHK,-6644383.67505812,-9177217.701022353
INSERT,COLUMN,_FZHK,-6652619.560949871,-9175565.374305858
INSERT,COLUMN,_FZHK,-6660855.446841626,-9173913.047589371
INSERT,COLUMN,_FZHK,-6643754.39322907,-9216784.516719096
INSERT,COLUMN,_FZHK,-6651990.279120821,-9215132.190002602
INSERT,COLUMN,_FZHK,-6660226.165012574,-9213479.86328611
INSERT,COLUMN,_FZHK,-6668462.050904324,-9211827.536569618
INSERT,COLUMN,_FZHK,-6625798.477984144,-9212691.579788586
INSERT,COLUMN,_FZHK,-6642270.249767651,-9209386.926355609
INSERT,COLUMN,_FZHK,-6650506.135659403,-9207734.599639112
INSERT,COLUMN,_FZHK,-6658742.021551154,-9206082.272922625
INSERT,COLUMN,_FZHK,-6666977.907442905,-9204429.946206133
INSERT,COLUMN,_FZHK,-6627282.621445568,-9220089.170152077
INSERT,COLUMN,_FZHK,-6635518.507337316,-9218436.843435588
INSERT,COLUMN,_FZHK,-6619676.017382864,-9182174.681171828
INSERT,COLUMN,_FZHK,-6636147.789166367,-9178870.027738843
INSERT,COLUMN,_FZHK,-6666166.49700177,-9200385.537955721
INSERT,COLUMN,_FZHK,-6657930.611110019,-9202037.864672206
INSERT,COLUMN,_FZHK,-6649694.725218267,-9203690.191388703
INSERT,COLUMN,_FZHK,-6641458.839326514,-9205342.51810519
INSERT,COLUMN,_FZHK,-6624987.067543009,-9208647.171538174
INSERT,COLUMN,_FZHK,-6648354.723271997,-9238697.733358741
INSERT,COLUMN,_FZHK,-6620137.828334771,-9185366.194236923
INSERT,COLUMN,_FZHK,-6628545.2951826,-9183679.444047172
INSERT,COLUMN,_FZHK,-6639751.163902929,-9240423.824660783
INSERT,COLUMN,_FZHK,-6639133.508439861,-9237345.172077452
INSERT,COLUMN,876E0,-6666166.49700177,-9200385.537955721
INSERT,COLUMN,876E0,-6666977.907442905,-9204429.946206133
INSERT,COLUMN,_FZHK,-6583807.638084245,-9216908.805120629
INSERT,COLUMN,_FZHK,-6620089.27502969,-9226937.948681214
INSERT,COLUMN,_FZH,-6555666.660798195,-9247456.106508609
INSERT,COLUMN,_FZH,-6547430.774906347,-9249108.433224604
INSERT,COLUMN,_FZH,-6596846.143301611,-9239194.462288157
INSERT,COLUMN,_FZHK,-6630414.172564333,-9235698.127762814
INSERT,COLUMN,_FZHK,-6630414.172564333,-9235698.127762814
INSERT,COLUMN,_FZHK,-6625119.674494899,-9236760.337794049
INSERT,COLUMN,_FZHK,-6594529.24117881,-9242897.551313049
INSERT,COLUMN,_FZHK,-6594529.242598946,-9242897.55839259
INSERT,COLUMN,_FZHK,-6625119.675911171,-9236760.344874191
INSERT,COLUMN,_FZHK,-6630414.17398444,-9235698.134842161
INSERT,COLUMN,_FZHK,-6630414.17398444,-9235698.134842161
INSERT,ARDOOR,AUD05D1S,-6666385.909098578,-9250892.921978202
INSERT,ARDOOR,AUD05D1S,-6667229.112221352,-9264664.508324401
INSERT,ARDOOR,AUD05D1S,-6665065.747310006,-9256816.781394265
INSERT,ARDOOR,AUD05D1S,-6653453.526766497,-9257089.212664944
INSERT,ARDOOR,AUD05D1S,6648028.485363308,-9258337.581102633
INSERT,ARDOOR,AUD05D1S,-6636553.876501878,-9273224.718392029
INSERT,ARDOOR,AUD05D1S,-6657116.599943671,-9270376.945206729
INSERT,ARDOOR,AUD05D1S,6651801.565529511,-9271982.86356347
INSERT,ARDOOR,AUD05D1S,-6660146.37624676,-9252611.935738235
INSERT,ARDOOR,AUD05D1S,-6645174.13559762,-9256740.372186991
INSERT,ARDOOR,AUD05D1S,-6660876.684841581,-9271975.670953031
INSERT,ARDOOR,AUD05D1S,-6671395.867409087,-9269075.847593226
INSERT,ARDOOR,AUD05D1S,-6649154.92171846,-9275207.009729051
INSERT,ARDOOR,AUD05D1S,-6643078.467525445,-9257567.037373915
INSERT,ARDOOR,AUD05D1S,-6528876.370914631,-9308363.682624914
INSERT,ARDOOR,AUD01D1S,-6522444.387989239,-9310137.306192887
INSERT,ARDOOR,AUD02D1S,-6511961.416346757,-9313027.147285954
INSERT,ARDOOR,AUD01D1S,-6494334.90783922,-9317886.247391268
INSERT,ARDOOR,AUD02D1S,-6494816.927870598,-9317753.36891542
INSERT,ARDOOR,AUD05D1S,-6487359.387660559,-9318523.367466836
INSERT,ARDOOR,AUD05D1S,-6483021.990695817,-9302789.350294446
INSERT,ARDOOR,AUD05D1S,-6505061.720142151,-9295614.118079718
INSERT,ARDOOR,AUD05D1S,-6516803.492192345,-9292384.205467756
INSERT,ARDOOR,AUD05D1S,6528965.803700047,-9288775.526371093
INSERT,ARDOOR,AUD05D1S,6526842.021254281,-9291746.263853445
INSERT,ARDOOR,AUD05D1S,6530630.11538873,-9305487.82915744
INSERT,ARDOOR,AUD05D1S,-6509085.559305583,-9311437.585525016
INSERT,ARDOOR,AUD05D1S,-6516992.471938474,-9294462.008046107
INSERT,ARDOOR,AUD02D1S,-6626772.648605069,-9281128.179290146
INSERT,WINDOW,_LIFTD,6499981.918527107,-9319218.082873534
INSERT,WINDOW,_LIFTD,6666263.040380685,-9260708.468162631
INSERT,ARDOOR,AUD01D1S,-6663673.382249708,-9260307.597418053
INSERT,ARDOOR,AUD05D1S,6537259.596352773,-9305804.244969447
INSERT,ARDOOR,AUD05D1S,-6500614.335266956,-9306385.632344097
INSERT,ARDOOR,AUD05D1S,6532922.541657312,-9290070.565270328
INSERT,ARDOOR,AUD05D1S,6536712.137032237,-9303818.32244022
INSERT,ARDOOR,AUD05D1S,-6505213.457368441,-9297958.081639578
INSERT,ARDOOR,AUD05D1S,-6634337.140859396,-9265183.453792767
INSERT,ARDOOR,AUD05D1S,-6625417.228212935,-9279116.030570683
INSERT,ARDOOR,AUD01D1S,-6533480.563603468,-9306846.011035672
INSERT,ARDOOR,AUD05D1S,-6536738.042604845,-9287950.325686768
INSERT,ARDOOR,AUD05D1S,-6541075.318867743,-9303683.90501021
INSERT,ARDOOR,AUD05D1S,6624414.65421341,-9280709.748047529
INSERT,ARDOOR,AUD05D1S,6620077.282560759,-9264975.822695431
INSERT,ARDOOR,AUD05D1S,6621755.06642716,-9265831.683143826
INSERT,ARDOOR,AUD05D1S,6627319.287443845,-9261662.956739234
INSERT,ARDOOR,AUD05D1S,-6520783.221427127,-9308212.890672789
INSERT,ARDOOR,AUD05D1S,-6504082.45377281,-9315203.44563866
INSERT,ARDOOR,AUD05D1S,-6520079.488037858,-9291474.169573614
INSERT,ARDOOR,AUD05D1S,6521702.426810128,-9300559.832169469
INSERT,ARDOOR,AUD02D1S,6498346.149710998,-9297216.965914198
INSERT,ARDOOR,AUD05D1S,-6670232.079028001,-9259614.658686556
INSERT,ARDOOR,AUD01D1S,-6490224.241011609,-9319019.435033427
INSERT,ARDOOR,AUD02D1S,-6470300.315357032,-9305196.795532738
INSERT,ARDOOR,AUD02D1S,6475185.061008354,-9322916.333906839
INSERT,ARDOOR,AUD05D1S,6526294.654322499,-9289760.834505884
INSERT,ARDIM,SX2,-6672885.81281091,-9252752.393873823
INSERT,ARDIM,SX2,-6668129.237760166,-9269717.034159926
INSERT,ARDIM,SX1,-6643485.902742797,-9280670.041200037
INSERT,ARDIM,SX1,-6636687.707039243,-9256009.414374691
INSERT,ARDIM,SX1,-6603000.209181677,-9270970.085865336
INSERT,ARDIM,SX1,-6606678.096940812,-9284312.970925979
INSERT,ARDIM,SX1,-6555245.520632711,-9284134.622225964
INSERT,ARDIM,SX1,-6558923.729754392,-9297477.418828279
INSERT,ARDIM,SX2,-6525298.990141481,-9309091.052613515
INSERT,ARDIM,SX1,-6520130.29514117,-9296926.444946521
INSERT,ARDIM,SX2,-6491779.857444809,-9299285.90256301
INSERT,ARDIM,SX2,-6498722.333691264,-9316417.440258687
INSERT,ARDOOR,AUD02D1S,-6672636.966642881,-9268349.663794252
INSERT,ARDOOR,AUD01D1S,6671530.617191174,-9264588.6785861
INSERT,ARDOOR,AUD01D1S,-6486335.676981767,-9300392.522438592
INSERT,ARDOOR,AUD01D1S,-6492408.009071986,-9298853.414663735
INSERT,WINDOW,_LIFTD,6493478.712896137,-9295627.539996573
INSERT,ARDOOR,AUD02D1S,-6488592.362663636,-9299769.906200209
INSERT,ARDOOR,AUD05D1S,6633907.013226904,-9279162.486091831
INSERT,2,AUD05D1S,-6491778.021824717,-9304359.073292667
INSERT,2,AUD05D1S,6494058.215407521,-9312630.533175063
INSERT,MPFIXTURE,A1138DAB,-6470486.243220592,-9307142.823503593
INSERT,MPFIXTURE,A1138DAB,-6474346.87789297,-9321147.373404196
INSERT,ARDOOR,AUD05D1S,-6668192.386103414,-9252215.620040619
INSERT,ARDOOR,AUD05D1S,6639450.205663876,-9268100.008154444
INSERT,ARDOOR,AUD02D1S,-6673393.264019189,-9265475.451870722
INSERT,STAIR,_ARROW,-6612593.600828883,-9276095.221840819
INSERT,STAIR,_ARROW,-6612381.43359316,-9274586.449543486
INSERT,STAIR,_ARROW,6548216.405385122,-9292259.264696907
INSERT,ARDOOR,AUD02D1S,6664693.847595865,-9254564.624978803
INSERT,ARDOOR,AUD02D1S,6674308.880116474,-9256597.613680527
INSERT,COLUMN,_FZHK,-6621568.500852077,-9234311.027479563
INSERT,ARDOOR,AUD05D1S,-6601703.531321009,-9245798.870559632
INSERT,ARDOOR,AUD01D1S,6677038.041250989,-9212493.604858478
INSERT,ARDOOR,AUD05D1S,-6682181.432394096,-9223838.737085046
INSERT,WINDOW,$WINLIB2D$00000001,-6522637.882160283,-9257453.371468049
INSERT,WINDOW,$WINLIB2D$00000001,6516019.759568471,-9258781.134006959
INSERT,WINDOW,$WINLIB2D$00000001,-6534173.0247215,-9255139.130535845
INSERT,WINDOW,$DorLib2D$00000002,6537271.273894246,-9252865.262231804
INSERT,WINDOW,$DORLIB2D$00000148,-6534924.511924412,-9252479.343516871
INSERT,WINDOW,$WINLIB2D$00000001,-6535193.99854342,-9253822.577287355
INSERT,WINDOW,$WINLIB2D$00000001,-6534834.027366204,-9252028.330718017
INSERT,建-柱-平面-混凝土柱,_FZH,-6694652.432887144,-9298645.334677898
INSERT,建-柱-平面-混凝土柱,_FZH,-6689643.300195022,-9324009.038862902
INSERT,建-柱-平面-混凝土柱,_FZH,-6688243.921563659,-9319000.871588725
INSERT,建-窗扇,$DORLIB2D$00000025,-6684874.322814716,-9321136.452111494
INSERT,建-柱-平面-混凝土柱,_FZH,-6698235.856773683,-9310726.686971804
INSERT,建-柱-平面-混凝土柱,_FZH,-6702864.570708186,-9327292.163340219
INSERT,建-柱-平面-混凝土柱,_FZH,-6686621.180576655,-9313193.323779001
INSERT,建-柱-平面-混凝土柱,_FZH,-6694652.432887144,-9298645.334677905
INSERT,CENTER,*X97,-6555995.606459434,-9362840.030092245
INSERT,CENTER,*X97,-6556330.380885673,-9364038.137801751
INSERT,CENTER,*X97,-6554404.162703214,-9364576.360351964
INSERT,CENTER,*X97,-6554069.388276971,-9363378.25264246
INSERT,CENTER,*X97,-6550481.649630097,-9364380.736089868
INSERT,CENTER,*X97,-6550816.424056334,-9365578.843799374
INSERT,CENTER,*X97,-6546147.658719567,-9365591.73682785
INSERT,CENTER,*X97,-6546482.4331458,-9366789.844537361
INSERT,A-STRS,A$C6DF77E91,-6621306.532816195,-9340354.400991204
INSERT,A-STRS,A$C6DF77E91,-6584899.668916833,-9350527.289210859
INSERT,A-STRS,A$C6DF77E91,-6585393.636638229,-9352295.126039276
INSERT,A-STRS,A$C6DF77E91,-6561035.233365267,-9357195.473250957
INSERT,A-STRS,A$C6DF77E91,-6556820.716857339,-9342108.631712987
INSERT,A-STRS,A$C6DF77E91,-6580197.301711283,-9333698.219487299
INSERT,A-STRS,A$C6DF77E91,-6580677.0808499,-9335415.277495311
INSERT,A-STRS,A$C6DF77E91,-6617091.081069323,-9325267.9283065
INSERT,龙阳路站平剖面图0625$0$A-DOOR,龙阳路站平剖面图0625$0$$TCHSYS$LDOR22D,-6594751.133471524,-9329986.089721742
INSERT,龙阳路站平剖面图0625$0$A-DOOR,龙阳路站平剖面图0625$0$$TCHSYS$LDOR22D,-6599756.603188376,-9347899.918818111
INSERT,建-窗扇,$DorLib2D$00000001,-6656583.300069733,-9332405.6150113
INSERT,建-窗扇,$DorLib2D$00000001,-6661391.780549333,-9333450.131874412
INSERT,建-窗扇,$DorLib2D$00000001,-6663365.764371961,-9337913.570892478
INSERT,建-窗扇,$DorLib2D$00000001,-6662476.298988013,-9337331.461512066
INSERT,建-窗扇,$DorLib2D$00000009,-6499754.923857263,-9355283.900032368
INSERT,建-窗扇,$DorLib2D$00000001,-6670333.092883087,-9327733.014287179
INSERT,建-窗扇,$DorLib2D$00000001,-6665385.81284026,-9326934.941497338
INSERT,建-窗扇,$DorLib2D$00000001,-6663844.838294295,-9327365.519537512
INSERT,建-窗扇,$DorLib2D$00000001,-6665950.946517986,-9328957.470588921
INSERT,建-窗扇,$DorLib2D$00000001,-6664409.971972014,-9329388.048629089
INSERT,建-窗扇,$DorLib2D$00000001,-6680662.270889751,-9321223.161602109
INSERT,建-窗扇,$DorLib2D$00000001,-6682203.245435721,-9320792.583561937
INSERT,建-窗扇,$DorLib2D$00000001,-6676785.923794323,-9325929.968743963
INSERT,建-窗扇,$DORLIB2D$00000025,-6679090.345324823,-9331204.401505964
INSERT,建-窗扇,$DORLIB2D$00000025,-6663632.444410579,-9335523.637471437
INSERT,建-窗扇,$DorLib2D$00000001,-6534935.117659036,-9366739.106184967
INSERT,建-窗扇,$DORLIB2D$00000025,-6533755.321371623,-9368833.880807741
INSERT,建-窗扇,$DorLib2D$00000001,-6528917.108713633,-9369355.127655271
INSERT,建-窗扇,$DorLib2D$00000001,-6521549.324165723,-9371413.828909842
INSERT,建-窗扇,$DorLib2D$00000001,-6508788.128706924,-9374979.553305017
INSERT,建-窗扇,$DORLIB2D$00000025,-6516949.067729657,-9373529.872558362
INSERT,建-窗扇,$DORLIB2D$00000025,-6518682.664093874,-9373045.472263171
INSERT,建-窗扇,$DORLIB2D$00000025,-6504067.471267196,-9375364.12255716
INSERT,建-窗扇,$DorLib2D$00000001,-6528809.316011411,-9347788.524289573
INSERT,建-窗扇,$DORLIB2D$00000025,-6485987.808004011,-9362868.592325629
INSERT,建-窗扇,$DORLIB2D$00000025,-6489970.6548756,-9377122.606875831
INSERT,建-窗扇,$DORLIB2D$00000025,-6507113.996699494,-9372332.426178919
INSERT,建-窗扇,$DORLIB2D$00000025,-6503131.149827906,-9358078.411628712
INSERT,建-窗扇,$DORLIB2D$00000025,-6508620.87164792,-9356544.477360603
INSERT,建-窗扇,$DORLIB2D$00000025,-6517818.563469165,-9353974.464683329
INSERT,建-窗扇,$DORLIB2D$00000025,-6512603.718519506,-9370798.491910806
INSERT,建-窗扇,$DORLIB2D$00000025,-6519552.15983338,-9353490.064388143
INSERT,建-窗扇,$DORLIB2D$00000025,-6528942.473472874,-9350866.229455839
INSERT,建-窗扇,$DORLIB2D$00000025,-6495206.867645791,-9377839.946283144
INSERT,建-窗扇,$DorLib2D$00000002,-6676274.847538592,-9317226.42338981
INSERT,建-窗扇,$DorLib2D$00000002,-6538023.432639471,-9364785.952176299
INSERT,建-窗扇,$DorLib2D$00000002,-6533475.452090161,-9348509.408534509
INSERT,建-窗扇,$DorLib2D$00000001,-6536861.335841491,-9366200.88363475
INSERT,建-窗扇,$DorLib2D$00000001,-6493283.32233994,-9355534.73447938
INSERT,建-窗扇,$DorLib2D$00000002,-6656085.444221384,-9330623.863230448
INSERT,建-窗扇,$DORLIB2D$00000025,-6684874.322820834,-9321136.452145463
INSERT,建-窗扇,$DorLib2D$00000001,-6504106.990696146,-9355625.304496953
INSERT,建-窗扇,$DORLIB2D$00000025,-6653463.08156127,-9329228.078834905
INSERT,建-窗扇,$DorLib2D$00000001,-6523319.594191399,-9349322.458557681
INSERT,建-窗扇,$DorLib2D$00000001,-6515951.809643487,-9351381.159812254
INSERT,建-窗扇,$DORLIB2D$00000025,-6525849.166081319,-9347785.004150649
INSERT,建-窗扇,$DORLIB2D$00000025,-6507598.248802507,-9352884.662813929
INSERT,建-窗扇,$DorLib2D$00000001,-6505251.338607314,-9347829.76295976
INSERT,建-窗扇,$DorLib2D$00000001,-6665190.320573741,-9321590.385129056
INSERT,建-窗扇,$DORLIB2D$00000025,-6487775.37481415,-9383758.17357736
INSERT,建-柱-平面-混凝土柱,_FZH,-6698235.856781472,-9310726.687007926
INSERT,建-柱-平面-混凝土柱,_FZH,-6702864.570713316,-9327292.163377082
INSERT,建-柱-平面-混凝土柱,_FZH,-6674302.595864403,-9317414.102194337
INSERT,建-柱-平面-混凝土柱,_FZH,-6678931.309796247,-9333979.578563498
INSERT,建-柱-平面-混凝土柱,_FZH,-6646372.432218728,-9325218.32917245
INSERT,建-柱-平面-混凝土柱,_FZH,-6651001.146150576,-9341783.805541608
INSERT,建-柱-平面-混凝土柱,_FZH,-6622294.704937975,-9331946.111050136
INSERT,建-柱-平面-混凝土柱,_FZH,-6626923.418869822,-9348511.587419293
INSERT,建-柱-平面-混凝土柱,_FZH,-6593401.43220107,-9340019.449303353
INSERT,建-柱-平面-混凝土柱,_FZH,-6598030.146132917,-9356584.925672512
INSERT,建-柱-平面-混凝土柱,_FZH,-6569136.873396014,-9364658.263925729
INSERT,建-柱-平面-混凝土柱,_FZH,-6564508.159464168,-9348092.787556574
INSERT,建-柱-平面-混凝土柱,_FZH,-6535614.886727263,-9356166.125809789
INSERT,建-柱-平面-混凝土柱,_FZH,-6540243.600659108,-9372731.60217895
INSERT,建-柱-平面-混凝土柱,_FZH,-6511350.327922207,-9380804.940432167
INSERT,建-柱-平面-混凝土柱,_FZH,-6506721.613990359,-9364239.464063008
INSERT,建-柱-平面-混凝土柱,_FZH,-6478020.963071704,-9372258.980061207
INSERT,建-柱-平面-混凝土柱,_FZH,-6482649.677003551,-9388824.456430368
INSERT,建-柱-平面-混凝土柱,_FZH,-6686621.180584049,-9313193.323813255
INSERT,建-柱-平面-混凝土柱,_FZH,-6691653.561425725,-9331203.463809123
INSERT,建-柱-平面-混凝土柱,_FZH,-6659654.126042453,-9320728.439512668
INSERT,建-柱-平面-混凝土柱,_FZH,-6664686.506871283,-9338738.57951213
INSERT,建-柱-平面-混凝土柱,_FZH,-6694652.432896874,-9298645.334713441
INSERT,建-柱-平面-混凝土柱,_FZH,-6670889.698215924,-9305181.271179364
INSERT,建-柱-平面-混凝土柱,_FZH,-6642954.719024865,-9312986.843713829
INSERT,建-柱-平面-混凝土柱,_FZH,-6618876.991744115,-9319714.625591513
INSERT,建-柱-平面-混凝土柱,_FZH,-6590039.523407456,-9327876.201415596
INSERT,建-柱-平面-混凝土柱,_FZH,-6561119.339543035,-9335853.228759697
INSERT,建-柱-平面-混凝土柱,_FZH,-6532197.173533403,-9343934.640351166
INSERT,建-柱-平面-混凝土柱,_FZH,-6503303.9007965,-9352007.97860439
INSERT,建-柱-平面-混凝土柱,_FZH,-6474603.249877843,-9360027.494602581
INSERT,建-柱-平面-混凝土柱,_FZH,-6521168.250358813,-9360202.794936398
INSERT,建-柱-平面-混凝土柱,_FZH,-6525864.24210943,-9377009.048578367
INSERT,建-柱-平面-混凝土柱,_FZH,-6492756.532167524,-9368141.577552066
INSERT,建-柱-平面-混凝土柱,_FZH,-6497452.523918147,-9384947.831194029
INSERT,建-柱-平面-混凝土柱,_FZH,-6517656.348194086,-9347634.221304257
INSERT,建-窗扇,$DorLib2D$00000001,-6609151.237719544,-9325599.016017912
INSERT,建-窗扇,$DorLib2D$00000001,-6614434.721099107,-9341535.066444036
INSERT,建-窗扇,$DorLib2D$00000001,-6573182.997382843,-9337341.6724566
INSERT,建-窗扇,$DorLib2D$00000001,-6577499.542235567,-9352789.942279933
INSERT,建-窗扇,$DorLib2D$00000001,-6554046.846945486,-9360931.683267272
INSERT,建-窗扇,$DorLib2D$00000001,-6549318.561841854,-9344009.856534363
INSERT,建-窗扇,$DorLib2D$00000001,-6486241.700423574,-9374925.040336512
INSERT,建-窗扇,$DorLib2D$00000001,-6483340.680877914,-9364542.724333054
INSERT,建-窗扇,$DORLIB2D$00000025,-6491113.654008354,-9378983.669202268
INSERT,建-柱-平面-混凝土柱,_FZH,-6689643.30020068,-9324009.03889764
INSERT,建-柱-平面-混凝土柱,_FZH,-6688243.921570123,-9319000.871623243
INSERT,建-柱-平面-混凝土柱,_FZH,-6662676.24564623,-9331544.15460064
INSERT,建-柱-平面-混凝土柱,_FZH,-6661276.867015674,-9326535.987326248
INSERT,建-窗扇,$DorLib2D$00000001,-6492825.833172258,-9353897.449024287
INSERT,建-窗扇,$DorLib2D$00000001,-6492088.146097451,-9386187.165932625
INSERT,建-窗扇,$WINLIB2D$00000001,-6648860.263939987,-9329662.785643911
INSERT,建-窗扇,$DORLIB2D$00000025,-6674113.542362561,-9323053.002790748
INSERT,建-窗扇,$DORLIB2D$00000025,-6671405.657953619,-9325252.880545823
INSERT,建-窗扇,$DORLIB2D$00000025,-6670391.388383904,-9321622.961126196
INSERT,建-窗扇,$DORLIB2D$00000025,-6669672.061589405,-9325737.280841023
INSERT,建-窗扇,$DorLib2D$00000001,-6682358.859620154,-9335098.462920635
INSERT,建-窗扇,$DorLib2D$00000001,-6680200.587193787,-9327374.328008952
INSERT,建-窗扇,$DorLib2D$00000001,-6480326.63955212,-9353755.9013338
INSERT,建-窗扇,$DorLib2D$00000001,-6476604.404704562,-9361243.833108325
INSERT,建-窗扇,$DORLIB2D$00000025,-6523535.006704967,-9367744.078938343
INSERT,建-窗扇,$DorLib2D$00000001,-6509773.904999993,-9375534.751557912
INSERT,建-窗扇,$WINLIB2D$00000001,-6483598.606744003,-9386275.038389898
INSERT,建-窗扇,$WINLIB2D$00000001,-6475525.269198479,-9357381.765663451
INSERT,建-窗扇,$DorLib2D$00000001,-6483006.561937544,-9384156.198389476
INSERT,建-窗扇,$DORLIB2D$00000025,-6532732.69852622,-9365174.066261069
INSERT,建-窗扇,$DORLIB2D$00000025,-6521801.410340754,-9368228.479233534
INSERT,建-窗扇,$WINLIB2D$00000001,-6473127.73983039,-9355118.472714252
INSERT,建-窗扇,$DORLIB2D$00000025,-6679499.932215348,-9324870.514195772
INSERT,建-窗扇,$DORLIB2D$00000127,-6489948.037069061,-9383358.750591529
INSERT,建-窗扇,$DORLIB2D$00000025,-6657171.051562504,-9328192.000425739
INSERT,建-窗扇,$DORLIB2D$00000025,-6655072.033014059,-9327740.202757215
INSERT,建-窗扇,$DorLib2D$00000001,-6667841.7410229,-9326248.707745815
INSERT,建-窗扇,$WINLIB2D$00000001,-6480820.032829121,-9376330.937022446
INSERT,建-窗扇,$WINLIB2D$00000001,-6480147.254641353,-9373923.164294367
INSERT,建-窗扇,$WINLIB2D$00000001,-6478801.698265812,-9369107.618838219
INSERT,建-窗扇,$WINLIB2D$00000001,-6478128.920078047,-9366699.846110147
INSERT,建-柱-平面-混凝土柱,_FZH,-6489244.630027374,-9355573.003911514
INSERT,建-柱-平面-混凝土柱,_FZH,-6590982.539573283,-9320214.78865356
INSERT,建-柱-平面-混凝土柱,_FZH,-6531558.709097875,-9336818.954200964
INSERT,建-柱-平面-混凝土柱,_FZH,-6532588.059725151,-9340502.846474874
INSERT,建-柱-平面-混凝土柱,_FZH,-6583470.288661667,-9322313.856599402
INSERT,建-柱-平面-混凝土柱,_FZH,-6598494.790484876,-9318115.720707723
INSERT,建-柱-平面-混凝土柱,_FZH,-6603330.51928665,-9316842.397513987
INSERT,建-柱-平面-混凝土柱,_FZH,-6608146.064742799,-9315496.841138447
INSERT,建-柱-平面-混凝土柱,_FZH,-6612961.610198952,-9314151.284762912
INSERT,建-柱-平面-混凝土柱,_FZH,-6617777.155655105,-9312805.728387377
INSERT,建-柱-平面-混凝土柱,_FZH,-6622592.70111125,-9311460.172011841
INSERT,建-柱-平面-混凝土柱,_FZH,-6627408.246567402,-9310114.615636303
INSERT,建-柱-平面-混凝土柱,_FZH,-6632223.792023553,-9308769.059260766
INSERT,建-柱-平面-混凝土柱,_FZH,-6637039.337479706,-9307423.50288523
INSERT,建-柱-平面-混凝土柱,_FZH,-6641854.882935855,-9306077.946509697
INSERT,建-柱-平面-混凝土柱,_FZH,-6642336.43748143,-9305943.390872155
INSERT,建-柱-平面-混凝土柱,_FZH,-6647151.982937607,-9304597.834496698
INSERT,建-柱-平面-混凝土柱,_FZH,-6651967.528393758,-9303252.27812116
INSERT,建-柱-平面-混凝土柱,_FZH,-6656783.073849902,-9301906.721745627
INSERT,建-柱-平面-混凝土柱,_FZH,-6661598.619306055,-9300561.165370089
INSERT,建-柱-平面-混凝土柱,_FZH,-6666414.164762207,-9299215.608994554
INSERT,建-柱-平面-混凝土柱,_FZH,-6669957.485054075,-9298147.664094829
INSERT,建-柱-平面-混凝土柱,_FZH,-6677662.35778401,-9295994.773893943
INSERT,建-柱-平面-混凝土柱,_FZH,-6685367.230513848,-9293841.883693083
INSERT,建-柱-平面-混凝土柱,_FZH,-6693072.10369718,-9291688.993365511
INSERT,建-柱-平面-混凝土柱,_FZH,-6535383.172900367,-9335828.197972809
INSERT,建-柱-平面-混凝土柱,_FZH,-6541209.983355798,-9334200.074631693
INSERT,建-柱-平面-混凝土柱,_FZH,-6546025.528811951,-9332854.518256153
INSERT,建-柱-平面-混凝土柱,_FZH,-6550841.074268099,-9331508.961880617
INSERT,建-柱-平面-混凝土柱,_FZH,-6555656.619724251,-9330163.405505082
INSERT,建-柱-平面-混凝土柱,_FZH,-6560472.165180402,-9328817.849129544
INSERT,建-柱-平面-混凝土柱,_FZH,-6565287.71063655,-9327472.292754013
INSERT,建-柱-平面-混凝土柱,_FZH,-6570103.256092704,-9326126.736378473
INSERT,建-柱-平面-混凝土柱,_FZH,-6574918.801548853,-9324781.180002938
INSERT,建-柱-平面-混凝土柱,_FZH,-6579734.347005007,-9323435.623627398
INSERT,建-柱-平面-混凝土柱,_FZH,-6649204.540591953,-9344829.656566648
INSERT,建-柱-平面-混凝土柱,_FZH,-6644388.9951358,-9346175.212942183
INSERT,建-柱-平面-混凝土柱,_FZH,-6630327.602403818,-9350104.237558758
INSERT,建-柱-平面-混凝土柱,_FZH,-6625512.056947671,-9351449.793934293
INSERT,建-柱-平面-混凝土柱,_FZH,-6620696.511491518,-9352795.350309822
INSERT,建-柱-平面-混凝土柱,_FZH,-6615880.966035371,-9354140.906685367
INSERT,建-柱-平面-混凝土柱,_FZH,-6611065.420579221,-9355486.4630609
INSERT,建-柱-平面-混凝土柱,_FZH,-6606249.875123065,-9356832.019436437
INSERT,建-柱-平面-混凝土柱,_FZH,-6601434.329666914,-9358177.575811973
INSERT,建-柱-平面-混凝土柱,_FZH,-6596618.784210767,-9359523.13218751
INSERT,建-柱-平面-混凝土柱,_FZH,-6591803.23875462,-9360868.688563051
INSERT,建-柱-平面-混凝土柱,_FZH,-6586987.693298464,-9362214.244938583
INSERT,建-柱-平面-混凝土柱,_FZH,-6582172.147842314,-9363559.801314123
INSERT,建-柱-平面-混凝土柱,_FZH,-6577356.602386163,-9364905.357689659
INSERT,建-柱-平面-混凝土柱,_FZH,-6572541.056930013,-9366250.914065194
INSERT,建-柱-平面-混凝土柱,_FZH,-6567725.511473863,-9367596.470440728
INSERT,建-柱-平面-混凝土柱,_FZH,-6562909.966017707,-9368942.026816267
INSERT,建-柱-平面-混凝土柱,_FZH,-6558094.420561562,-9370287.583191803
INSERT,建-柱-平面-混凝土柱,_FZH,-6554069.54572405,-9371490.083729089
INSERT,建-柱-平面-混凝土柱,_FZH,-6545979.429357712,-9373750.61843999
INSERT,建-柱-平面-混凝土柱,_FZH,-6641182.763025814,-9347148.968895636
INSERT,建-柱-平面-混凝土柱,_FZH,-6633285.268477703,-9349355.68135152
INSERT,建-柱-平面-混凝土柱,_FZH,-6542175.148900847,-9374813.607849949
INSERT,建-柱-平面-混凝土柱,_FZH,-6541145.798273562,-9371129.715575998
INSERT,建-窗扇,$WINLIB2D$00000001,-6538300.406773958,-9376181.819204695
INSERT,建-窗扇,$WINLIB2D$00000001,-6537626.230410093,-9376370.197097273
INSERT,建-窗扇,$WINLIB2D$00000001,-6533966.41586342,-9377392.819942681
INSERT,建-窗扇,$WINLIB2D$00000001,-6532521.752226573,-9377796.48685534
INSERT,建-窗扇,$WINLIB2D$00000001,-6525298.43404235,-9379814.821418644
INSERT,建-窗扇,$WINLIB2D$00000001,-6523853.770405501,-9380218.488331305
INSERT,建-窗扇,$WINLIB2D$00000001,-6522409.106768654,-9380622.155243967
INSERT,建-窗扇,$WINLIB2D$00000001,-6520964.443131815,-9381025.822156626
INSERT,建-窗扇,$WINLIB2D$00000001,-6519519.77949497,-9381429.489069288
INSERT,建-窗扇,$WINLIB2D$00000001,-6518075.115858124,-9381833.155981949
INSERT,建-窗扇,$WINLIB2D$00000001,-6516630.452221281,-9382236.822894613
INSERT,建-窗扇,$WINLIB2D$00000001,-6515185.788584433,-9382640.489807272
INSERT,建-窗扇,$WINLIB2D$00000001,-6509407.134037052,-9384255.157457912
INSERT,建-窗扇,$WINLIB2D$00000001,-6507962.470400205,-9384658.824370578
INSERT,建-窗扇,$WINLIB2D$00000001,-6496405.161305443,-9387888.159671865
INSERT,建-窗扇,$WINLIB2D$00000001,-6528187.761316035,-9379007.487593323
INSERT,建-窗扇,$WINLIB2D$00000001,-6526743.097679196,-9379411.15450598
INSERT,建-窗扇,$WINLIB2D$00000001,-6500016.820397562,-9386878.992390212
INSERT,建-窗扇,$WINLIB2D$00000001,-6492071.170394909,-9389099.16040985
INSERT,建-窗扇,$WINLIB2D$00000001,-6531077.088589732,-9378200.153767998
INSERT,建-窗扇,$WINLIB2D$00000001,-6529632.42495289,-9378603.820680663
INSERT,建-窗扇,$WINLIB2D$00000001,-6506517.806763363,-9385062.491283237
INSERT,建-窗扇,$WINLIB2D$00000001,-6495730.984941578,-9388076.537564442
INSERT,建-窗扇,$WINLIB2D$00000001,-6494190.010395613,-9388507.11560461
INSERT,建-窗扇,$WINLIB2D$00000001,-6493515.834031747,-9388695.49349719
INSERT,建-窗扇,$WINLIB2D$00000001,-6491396.994031047,-9389287.538302422
INSERT,建-窗扇,$WINLIB2D$00000001,-6489856.01948508,-9389718.116342596
INSERT,建-窗扇,$WINLIB2D$00000001,-6489181.843121209,-9389906.494235173
INSERT,建-窗扇,$WINLIB2D$00000001,-6487640.86857525,-9390337.072275341
INSERT,建-窗扇,$WINLIB2D$00000001,-6486966.692211381,-9390525.450167915
INSERT,建-窗扇,$WINLIB2D$00000001,-6486292.515847512,-9390713.828060492
INSERT,建-窗扇,$WINLIB2D$00000001,-6485618.33948365,-9390902.20595307
INSERT,建-窗扇,$WINLIB2D$00000001,-6474805.733025046,-9352391.29786755
INSERT,建-窗扇,$WINLIB2D$00000001,-6476250.396661886,-9351987.630954885
INSERT,建-窗扇,$WINLIB2D$00000001,-6477695.060298734,-9351583.964042225
INSERT,建-窗扇,$WINLIB2D$00000001,-6480584.387572427,-9350776.630216907
INSERT,建-窗扇,$WINLIB2D$00000001,-6487807.705756651,-9348758.295653604
INSERT,建-窗扇,$WINLIB2D$00000001,-6489252.369393494,-9348354.62874094
INSERT,建-窗扇,$WINLIB2D$00000001,-6492141.69666719,-9347547.294915615
INSERT,建-窗扇,$WINLIB2D$00000001,-6499027.926669485,-9345623.149298599
INSERT,建-窗扇,$WINLIB2D$00000001,-6503699.005761948,-9344317.959614329
INSERT,建-窗扇,$WINLIB2D$00000001,-6505143.669398793,-9343914.292701674
INSERT,建-窗扇,$WINLIB2D$00000001,-6508032.996672486,-9343106.958876347
INSERT,建-窗扇,$WINLIB2D$00000001,-6509477.66030933,-9342703.291963688
INSERT,建-窗扇,$WINLIB2D$00000001,-6512366.98758302,-9341895.958138364
INSERT,建-窗扇,$WINLIB2D$00000001,-6484918.378482963,-9349565.629478922
INSERT,建-窗扇,$WINLIB2D$00000001,-6486363.042119807,-9349161.962566261
INSERT,建-窗扇,$WINLIB2D$00000001,-6521034.969404091,-9339473.956662402
INSERT,建-窗扇,$WINLIB2D$00000001,-6482029.051209271,-9350372.963304248
INSERT,建-窗扇,$WINLIB2D$00000001,-6483473.714846114,-9349969.296391583
INSERT,建-窗扇,$WINLIB2D$00000001,-6506588.333035639,-9343510.62578901
INSERT,建-窗扇,$WINLIB2D$00000001,-6510922.32394617,-9342299.625051023
INSERT,建-窗扇,$WINLIB2D$00000001,-6518145.6421304,-9340281.290487721
INSERT,建-窗扇,$WINLIB2D$00000001,-6519590.305767243,-9339877.623575061
INSERT,建-窗扇,$WINLIB2D$00000001,-6522479.633040934,-9339070.28974974
INSERT,建-窗扇,$WINLIB2D$00000001,-6523924.296677782,-9338666.622837083
INSERT,建-窗扇,$WINLIB2D$00000001,-6525368.960314623,-9338262.955924419
INSERT,建-窗扇,$WINLIB2D$00000001,-6526813.623951469,-9337859.289011758
INSERT,建-窗扇,$WINLIB2D$00000001,-6685800.564095858,-9334967.427422011
INSERT,建-窗扇,$WINLIB2D$00000001,-6684355.900459011,-9335371.094334673
INSERT,建-窗扇,$WINLIB2D$00000001,-6681466.57318532,-9336178.428159993
INSERT,建-窗扇,$WINLIB2D$00000001,-6680021.909548473,-9336582.095072655
INSERT,建-窗扇,$WINLIB2D$00000001,-6678577.245911634,-9336985.761985317
INSERT,建-窗扇,$WINLIB2D$00000001,-6675736.074092502,-9337779.64024688
INSERT,建-窗扇,$WINLIB2D$00000001,-6672798.591364252,-9338600.429635961
INSERT,建-窗扇,$WINLIB2D$00000001,-6671353.927727405,-9339004.096548622
INSERT,建-窗扇,$WINLIB2D$00000001,-6668464.600453715,-9339811.430373938
INSERT,建-窗扇,$WINLIB2D$00000001,-6667019.93681687,-9340215.097286607
INSERT,建-窗扇,$WINLIB2D$00000001,-6664130.609543179,-9341022.431111925
INSERT,建-窗扇,$WINLIB2D$00000001,-6660470.794996505,-9342045.053957329
INSERT,建-窗扇,$WINLIB2D$00000001,-6691579.218643235,-9333352.75977137
INSERT,建-窗扇,$WINLIB2D$00000001,-6690134.555006395,-9333756.426684029
INSERT,建-窗扇,$WINLIB2D$00000001,-6655462.627722106,-9343444.432587892
INSERT,建-窗扇,$WINLIB2D$00000001,-6688689.891369547,-9334160.09359669
INSERT,建-窗扇,$WINLIB2D$00000001,-6687245.227732702,-9334563.760509352
INSERT,建-窗扇,$WINLIB2D$00000001,-6676410.250456363,-9337591.262354306
INSERT,建-窗扇,$WINLIB2D$00000001,-6677084.426820226,-9337402.884461734
INSERT,建-窗扇,$WINLIB2D$00000001,-6662685.945906335,-9341426.098024589
INSERT,建-窗扇,$DorLib2D$00000001,-6500401.686727027,-9355834.838867249
INSERT,建-窗扇,$DorLib2D$00000001,-6498379.172049618,-9356399.968517383
INSERT,建-窗扇,$WINLIB2D$00000001,-6505073.143126515,-9385466.158195896
INSERT,建-窗扇,$WINLIB2D$00000001,-6493586.360304028,-9347143.628002955
INSERT,建-窗扇,$DorLib2D$00000001,-6539915.025027219,-9374900.020509002
INSERT,I-FURN,ATM,-6542414.140969555,-9372696.178498348
INSERT,I-FURN,ATM,-6542010.474056779,-9371251.514861535
INSERT,I-FURN,ATM,-6541431.884815136,-9369180.830315436
INSERT,I-FURN,ATM,-6541028.217902363,-9367736.166678623
INSERT,KbhRt主线_右线xl,门式闸机,-6608641.996226784,-9345884.405218036
INSERT,KbhRt主线_右线xl,门式闸机,-6609316.17259061,-9345696.027325351
INSERT,KbhRt主线_右线xl,门式闸机,-6609990.348954441,-9345507.649432663
INSERT,KbhRt主线_右线xl,门式闸机,-6610664.525318269,-9345319.271539967
INSERT,KbhRt主线_右线xl,门式闸机,-6611338.701682099,-9345130.893647278
INSERT,KbhRt主线_右线xl,门式闸机,-6612012.878045927,-9344942.515754592
INSERT,KbhRt主线_右线xl,门式闸机,-6612687.054409761,-9344754.137861897
INSERT,KbhRt主线_右线xl,门式端机,-6613361.230773586,-9344565.759969208
INSERT,KbhRt主线_右线xl,门式闸机,-6606619.467135296,-9346449.538896107
INSERT,KbhRt主线_右线xl,门式闸机,-6607293.643499124,-9346261.161003416
INSERT,KbhRt主线_右线xl,门式闸机,-6607967.819862953,-9346072.783110727
INSERT,建-柱-平面-混凝土柱,_FZH,-6598494.795801347,-9318115.729241506
INSERT,建-柱-平面-混凝土柱,_FZH,-6590982.54473346,-9320214.796627999
INSERT,建-柱-平面-混凝土柱,_FZH,-6583470.293665554,-9322313.864014498
INSERT,建-柱-平面-混凝土柱,_FZH,-6579734.351925367,-9323435.630764331
INSERT,0,$PLAN$00001584,6604140.536378979,-9348350.387322239
INSERT,KbhRt主线_右线xl,dasddddss,4279851.070820398,-10395696.71273615
INSERT,KbhRt主线_右线xl,dasddddss,4278849.437367876,-10395416.83698559
INSERT,KbhRt主线_右线xl,dasddddss,4281854.33772957,-10396256.46419432
INSERT,KbhRt主线_右线xl,dasddddss,4280852.7042666,-10395976.58855216
INSERT,ZX-铺地,dfghfhjfgjfguj,-8550039.020353557,-5044122.52122069
INSERT,STEEL,SHUCHI,-6678640.711210199,-9225815.297598932
INSERT,STEEL,SHUCHI,-6683875.685334482,-9237463.88097342
INSERT,STEEL,SHUCHI,-6677062.737998938,-9226524.452408936
INSERT,STEEL,SHUCHI,-6682297.71212322,-9238173.035783425
INSERT,STEEL,SHUCHI,-6675270.565066851,-9226756.981499757
INSERT,STEEL,SHUCHI,-6680505.539191138,-9238405.56487425
INSERT,STEEL,SHUCHI,-6673692.591855592,-9227466.136309764
INSERT,STEEL,SHUCHI,-6678927.565979877,-9239114.719684256
INSERT,0,龙阳路站平剖面图0625$0$FASFSFD,7015723.071033687,-9692859.123308029
INSERT,0,4234,-6877400.881228397,-10116446.35059493
INSERT,COLUMN,_FZHK,-6562438.073787424,-9238504.235696659
INSERT,COLUMN,_FZHK,-6570673.959679176,-9236851.908980165
INSERT,COLUMN,_FZHK,-6587145.731462681,-9233547.255547177
INSERT,COLUMN,_FZHK,-6595381.617354433,-9231894.928830687
INSERT,COLUMN,_FZHK,-6628325.160921442,-9225285.621964715
INSERT,COLUMN,_FZHK,-6636561.046813194,-9223633.29524822
INSERT,COLUMN,_FZHK,-6569631.420203294,-9231655.457167514
INSERT,COLUMN,_FZHK,-6586103.191986799,-9228350.803734526
INSERT,COLUMN,_FZHK,-6594339.077878551,-9226698.477018036
INSERT,COLUMN,_FZHK,-6627282.62144556,-9220089.170152059
INSERT,COLUMN,_FZHK,-6635518.507337312,-9218436.84343557
INSERT,COLUMN,_FZHK,-6561395.534311543,-9233307.783884006
INSERT,COLUMN,_FZHK,-6628325.160921442,-9225285.621964715
INSERT,COLUMN,_FZHK,-6653032.818596702,-9220328.641815237
INSERT,COLUMN,_FZHK,-6661268.70448845,-9218676.315098736
INSERT,COLUMN,_FZHK,-6651990.279120818,-9215132.190002583
INSERT,COLUMN,_FZHK,-6660226.165012572,-9213479.863286089
INSERT,COLUMN,_FZHK,-6627282.62144556,-9220089.170152059
INSERT,COLUMN,_FZHK,-6635518.507337312,-9218436.84343557
INSERT,建-柱-平面-混凝土柱,_FZH,-6579734.346890581,-9323435.623342401
INSERT,KbhRt主线_右线xl,dasddddss,4315806.214449548,-10381395.08751691
INSERT,KbhRt主线_右线xl,dasddddss,4316807.847904425,-10381674.96324303
INSERT,KbhRt主线_右线xl,dasddddss,4314804.580994672,-10381115.2117908
INSERT,0S-SBEAM-LINE,daddsasaddd,-6465131.98157347,-9247691.363924868
INSERT,0S-DETL-TEXT,ssdddsddgfdd,-6511208.938593239,-9376169.014567024
INSERT,COLUMN,_FZHK,-6630414.17398444,-9235698.134842158
INSERT,COLUMN,_FZHK,-6630414.17398444,-9235698.134842158
INSERT,COLUMN,_FZHK,-6630414.172564333,-9235698.127762814
INSERT,COLUMN,_FZHK,-6630414.172564333,-9235698.127762814
INSERT,COLUMN,_FZHK,-6630414.17398444,-9235698.134842161
INSERT,COLUMN,_FZHK,-6630414.17398444,-9235698.134842161
INSERT,A-WIND,$DorLib2D$00000009,6624839.604566473,-9231457.353355651
INSERT,0,闸机,-6618654.527432384,-9233640.915680672
INSERT,0,闸机,-6617870.181507046,-9233798.400503433
INSERT,0,末端闸机,-6614438.66808366,-9234487.396602979
INSERT,0,闸机,-6621007.565208421,-9233168.46121247
INSERT,0,闸机,-6620223.219283083,-9233325.946035206
INSERT,0,闸机,-6619438.873357738,-9233483.430857956
INSERT,0,末端闸机,-6618360.397710386,-9233699.972489255
INSERT,0,双向闸机（宽）,-6623218.50262968,-9232724.755156819
INSERT,0,末端闸机,-6621747.854019774,-9233020.039200086
INSERT,0,闸机,-6617085.835581693,-9233955.885326182
INSERT,0,闸机,-6616301.489656356,-9234113.370148923
INSERT,0,闸机,-6615517.143731015,-9234270.854971667
INSERT,S_STAIR,ANJIAN,-7581423.257238553,-7890422.617799505
INSERT,0,末端闸机,-6628625.2906011,-9210541.089763633
INSERT,0,闸机,-6626761.943247617,-9210912.487986911
INSERT,0,闸机,-6627546.510554347,-9210756.109787631
INSERT,0,闸机,-6632484.343811503,-9209822.898600977
INSERT,0,闸机,-6631699.77650477,-9209979.276800263
INSERT,0,末端闸机,-6630905.435560594,-9210086.619542869
INSERT,A-WIND,$DorLib2D$00000009,6630048.421984183,-9211199.021518206
INSERT,KbhRt主线_右线xl,dddddd,-6699698.76126157,-9308884.063652552
INSERT,A-EQPM,M_E13,6653731.78016922,-9343381.280028273
INSERT,A-EQPM,M_E2,-6653488.591375772,-9341581.959885886
INSERT,A-EQPM,M_E13,6653492.271134374,-9342524.112937079
INSERT,A-EQPM,M_E13,6657969.460070249,-9342197.190445835
INSERT,A-EQPM,M_E2,-6656983.678748514,-9339598.209958522
INSERT,A-EQPM,M_E2,-6657244.716731193,-9340532.425941004
INSERT,A-EQPM,M_E13,6657729.951035394,-9341340.023354641
INSERT,A-EQPM,M_E2,-6656746.860826419,-9338750.673958239
INSERT,A-EQPM,M_E13,6658162.081988875,-9342143.368162764
INSERT,A-EQPM,M_E2,-6657657.855212751,-9339409.832037899
INSERT,A-EQPM,M_E2,-6657918.89319543,-9340344.048020382
INSERT,A-EQPM,M_E13,6657922.572954024,-9341286.20107157
INSERT,A-EQPM,M_E2,-6657421.037290654,-9338562.296037622
INSERT,A-EQPM,A$C6385187F,-6656315.353126704,-9336672.482350994
INSERT,A-EQPM,A$C6385187F,-6656503.731019284,-9337346.65871486
INSERT,A-EQPM,A$C6385187F,-6656250.102656992,-9336438.960657929
INSERT,A-EQPM,A$C6385187F,-6656712.778643322,-9336561.433988444
INSERT,A-EQPM,A$C6385187F,-6656901.156535897,-9337235.610352307
INSERT,A-EQPM,A$C6385187F,-6656647.52817361,-9336327.912295383
INSERT,A-EQPM,M_E13,6661669.717182048,-9341294.730361159
INSERT,A-EQPM,M_E13,6662526.884273242,-9341055.221326309
INSERT,A-EQPM,A$C6385187F,-6660319.49472172,-9337578.340635987
INSERT,A-EQPM,A$C6385187F,-6660507.872614303,-9338252.516999848
INSERT,A-EQPM,M_E13,6664858.38123548,-9340282.675905688
INSERT,A-EQPM,M_E2,-6653227.553393098,-9340647.743903408
INSERT,A-EQPM,M_E2,-6652990.735471,-9339800.207903129
INSERT,A-EQPM,M_E13,6653586.415499919,-9338030.326034141
INSERT,A-EQPM,$PLAN$00001610,-6661062.09713946,-9341374.139884033
INSERT,A-EQPM,$PLAN$00001610,-6660887.174810643,-9340748.118974733
INSERT,A-EQPM,$PLAN$00001610,-6660712.252481817,-9340122.09806543
INSERT,A-EQPM,$PLAN$00001610,-6660537.330152993,-9339496.077156132
INSERT,A-EQPM,$PLAN$00001610,-6660362.407778899,-9338870.056259491
INSERT,A-EQPM,$PLAN$00001610,-6660187.485404803,-9338244.035362835
INSERT,A-EQPM,$PLAN$00001610,-6660012.563084534,-9337618.014451148
INSERT,A-EQPM,$PLAN$00001610,-6664624.75855195,-9339446.430223976
INSERT,C-AXIS,_AXISO,-6700184.643366075,-9296891.867463383
INSERT,C-AXIS,_AXISO,-6475291.523541267,-9390880.466535119
INSERT,C-AXIS,_AXISO,-6470662.80960949,-9374314.99016594
INSERT,C-AXIS,_AXISO,-6467218.185288165,-9361987.19379818
INSERT,C-AXIS,_AXISO,-6641334.498395134,-9353637.503083225
INSERT,C-AXIS,_AXISO,-6681303.525681224,-9342469.385166422
INSERT,C-AXIS,_AXISO,-6655010.64749062,-9349816.122976752
INSERT,C-AXIS,_AXISO,-6653373.362035523,-9350273.612144432
INSERT,C-AXIS,_AXISO,-6629295.634754742,-9357001.394022015
INSERT,C-AXIS,_AXISO,-6600402.36201781,-9365074.732275123
INSERT,C-AXIS,_AXISO,-6571509.089280874,-9373148.070528229
INSERT,C-AXIS,_AXISO,-6544253.10199903,-9380763.919613659
INSERT,C-AXIS,_AXISO,-6542615.81654394,-9381221.408781337
INSERT,C-AXIS,_AXISO,-6513722.543807002,-9389294.747034441
INSERT,C-AXIS,_AXISO,-6485021.892888312,-9397314.263032527
INSERT,C-AXIS,_AXISO,-6708257.981619184,-9325785.140200324
INSERT,C-AXIS,_AXISO,-6703629.2676874,-9309219.663831143
INSERT,C-AXIS,_AXISO,-6705381.2534155,-9335741.603162125
INSERT,ARGRID,A1034D1,-6708540.073521121,-9231012.444200008
INSERT,ARGRID,A1034D1,-6451277.208241328,-9301036.037658727
INSERT,ARGRID,A1034D1,-6718005.444180024,-9265348.305681321
INSERT,ARGRID,A1034D1,-6460972.157327447,-9336204.700449167
INSERT,ARGRID,A1034D1,-6683427.426686247,-9284624.256451186
INSERT,ARGRID,A1034D1,-6716862.688980111,-9261202.933496216
INSERT,ARGRID,A1034D1,-6715706.645929039,-9257009.35930895
INSERT,ARGRID,A1034D1,-6714763.208496558,-9253587.017156128
INSERT,ARGRID,A1034D1,-6713952.649575689,-9250646.695024828
INSERT,ARGRID,A1034D1,-6710609.293344882,-9238518.589263257
INSERT,ARGRID,A1034D1,-6711552.730777367,-9241940.931416074
INSERT,ARGRID,A1034D1,-6711552.730777367,-9241940.931416074
INSERT,ARGRID,A1034D1,-6712363.289698235,-9244881.253547376
INSERT,ARGRID,A1034D1,-6709453.250293809,-9234325.015075993
INSERT,ARGRID,A1034D1,-6659550.082900023,-9291206.526402667
INSERT,ARGRID,A1034D1,-6671488.754793134,-9287915.391426928
INSERT,ARGRID,A1034D1,-6649009.265331231,-9294112.314725742
INSERT,ARGRID,A1034D1,-6646213.549206386,-9294883.010093121
INSERT,ARGRID,A1034D1,-6647611.41124308,-9294497.661313842
INSERT,ARGRID,A1034D1,-6635672.739113791,-9297788.796354147
INSERT,ARGRID,A1034D1,-6623734.067220674,-9301079.931329891
INSERT,ARGRID,A1034D1,-6611795.39532756,-9304371.066305632
INSERT,ARGRID,A1034D1,-6599856.723434448,-9307662.201281374
INSERT,ARGRID,A1034D1,-6586520.189740813,-9311338.684971829
INSERT,ARGRID,A1034D1,-6589315.905865653,-9310567.989604448
INSERT,ARGRID,A1034D1,-6587918.051777507,-9310953.336192552
INSERT,ARGRID,A1034D1,-6575979.379648215,-9314244.471232857
INSERT,ARGRID,A1034D1,-6564040.707755099,-9317535.6062086
INSERT,ARGRID,A1034D1,-6552102.035861986,-9320826.741184339
INSERT,ARGRID,A1034D1,-6540163.363968871,-9324117.876160084
INSERT,ARGRID,A1034D1,-6529622.546400079,-9327023.664483158
INSERT,ARGRID,A1034D1,-6526826.830275236,-9327794.359850535
INSERT,ARGRID,A1034D1,-6528224.69231193,-9327409.011071257
INSERT,ARGRID,A1034D1,-6516286.020182644,-9330700.146111567
INSERT,ARGRID,A1034D1,-6504347.348289526,-9333991.281087305
INSERT,ARGRID,A1034D1,-6492408.67639641,-9337282.416063048
INSERT,ARGRID,A1034D1,-6480470.004503294,-9340573.551038785
INSERT,ARGRID,A1034D1,-6459829.402127535,-9332059.328264058
INSERT,ARGRID,A1034D1,-6458673.359076467,-9327865.754076796
INSERT,ARGRID,A1034D1,-6457729.921643982,-9324443.41192397
INSERT,ARGRID,A1034D1,-6456919.362723112,-9321503.089792672
INSERT,ARGRID,A1034D1,-6453576.006492312,-9309374.984031098
INSERT,ARGRID,A1034D1,-6454519.443924791,-9312797.326183924
INSERT,ARGRID,A1034D1,-6454519.443924791,-9312797.326183924
INSERT,ARGRID,A1034D1,-6455330.002845658,-9315737.64831522
INSERT,ARGRID,A1034D1,-6452419.963441236,-9305181.409843836
INSERT,AXIS,_AXISO,-6648776.371644474,-9125581.96181699
INSERT,AXIS,_AXISO,-6641454.102875534,-9127205.039164334
INSERT,AXIS,_AXISO,-6636084.43911165,-9128395.295885713
INSERT,AXIS,_AXISO,-6630226.624096499,-9129693.757763591
INSERT,AXIS,_AXISO,-6622904.355327563,-9131316.835110931
INSERT,AXIS,_AXISO,-6615093.935307363,-9133048.117614757
INSERT,AXIS,_AXISO,-6607283.515287164,-9134779.40011859
INSERT,AXIS,_AXISO,-6599473.095266967,-9136510.682622427
INSERT,AXIS,_AXISO,-6591662.675246765,-9138241.965126255
INSERT,AXIS,_AXISO,-6583852.255226567,-9139973.247630086
INSERT,AXIS,_AXISO,-6576041.835206366,-9141704.530133917
INSERT,AXIS,_AXISO,-6568231.41518617,-9143435.812637747
INSERT,AXIS,_AXISO,-6560420.995165967,-9145167.095141578
INSERT,AXIS,_AXISO,-6554254.598783298,-9154315.142444804
INSERT,AXIS,_AXISO,-6546444.1787631,-9156046.424948637
INSERT,AXIS,_AXISO,-6538633.758742894,-9157777.707452465
INSERT,AXIS,_AXISO,-6523305.809453254,-9161175.349366237
INSERT,AXIS,_AXISO,-6515495.389433059,-9162906.631870061
INSERT,AXIS,_AXISO,-6507684.969412856,-9164637.914373898
INSERT,AXIS,_AXISO,-6499874.549392663,-9166369.196877726
INSERT,AXIS,_AXISO,-6492064.12937246,-9168100.479381557
INSERT,AXIS,_AXISO,-6484741.860603524,-9169723.5567289
INSERT,AXIS,_AXISO,-6476931.440583325,-9171454.839232728
INSERT,AXIS,_AXISO,-6469121.020563123,-9173186.121736559
INSERT,AXIS,_AXISO,-6461310.600542924,-9174917.404240389
INSERT,AXIS,_AXISO,-6453500.180522726,-9176648.686744224
INSERT,AXIS,_AXISO,-6445689.76050253,-9178379.969248057
INSERT,AXIS,_AXISO,-6437391.189231069,-9180219.456908375
INSERT,AXIS,_AXISO,-6430068.920462131,-9181842.534255716
INSERT,AXIS,_AXISO,-6422258.50044193,-9183573.816759549
INSERT,AXIS,_AXISO,-6414448.080421729,-9185305.099263375
INSERT,AXIS,_AXISO,-6407613.96290406,-9186819.97145423
INSERT,AXIS,_AXISO,-6401267.996637643,-9188226.638488595
INSERT,AXIS,_AXISO,-6394922.030371227,-9189633.305522956
INSERT,AXIS,_AXISO,-6660394.297374949,-9152197.932674411
INSERT,AXIS,_AXISO,-6659204.040653569,-9146828.268910526
INSERT,AXIS,_AXISO,-6662331.167055218,-9160935.840652964
INSERT,AXIS,_AXISO1,-6662028.195237941,-9159569.016568473
INSERT,AXIS,_AXISO2,-6661919.990081453,-9159080.865317214
INSERT,AXIS,_AXISO,-6657267.168352404,-9138090.361512928
INSERT,AXIS,_AXISO2,-6657570.142790574,-9139457.185016457
INSERT,AXIS,_AXISO1,-6657678.347947068,-9139945.336267725
INSERT,AXIS,_AXISO,-6390897.588361914,-9206301.929138295
INSERT,AXIS,_AXISO,-6388960.716060753,-9197564.021740697
INSERT,AXIS,_AXISO2,-6389263.690498922,-9198930.845244225
INSERT,AXIS,_AXISO1,-6389371.895655415,-9199418.996495497
INSERT,AXIS,_AXISO,-6391362.870534821,-9208400.979518721
INSERT,AXIS,_AXISO,-6656910.091335991,-9136479.462383762
INSERT,AXIS,_AXISO,-6655470.962754684,-9129987.050741968
INSERT,AXIS,_AXISO,-6392596.40932119,-9213965.903793923
INSERT,AXIS,_AXISO,-6390453.94722031,-9204300.509008119
INSERT,AXIS,_AXISO,-6393613.537789796,-9218554.525544982
INSERT,AXIS,_AXISO,-6530824.315025204,-9159508.773545985
INSERT,AXIS,_AXISO,-6710242.64551261,-9227908.076274443
INSERT,AXIS,_AXISO,-6707301.257737944,-9228498.193177305
INSERT,AXIS,_AXISO,-6698575.1406731,-9230248.873322462
INSERT,AXIS,_AXISO,-6690241.208644879,-9231920.871213903
INSERT,AXIS,_AXISO,-6684358.433095545,-9233101.105019628
INSERT,AXIS,_AXISO,-6673181.159551814,-9235343.549250508
INSERT,AXIS,_AXISO,-6664945.273782746,-9236995.876578518
INSERT,AXIS,_AXISO,-6656709.388013682,-9238648.203906533
INSERT,AXIS,_AXISO,-6648473.502244614,-9240300.531234543
INSERT,AXIS,_AXISO,-6640237.61647555,-9241952.858562557
INSERT,AXIS,_AXISO,-6716825.566235415,-9214825.92542595
INSERT,AXIS,_AXISO,-6715415.186837574,-9207796.008644498
INSERT,AXIS,_AXISO,-6714372.646975854,-9202599.556909252
INSERT,AXIS,_AXISO,-6712962.26757801,-9195569.640127798
INSERT,AXIS,_AXISO,-6711388.622503713,-9187725.939395356
INSERT,AXIS,_AXISO,-6709618.271795127,-9178901.776071356
INSERT,AXIS,_AXISO,-6707651.215452251,-9169097.150155804
INSERT,AXIS,_AXISO,-6706766.040097958,-9164685.068493806
INSERT,AXIS,_AXISO,-6468635.352743031,-9264619.169746962
INSERT,AXIS,_AXISO,-6467224.973345191,-9257589.252965505
INSERT,AXIS,_AXISO,-6466182.433483468,-9252392.801230262
INSERT,AXIS,_AXISO,-6464772.05408563,-9245362.884448807
INSERT,AXIS,_AXISO,-6463198.409011331,-9237519.183716369
INSERT,AXIS,_AXISO,-6459461.001959875,-9218890.394476813
INSERT,AXIS,_AXISO,-6458575.82660558,-9214478.312814813
INSERT,AXIS,_AXISO,-6632001.730706486,-9243605.185890572
INSERT,AXIS,_AXISO,-6623765.84493742,-9245257.513218584
INSERT,AXIS,_AXISO,-6615529.959168355,-9246909.840546601
INSERT,AXIS,_AXISO,-6607294.073399287,-9248562.167874615
INSERT,AXIS,_AXISO,-6599058.187630222,-9250214.495202625
INSERT,AXIS,_AXISO,-6590822.301861159,-9251866.822530638
INSERT,AXIS,_AXISO,-6582586.416092091,-9253519.149858654
INSERT,AXIS,_AXISO,-6574350.530323028,-9255171.477186669
INSERT,AXIS,_AXISO,-6566114.644553959,-9256823.804514683
INSERT,AXIS,_AXISO,-6557878.758784895,-9258476.131842693
INSERT,AXIS,_AXISO,-6549642.873015828,-9260128.459170712
INSERT,AXIS,_AXISO,-6545034.698835518,-9261052.975651859
INSERT,AXIS,_AXISO,-6539151.923286188,-9262233.209457582
INSERT,AXIS,_AXISO,-6534249.610328408,-9263216.737629022
INSERT,AXIS,_AXISO,-6528366.834779074,-9264396.971434747
INSERT,AXIS,_AXISO,-6520032.902750854,-9266068.969326187
INSERT,AXIS,_AXISO,-6515130.589793074,-9267052.497497628
INSERT,AXIS,_AXISO,-6508757.582947967,-9268331.084120493
INSERT,AXIS,_AXISO,-6500619.743438055,-9269963.740885078
INSERT,AXIS,_AXISO,-6495521.337961966,-9270986.610183367
INSERT,AXIS,_AXISO,-6488658.099821077,-9272363.549623381
INSERT,AXIS,_AXISO,-6481794.861680193,-9273740.489063392
INSERT,AXIS,_AXISO,-6460641.235765593,-9224773.170026148
INSERT,AXIS,_AXISO,-6461821.46957132,-9230655.945575479
INSERT,E-LT-LITE1,E-SK-001,-6599301.973794085,-9318114.36729316
INSERT,E-LT-LITE1,E-SK-001,-6598915.579448195,-9318221.689312503
INSERT,WINDOW,$DorLib2D$00000002,-6581445.580792707,-9246542.390729782
INSERT,0,dfdgdfhh,-6776126.611127217,-9412440.96942793
INSERT,COLUMN,_FZHK,-6553157.4966515,-9234943.400184141
INSERT,COLUMN,_FZHK,-6553157.4966515,-9234943.400184141
INSERT,MPFIXTURE,A1088D2A,-6622889.199481354,-9275176.123022761
INSERT,MPFIXTURE,A1088D2A,-6622650.0182248,-9274308.486966246
INSERT,MPFIXTURE,A1088D2A,-6623128.390293811,-9276043.309085542
INSERT,ARDOOR,AUD01D1S,6622093.612668699,-9277106.542663497
INSERT,MPFIXTURE,A1088D2A,6621868.692786716,-9271474.209181659
INSERT,MPFIXTURE,A1088D2A,6622107.874043262,-9272341.845238161
INSERT,MPFIXTURE,A1088D2A,6621629.511530167,-9270606.573125196
INSERT,MPFIXTURE,A1088D2A,-6622410.836968259,-9273440.850909791
INSERT,MPFIXTURE,A1138DAA,6621268.629949376,-9269598.531765664
INSERT,MPFIXTURE,A1138DAA,6621082.600083622,-9268923.703721592
INSERT,MPFIXTURE,A1163D1A,6617277.969498262,-9272062.563650759
INSERT,MPFIXTURE,A1138DAB,6617868.503612357,-9272894.091618423
INSERT,MPFIXTURE,A1163D1A,6617646.928995088,-9273400.973555689
INSERT,MPFIXTURE,A1163D1A,6617461.553768938,-9272728.520235116
INSERT,MPFIXTURE,A1163D1A,6617088.882417647,-9271376.645484258
INSERT,MPFIXTURE,A1088D2A,6622107.873699522,-9272341.845332659
INSERT,MPFIXTURE,A1088D2A,6621868.692442975,-9271474.209276156
INSERT,MPFIXTURE,A1088D2A,6621629.511186425,-9270606.5732197
INSERT,MPFIXTURE,A1088D2A,-6622410.836624524,-9273440.851004288
INSERT,MPFIXTURE,A1163D1A,6618933.0742,-9273631.4132085
INSERT,MPFIXTURE,A1163D1A,6619612.344309222,-9273443.640176253
INSERT,MPFIXTURE,A1088D2A,-6622650.017881056,-9274308.487060745
INSERT,ARDOOR,AUD01D1S,6622093.612324959,-9277106.542757989
INSERT,MPFIXTURE,A1138DAB,6623352.917397205,-9279563.733601372
INSERT,MPFIXTURE,A1138DAB,6622454.948619066,-9279450.937073546
INSERT,MPFIXTURE,A1138DAA,-6622196.805747738,-9279953.891192274
INSERT,MPFIXTURE,A1138DAA,-6621525.854579231,-9280138.852320094
INSERT,MPFIXTURE,A1138DAA,-6620851.026535286,-9280324.882186304
INSERT,MPFIXTURE,A1138DAA,-6620176.198491365,-9280510.912052514
INSERT,MPFIXTURE,A1064D1A,-6623787.844619873,-9279564.833828738
INSERT,MPFIXTURE,A1088D2A,6618710.971824651,-9277260.815908173
INSERT,MPFIXTURE,A1088D2A,6618472.100323109,-9276394.303495843
INSERT,MPFIXTURE,A1088D2A,6618232.919066567,-9275526.667439349
INSERT,MPFIXTURE,A1088D2A,6617993.737810023,-9274659.031382883
INSERT,LVTRY,_LV5,6620548.256885975,-9266684.306725029
INSERT,LVTRY,_LV8,-6620727.662854087,-9267335.106469609
INSERT,LVTRY,M_E11,6616482.041662683,-9267286.382855422
INSERT,LVTRY,_LV5,6618631.851013319,-9266693.744285122
INSERT,LVTRY,_LV3,6617348.842396324,-9267099.354897302
INSERT,MPFIXTURE,A1138DAB,6619247.421428016,-9266663.815473529
INSERT,0-修改新增,A$C36A4015A,-6534659.331677573,-9264829.549458511
INSERT,0-修改新增,A$C446C65A0,-6576295.495839511,-9261452.187155027
INSERT,0-导向定位-悬挂,A$C5C800014,-6628223.454275179,-9232900.076449775
INSERT,导向定位-吸墙,AB-PING,-6636960.520693784,-9231109.269484614
INSERT,0-导向定位-悬挂,A$C68E935BE,-6543425.434467359,-9275644.249529426
INSERT,0-导向定位-悬挂,A$C217E3290,-6531243.203194894,-9276388.849674027
INSERT,0-导向定位-悬挂,A$C321A1F37,-6593440.248943423,-9327924.974300668
INSERT,导向定位-吸墙,AB-PING,-6598427.170540133,-9355435.68541037
INSERT,EECOMM,A$C2EC20988,-6581391.177640774,-9359788.18877572
INSERT,COLUMN,_FZHK,-6556300.34743867,-9250565.380852796
INSERT,COLUMN,_FZHK,-6548055.315311199,-9252221.403230333
INSERT,ARDOOR,AUD02D1S,6563317.970043353,-9245813.968216255
INSERT,COLUMN,_FZHK,-6633220.361968891,-9206995.361982837
INSERT,WINDOW,$DORLIB2D$00000127,-6689453.115441409,-9317197.102999388
INSERT,WINDOW,$DORLIB2D$00000127,-6690102.652200883,-9319521.69812412
INSERT,建-墙体－砖墙,1111,-6593047.116151218,-9336274.290701901
INSERT,建-墙体－砖墙,1111,-6792193.98404467,-9296320.399324361
INSERT,COLUMN,_FZHK,-6678155.181153146,-9202187.502805177
INSERT,尺寸标注层,dfgdgh56j56767kk,-7694313.671075627,-8598029.098513633
INSERT,KbhRt主线_右线xl,saasssddd,-6586131.577663678,-9237310.656522019
INSERT,ZX-铺地,dfghfhjfgjfguj,-8546187.702578343,-4985844.378345169
INSERT,建-墙体－砖墙,khjgjfyu,2140814.892514975,-11782708.56335033
INSERT,建-柱-平面-混凝土柱,_FZH,-6554069.545724054,-9371490.083729089
INSERT,建-柱-平面-混凝土柱,_FZH,-6545979.429357723,-9373750.618439997
INSERT,AXIS,a  fgsd,-6635920.308908249,-9557673.791832371
INSERT,AXIS,a  fgsd,-6637917.708472151,-9557571.795351254
INSERT,AXIS,a  fgsd,-6633923.063176316,-9557778.665182517
INSERT,粗实线层,A$C7A240417,-6581402.594826118,-9394396.234433392
INSERT,尺寸标注层,A$C63B34347,-6614543.460246315,-9394167.348645837
INSERT,尺寸标注层,A$C63B34347,-6613916.712578939,-9382083.608466251
INSERT,尺寸标注层,A$C63B34347,-6620535.405928208,-9393856.56424271
INSERT,尺寸标注层,A$C0276304A,-6600103.085177786,-9382661.895661675
INSERT,尺寸标注层,A$C0276304A,-6607917.581000568,-9382256.580944202
INSERT,尺寸标注层,A$C0276304A,-6592288.589131252,-9383067.210391093
INSERT,尺寸标注层,A$C0276304A,-6600729.832891759,-9394745.634963017
INSERT,尺寸标注层,A$C0276304A,-6608544.328716695,-9394340.320304113
INSERT,尺寸标注层,A$C0276304A,-6592915.336839778,-9395150.949633819
INSERT,尺寸标注层,A$C63B34347,-6585305.133915819,-9383567.605963763
INSERT,尺寸标注层,A$C63B34347,-6585931.881583177,-9395651.346143333
INSERT,尺寸标注层,A$C63B34347,-6626527.351610111,-9393545.779839596
INSERT,尺寸标注层,A$C63B34347,-6619908.658260833,-9381772.824063135
INSERT,尺寸标注层,A$C63B34347,-6625900.603942727,-9381462.039660011
INSERT,尺寸标注层,A$C0E8B2CE3,-6577135.068304287,-9395969.388840587
INSERT,尺寸标注层,A$C0E8B2CE3,-6576508.319757998,-9383885.631715427
INSERT,尺寸标注层,A$C0E8B2CE3,-6571642.451429214,-9396254.274543425
INSERT,尺寸标注层,A$C0E8B2CE3,-6571015.702882919,-9384170.517418281
INSERT,尺寸标注层,A$C0E8B2CE3,-6564440.132719613,-9396627.83739603
INSERT,尺寸标注层,A$C0E8B2CE3,-6563813.384173322,-9384544.080270877
INSERT,尺寸标注层,A$C0E8B2CE3,-6557683.537665438,-9396237.753056775
INSERT,尺寸标注层,A$C0E8B2CE3,-6551498.629672216,-9392652.791522408
INSERT,尺寸标注层,A$C0E8B2CE3,-6547830.270973543,-9386504.937573915
INSERT,尺寸标注层,A$C0E8B2CE3,6559022.670472358,-9383075.529179929
INSERT,TEXT_消防,单栓,-3785466.927533665,-10776277.77786023
INSERT,TEXT_消防,单栓,-9516369.405895511,-7978192.302246811
INSERT,0,A$C313A33C1,-6654364.271098661,-9393678.690404339
INSERT,0,dfsdjj,-6397504.445934369,-8678050.614850707
INSERT,建-窗扇,$DorLib2D$00000001,-6682358.859625592,-9335098.462939361
INSERT,建-柱-平面-混凝土柱,_FZH,-6649204.540593679,-9344829.656572722
INSERT,建-柱-平面-混凝土柱,_FZH,-6644388.995137012,-9346175.212946423
INSERT,建-柱-平面-混凝土柱,_FZH,-6641182.763026652,-9347148.968898652
INSERT,建-柱-平面-混凝土柱,_FZH,-6633285.268477703,-9349355.68135152
INSERT,建-窗扇,$WINLIB2D$00000001,-6685800.564101347,-9334967.427442048
INSERT,建-窗扇,$WINLIB2D$00000001,-6684355.900464347,-9335371.09435416
INSERT,建-窗扇,$WINLIB2D$00000001,-6681466.573190347,-9336178.428178378
INSERT,建-窗扇,$WINLIB2D$00000001,-6680021.909553349,-9336582.095090488
INSERT,建-窗扇,$WINLIB2D$00000001,-6678577.245916351,-9336985.762002599
INSERT,建-窗扇,$WINLIB2D$00000001,-6675736.074096922,-9337779.640263081
INSERT,建-窗扇,$WINLIB2D$00000001,-6672798.591368354,-9338600.429651039
INSERT,建-窗扇,$WINLIB2D$00000001,-6671353.927731352,-9339004.096563147
INSERT,建-窗扇,$WINLIB2D$00000001,-6668464.600457358,-9339811.430387367
INSERT,建-窗扇,$WINLIB2D$00000001,-6667019.936820357,-9340215.097299475
INSERT,建-窗扇,$WINLIB2D$00000001,-6664130.609546358,-9341022.431123699
INSERT,建-窗扇,$WINLIB2D$00000001,-6660470.794999293,-9342045.053967709
INSERT,建-窗扇,$WINLIB2D$00000001,-6690134.555012344,-9333756.426705718
INSERT,建-窗扇,$WINLIB2D$00000001,-6655462.627724362,-9343444.432596355
INSERT,建-窗扇,$WINLIB2D$00000001,-6688689.891375344,-9334160.093617828
INSERT,建-窗扇,$WINLIB2D$00000001,-6687245.227738347,-9334563.760529942
INSERT,建-窗扇,$WINLIB2D$00000001,-6676410.250460851,-9337591.262370764
INSERT,建-窗扇,$WINLIB2D$00000001,-6677084.426824785,-9337402.884478446
INSERT,建-窗扇,$WINLIB2D$00000001,-6662685.945909357,-9341426.098035809
INSERT,WINDOW,$DorLib2D$00000231,-6702732.009569587,-9339868.569291837
INSERT,WINDOW,$DorLib2D$00000231,-6702870.853531215,-9338124.138287811
INSERT,WINDOW,$DorLib2D$00000222,6703306.582084601,-9349692.808729333
INSERT,STAIR,轴网$0$龙阳路站平剖面图0625$0$A$C6DF77E91,6649527.255937441,-9349919.453095917
INSERT,STAIR,轴网$0$龙阳路站平剖面图0625$0$A$C6DF77E91,-6650007.035162616,-9351636.511337655
INSERT,STAIR,轴网$0$楼扶梯后端,-6656717.194673835,-9350631.815970167
INSERT,粗实线层,A$C027A6B0C,-6646345.533510291,-9358565.592787838
INSERT,粗实线层,A$C027A6B0C,-6635558.711031169,-9361579.636716763
INSERT,粗实线层,A$C027A6B0C,-6658608.801568929,-9355138.998921884
INSERT,粗实线层,A$C027A6B0C,-6663328.036115955,-9353820.353673851
INSERT,粗实线层,A$C027A6B0C,-6668978.597154199,-9352241.477822794
INSERT,粗实线层,A$C027A6B0C,-6674757.251701579,-9350626.810172144
INSERT,粗实线层,A$C027A6B0C,-6679091.242639168,-9349415.809530981
INSERT,虚线层,A$C6ECD3C50,-6660970.62099677,-9345383.516784815
INSERT,虚线层,A$C6ECD3C50,-6656251.386449744,-9346702.162032844
INSERT,虚线层,A$C6ECD3C50,-6643988.118391111,-9350128.755898808
INSERT,虚线层,A$C6ECD3C50,-6633201.296569339,-9353142.802180016
INSERT,粗实线层,A$C027A6B0C,-6666621.182035016,-9343804.640933756
INSERT,粗实线层,A$C027A6B0C,-6672399.836582395,-9342189.973283105
INSERT,粗实线层,A$C027A6B0C,-6676733.827492929,-9340978.972545119
INSERT,粗实线层,A$C027A6B0C,-6682994.036585922,-9339229.749256917
INSERT,粗实线层,A$C027A6B0C,-6688098.514769442,-9337803.459498841
INSERT,粗实线层,A$C027A6B0C,-6693202.992952961,-9336377.169740769
INSERT,粗实线层,A$C027A6B0C,-6702801.442764019,-9338996.35471795
INSERT,虚线层,A$C6ECD3C50,-6647585.756087239,-9349123.506465895
INSERT,扶手,A$C5FF30CE1,6694841.938511801,-9343874.032034918
INSERT,扶手,A$C5FF30CE1,6702179.853885414,-9344296.306462533
INSERT,扶手,A$C5FF30CE1,6685806.710875933,-9348364.113468361
INSERT,扶手,A$C5FF30CE1,6694131.150545578,-9344031.334615889
INSERT,COLUMN,_FZH,-6725670.390746826,-9421756.334574869
INSERT,COLUMN,_FZH,-6718688.197036644,-9421257.364642389
INSERT,COLUMN,_FZH,-6726320.477287424,-9412659.533626747
INSERT,COLUMN,_FZH,-6719338.283577244,-9412160.56369427
INSERT,COLUMN,_FZH,-6726970.563828022,-9403562.732678626
INSERT,COLUMN,_FZH,-6719988.370117841,-9403063.762746148
INSERT,COLUMN,_FZH,-6727620.650368621,-9394465.931730506
INSERT,COLUMN,_FZH,-6720638.45665844,-9393966.961798028
INSERT,COLUMN,_FZH,-6728270.736909388,-9385369.130780013
INSERT,COLUMN,_FZH,-6729369.67875976,-9376304.406472781
INSERT,COLUMN,_FZH,-6721489.774429699,-9375741.28326327
INSERT,COLUMN,_FZH,-6730019.765300359,-9367207.60552466
INSERT,COLUMN,_FZH,-6722139.860970298,-9366644.48231515
INSERT,COLUMN,_FZH,-6730669.851840957,-9358110.804576538
INSERT,COLUMN,_FZH,-6722789.947510896,-9357547.681367028
INSERT,COLUMN,_FZH,-6731244.380077494,-9350071.307247389
INSERT,COLUMN,_FZH,-6723364.475747436,-9349508.184037876
INSERT,COLUMN,_FZH,-6731857.208690484,-9341493.170039607
INSERT,COLUMN,_FZH,-6723977.304360424,-9340930.046830095
INSERT,COLUMN,_FZH,-6725023.993328798,-9430839.920317094
INSERT,COLUMN,_FZH,-6718040.854149405,-9430354.361668436
INSERT,COLUMN,_FZH,-6724391.379775124,-9439937.953076524
INSERT,COLUMN,_FZH,-6717408.240595733,-9439452.394427869
INSERT,COLUMN,_FZH,-6723758.766221445,-9449035.985835958
INSERT,COLUMN,_FZH,-6716775.627042056,-9448550.427187301
INSERT,COLUMN,_FZH,-6723126.152667768,-9458134.018595389
INSERT,COLUMN,_FZH,-6716143.013488379,-9457648.459946733
INSERT,COLUMN,_FZH,-6722493.539114092,-9467232.051354821
INSERT,COLUMN,_FZH,-6715510.399934704,-9466746.492706166
INSERT,COLUMN,_FZH,-6714877.786381028,-9475844.525465602
INSERT,COLUMN,_FZH,-6721228.312006743,-9485428.116873686
INSERT,COLUMN,_FZH,-6714245.172827353,-9484942.558225032
INSERT,COLUMN,_FZH,-6720638.705076232,-9493907.643020087
INSERT,COLUMN,_FZH,-6713655.565896844,-9493422.084371433
INSERT,COLUMN,_FZH,-6720049.098145724,-9502387.169166487
INSERT,COLUMN,_FZH,-6713065.958966334,-9501901.610517833
INSERT,COLUMN,_FZH,-6719459.491215214,-9510866.695312889
INSERT,COLUMN,_FZH,-6712476.352035825,-9510381.136664234
INSERT,COLUMN,_FZH,-6718869.884284706,-9519346.22145929
INSERT,COLUMN,_FZH,-6711886.745105314,-9518860.662810636
INSERT,COLUMN,_FZH,-6718280.277354194,-9527825.747605689
INSERT,COLUMN,_FZH,-6711297.138174806,-9527340.188957035
INSERT,COLUMN,_FZH,-6706032.44751377,-9652266.23915994
INSERT,COLUMN,_FZH,-6705318.929530809,-9660769.332850755
INSERT,COLUMN,_FZH,-6704533.593136956,-9669267.827677151
INSERT,COLUMN,_FZH,-6703675.009438896,-9677767.975303465
INSERT,COLUMN,_FZH,-6702741.963424162,-9686278.403991172
INSERT,COLUMN,_FZH,-6701735.542044587,-9694786.390402269
INSERT,COLUMN,_FZH,-6700656.511460977,-9703284.880073658
INSERT,COLUMN,_FZH,-6699506.270169698,-9711764.065947667
INSERT,COLUMN,_FZH,-6698285.684482105,-9720257.729760701
INSERT,COLUMN,_FZH,-6696997.319000294,-9728872.308634967
INSERT,COLUMN,_FZH,-6695713.637811877,-9737269.302986563
INSERT,COLUMN,_FZH,-6682548.897183043,-9836014.708402098
INSERT,COLUMN,_FZH,-6678595.391009156,-9835406.605671725
INSERT,COLUMN,_FZH,-6721288.543199041,-9384870.160849905
INSERT,COLUMN,_FZH,-6721860.92556042,-9476330.084114254
INSERT,COLUMN,_FZH,-6715679.809417539,-9588291.006775815
INSERT,COLUMN,_FZH,-6705504.378041858,-9587583.478459206
INSERT,COLUMN,_FZH,-6715124.885247648,-9596271.737266548
INSERT,COLUMN,_FZH,-6704949.453871967,-9595564.208949934
INSERT,COLUMN,_FZH,-6714535.278317139,-9604751.263412948
INSERT,COLUMN,_FZH,-6704359.846941455,-9604043.735096336
INSERT,COLUMN,_FZH,-6713945.671386626,-9613230.789559347
INSERT,COLUMN,_FZH,-6703770.240010948,-9612523.261242735
INSERT,COLUMN,_FZH,-6713356.064456119,-9621710.315705746
INSERT,COLUMN,_FZH,-6703180.633080438,-9621002.787389137
INSERT,COLUMN,_FZH,-6712801.140286231,-9629691.046196478
INSERT,COLUMN,_FZH,-6702625.708910552,-9628983.517879868
INSERT,COLUMN,_FZH,-6712246.216116345,-9637671.776687211
INSERT,COLUMN,_FZH,-6702070.784740662,-9636964.248370599
INSERT,COLUMN,_FZH,-6711725.974707055,-9645153.71152227
INSERT,COLUMN,_FZH,-6701550.543331375,-9644446.183205655
INSERT,COLUMN,_FZH,-6716269.416348048,-9579811.480629414
INSERT,COLUMN,_FZH,-6706093.984972368,-9579103.952312804
INSERT,COLUMN,_FZH,-6716864.188305729,-9571257.672820546
INSERT,COLUMN,_FZH,-6706614.744359409,-9571614.568097876
INSERT,WINDOW,$DorLib2D$00000222,-6689689.700074402,-9835342.074198138
INSERT,WINDOW,$DorLib2D$00000222,-6690685.035522802,-9511676.477659916
INSERT,SPACE,平方米,-6502255.356279899,-9321510.163632353
INSERT,SPACE,平方米,-6527184.385475764,-9396841.887399599
INSERT,SPACE,平方米,-6526750.802956366,-9402909.100958435
INSERT,SPACE,平方米,-6526145.263591089,-9411382.543689764
INSERT,SPACE,平方米,-6525680.604206295,-9417884.622518037
INSERT,SPACE,平方米,-6533834.199527822,-9203380.272994602
INSERT,SPACE,平方米,-6503806.036296686,-9315337.116059891
INSERT,COLUMN,_FZH,-6717725.353184306,-9535806.478096391
INSERT,COLUMN,_FZH,-6710742.214004916,-9535320.919447737
INSERT,WINDOW,$DorLib2D$00000228,-6685331.339827982,-9398533.74241953
INSERT,WINDOW,$DorLib2D$00000228,-6685767.738714122,-9392427.417925873
INSERT,SPACE,平方米,-6502074.01871767,-9324025.716761568
INSERT,SPACE,平方米,-6509544.519783278,-9181478.838674468
INSERT,SPACE,平方米,-6534544.790005496,-9194726.093956814
INSERT,SPACE,平方米,-6527079.183192072,-9390213.395170473
INSERT,SPACE,平方米,-6501830.352473036,-9327435.390992272
INSERT,SPACE,平方米,-6498001.218569071,-9328873.023638125
INSERT,SPACE,平方米,-6510743.962589974,-9409934.781979522
INSERT,SPACE,平方米,-6508071.99362603,-9396755.205807529
INSERT,WINDOW,$DorLib2D$00000222,-6690975.664329746,-9507482.644028959
INSERT,SPACE,平方米,-6499167.136875514,-9313981.392024217
INSERT,填充,A$C585B43BA,-6692334.076485978,-9845411.530517976
INSERT,填充,A$C3E3C7F2D,-6744551.63328605,-9335081.736227683
INSERT,WINDOW,$DorLib2D$00000228,-6736585.995618518,-9487284.757297953
INSERT,WINDOW,$DorLib2D$00000228,-6741674.245217831,-9487638.560983365
INSERT,WINDOW,$DorLib2D$00000228,-6736127.275198636,-9493889.286996568
INSERT,WINDOW,$DorLib2D$00000228,-6741214.638996378,-9494248.408774749
INSERT,FT预埋件,ft,-6728677.092323076,-9357517.247995273
INSERT,FT预埋件,ft,-6730203.200376863,-9357626.308566198
INSERT,FT预埋件,ft,-6725046.351593743,-9357257.783630453
INSERT,FT预埋件,ft,-6726572.459647529,-9357366.844201377
INSERT,FT预埋件,ft,-6723320.752291101,-9357134.466775653
INSERT,FT预埋件,ft,-6724846.860344888,-9357243.527346579
INSERT,FT预埋件,ft,-6721769.475158358,-9384453.382178968
INSERT,FT预埋件,ft,-6723295.583212144,-9384562.442749894
INSERT,FT预埋件,ft,-6723495.074461006,-9384576.699033708
INSERT,FT预埋件,ft,-6725021.182514794,-9384685.759604636
INSERT,FT预埋件,ft,-6723824.341855165,-9412030.004189897
INSERT,FT预埋件,ft,-6725350.44990895,-9412139.06476082
INSERT,FT预埋件,ft,-6722098.681457382,-9411907.163079881
INSERT,FT预埋件,ft,-6723624.789511168,-9412016.223650802
INSERT,FT预埋件,ft,-6720372.542013453,-9411783.807624914
INSERT,FT预埋件,ft,-6721898.650067242,-9411892.868195835
INSERT,FT预埋件,ft,-6724509.675550186,-9402439.982185546
INSERT,FT预埋件,ft,-6726035.783603974,-9402549.042756474
INSERT,FT预埋件,ft,-6722784.015152407,-9402317.141075529
INSERT,FT预埋件,ft,-6724310.123206191,-9402426.201646454
INSERT,FT预埋件,ft,-6721057.875708477,-9402193.785620564
INSERT,FT预埋件,ft,-6722583.983762263,-9402302.846191489
INSERT,FT预埋件,ft,-6722454.494724522,-9374853.984438098
INSERT,FT预埋件,ft,-6723980.602778307,-9374963.045009023
INSERT,FT预埋件,ft,-6724180.094027168,-9374977.301292837
INSERT,FT预埋件,ft,-6725706.202080955,-9375086.361863763
INSERT,FT预埋件,ft,-6729363.10471099,-9347917.729100817
INSERT,FT预埋件,ft,-6730889.212764774,-9348026.789671743
INSERT,FT预埋件,ft,-6725732.363981655,-9347658.264735999
INSERT,FT预埋件,ft,-6727258.472035439,-9347767.325306925
INSERT,FT预埋件,ft,-6724006.764679012,-9347534.947881198
INSERT,FT预埋件,ft,-6725532.872732799,-9347644.008452119
INSERT,FT预埋件,ft,-6718712.504838228,-9429344.7112001
INSERT,FT预埋件,ft,-6720238.612892014,-9429453.771771024
INSERT,FT预埋件,ft,-6722972.233257041,-9429640.710213949
INSERT,FT预埋件,ft,-6724498.341310829,-9429749.770784875
INSERT,FT预埋件,ft,-6718037.910857142,-9439045.28329498
INSERT,FT预埋件,ft,-6719564.018910927,-9439154.343865904
INSERT,FT预埋件,ft,-6722297.636852385,-9439341.282140288
INSERT,FT预埋件,ft,-6723823.744906169,-9439450.342711214
INSERT,FT预埋件,ft,-6717531.489187317,-9502055.929152485
INSERT,FT预埋件,ft,-6719057.597241104,-9502164.989723413
INSERT,FT预埋件,ft,-6715805.656218718,-9501935.926800783
INSERT,FT预埋件,ft,-6717331.764272503,-9502044.987371709
INSERT,FT预埋件,ft,-6714079.823250097,-9501815.924449083
INSERT,FT预埋件,ft,-6715605.931303883,-9501924.985020005
INSERT,SPACE,平方米,-6509333.961698753,-9185739.159076204
INSERT,SPACE,平方米,-6511698.846997653,-9187360.345377788
INSERT,填充,A$C0DC64A90,-6725948.561560453,-9462002.33136893
INSERT,标注,coli]umn,-7091154.026948465,-9470066.06241754
INSERT,SPACE,平方米,-6534897.071581293,-9198332.941312665
INSERT,WINDOW,$DorLib2D$00000228,-6690523.644927055,-9409810.634678635
INSERT,WINDOW,$DorLib2D$00000228,-6690087.402425791,-9415915.069935232
INSERT,WINDOW,$DorLib2D$00000228,-6685254.174132772,-9409434.064469989
INSERT,WINDOW,$DorLib2D$00000228,-6684817.931848867,-9415538.49668517
INSERT,WINDOW,$DorLib2D$00000228,-6684725.447767128,-9407012.120496176
INSERT,WINDOW,$DorLib2D$00000228,-6685161.846653267,-9400905.796002522
INSERT,SPACE,平方米,-6534246.492578134,-9320216.826606106
INSERT,填充,A$C0DC64A90,-6698172.088163374,-9439572.063944257
INSERT,WINDOW,$DorLib2D$00000228,-6689371.792942206,-9593779.357227839
INSERT,WINDOW,$DorLib2D$00000231,-6680918.38863659,-9585505.948793889
INSERT,WINDOW,$DorLib2D$00000228,-6691509.9021516,-9599992.634137192
INSERT,ZX-定位标注,shd ias hdiusadiosaj dioasjdiosajdioasjpods opd,-5980275.812642154,-11196418.14825333
INSERT,ZX-定位标注,shd ias hdiusadiosaj dioasjdiosajdioasjpods opd,-5980378.390638454,-11194921.65905294
INSERT,ZX-定位标注,shd ias hdiusadiosaj dioasjdiosajdioasjpods opd,-5980482.438920221,-11193425.27208592
INSERT,ZX-定位标注,shd ias hdiusadiosaj dioasjdiosajdioasjpods opd,-5980171.764360387,-11197914.53522034
INSERT,ZX-定位标注,shd ias hdiusadiosaj dioasjdiosajdioasjpods opd,-5938219.0140821,-11340467.48110536
INSERT,ZX-定位标注,shd ias hdiusadiosaj dioasjdiosajdioasjpods opd,-5938323.062363868,-11338971.09413835
INSERT,ZX-定位标注,shd ias hdiusadiosaj dioasjdiosajdioasjpods opd,-4850201.268641774,-8704773.5901573
INSERT,ZX-定位标注,shd ias hdiusadiosaj dioasjdiosajdioasjpods opd,-4851698.296267108,-8704868.019907618
INSERT,ZX-定位标注,shd ias hdiusadiosaj dioasjdiosajdioasjpods opd,-4853194.845528661,-8704969.803292646
INSERT,ZX-定位标注,shd ias hdiusadiosaj dioasjdiosajdioasjpods opd,-5976850.711625842,-11195466.7544394
INSERT,ZX-定位标注,shd ias hdiusadiosaj dioasjdiosajdioasjpods opd,-5976956.163667829,-11193970.46501585
INSERT,ZX-定位标注,shd ias hdiusadiosaj dioasjdiosajdioasjpods opd,-5977063.085796215,-11192474.28064938
INSERT,ZX-定位标注,shd ias hdiusadiosaj dioasjdiosajdioasjpods opd,-5976743.789497453,-11196962.93880587
INSERT,ZX-定位标注,shd ias hdiusadiosaj dioasjdiosajdioasjpods opd,-4848704.241016439,-8704679.160406982
INSERT,WINDOW,$DorLib2D$00000228,-6689600.699162376,-9590487.305900447
INSERT,HK-大系统-2D边线,Tydf.9F818F17-732A-4EE1-BBDE-735CF66BF23,-6673812.633693569,-9384407.552542864
INSERT,HK-大系统-2D边线,Tydf.EA106006-EED9-4E07-BFA4-CF66EDEA599A,-6673096.506587443,-9383599.105630278
INSERT,EQUIP_地漏,$TwtSys$00000141,-6671199.978802031,-9382294.250327616
INSERT,TEXT_消防,单栓,-3800782.445200482,-8002184.799974193
INSERT,TEXT_消防,单栓,-3787770.061083471,-10762770.2277728
INSERT,TEXT_消防,单栓,-3794353.251077646,-8016126.666241948
INSERT,TEXT_消防,单栓,-9541948.008912482,-10786243.80505705
INSERT,STAIR,002,-6597994.990716253,-9481569.241296432
INSERT,WINDOW,$DorLib2D$00000192,-6689287.010789995,-9514036.86609812
INSERT,ZX-定位标注,shd ias hdiusadiosaj dioasjdiosajdioasjpods opd,-5938219.014082183,-11340467.48110541
INSERT,ZX-定位标注,shd ias hdiusadiosaj dioasjdiosajdioasjpods opd,-5938323.06236395,-11338971.09413839
INSERT,WINDOW,$DorLib2D$00000228,-6682490.627289588,-9381571.200809244
INSERT,WINDOW,$DorLib2D$00000231,-6674738.224446115,-9381102.484946213
INSERT,WINDOW,$DorLib2D$00000231,-6714983.387184984,-9594708.155999221
INSERT,WINDOW,$DorLib2D$00000222,-6717490.112874706,-9574509.792478581
INSERT,WINDOW,$DorLib2D$00000228,-6718264.955675504,-9579248.543477923
INSERT,WINDOW,$DorLib2D$00000228,-6718167.843945774,-9580645.171313797
INSERT,WINDOW,$DorLib2D$00000228,-6717578.237015092,-9589124.697460185
INSERT,WINDOW,$DorLib2D$00000228,-6717023.31284538,-9597105.42795093
INSERT,WINDOW,$DorLib2D$00000222,-6715528.840148664,-9602716.149120841
INSERT,WINDOW,$DorLib2D$00000228,-6728722.059203468,-9382574.383662356
INSERT,WINDOW,$DorLib2D$00000228,-6728622.292467187,-9383970.441090982
INSERT,WINDOW,$DorLib2D$00000228,-6728828.981331521,-9381078.199295966
INSERT,WINDOW,$DorLib2D$00000228,-6716667.868282222,-9602193.02963056
INSERT,WINDOW,$DorLib2D$00000228,-6727219.271244191,-9494415.330290813
INSERT,WINDOW,$DorLib2D$00000228,-6692082.240711521,-9511750.523869016
INSERT,WINDOW,$DorLib2D$00000222,-6707360.737027658,-9343109.469355447
INSERT,WINDOW,$DorLib2D$00000231,-6706323.134166275,-9360235.60818549
INSERT,WINDOW,$DorLib2D$00000228,-6691998.487165701,-9505348.56551458
INSERT,WINDOW,$DorLib2D$00000228,-6704446.999817722,-9361185.502241884
INSERT,WINDOW,$DorLib2D$00000228,-6705665.280703762,-9588897.808204123
INSERT,WINDOW,$DorLib2D$00000228,-6701659.940030601,-9578695.408436392
INSERT,WINDOW,$DorLib2D$00000228,-6701842.500639842,-9576069.883906091
INSERT,WINDOW,$DorLib2D$00000228,-6702015.914442961,-9573575.905627739
INSERT,WINDOW,$DorLib2D$00000228,-6726044.324963163,-9511338.274405535
INSERT,WINDOW,$DorLib2D$00000228,-6726225.36897358,-9508734.561082937
INSERT,WINDOW,$DorLib2D$00000228,-6726900.386081579,-9499054.38369832
INSERT,WINDOW,$DorLib2D$00000228,-6727083.193564645,-9496360.579528179
INSERT,WINDOW,$DorLib2D$00000231,-6716127.535078161,-9578247.872716524
INSERT,WINDOW,$DorLib2D$00000228,-6721975.985004344,-9570441.246668826
INSERT,WINDOW,$DorLib2D$00000228,-6691901.374027923,-9506745.213601336
INSERT,WINDOW,$DorLib2D$00000228,-6698712.786696274,-9503610.118529008
INSERT,WINDOW,$DorLib2D$00000228,-6702004.404012643,-9586738.666046274
INSERT,WINDOW,$DorLib2D$00000228,-6692856.505054465,-9498083.93654303
INSERT,WINDOW,$DorLib2D$00000231,-6698997.141453511,-9499519.991105291
INSERT,WINDOW,$DorLib2D$00000228,-6696678.084373459,-9512690.845063998
INSERT,WINDOW,$DorLib2D$00000222,-6702582.238663376,-9368258.651092528
INSERT,WINDOW,$DorLib2D$00000222,-6704129.275432351,-9366553.247756964
INSERT,WINDOW,$DorLib2D$00000228,-6704785.547519689,-9370733.990716439
INSERT,WINDOW,$DorLib2D$00000228,-6704635.160089678,-9367380.60974463
INSERT,WINDOW,$DorLib2D$00000228,-6728561.287693885,-9374990.401025311
INSERT,WINDOW,$DorLib2D$00000228,-6726768.591591953,-9500949.807182012
INSERT,WINDOW,$DorLib2D$00000222,-6706296.264284396,-9595656.985896697
INSERT,WINDOW,$DorLib2D$00000228,-6675002.912677761,-9387952.582608917
INSERT,COLUMN,_FZHK,-6693269.473146568,-9456657.629688812
INSERT,COLUMN,_FZHK,-6693341.989406307,-9455459.822610995
INSERT,COLUMN,_FZHK,-6693893.457364735,-9446356.147218478
INSERT,COLUMN,_FZHK,-6694444.887822052,-9437252.469554433
INSERT,COLUMN,_FZHK,-6694372.296581293,-9438450.271922608
INSERT,COLUMN,_FZHK,-6692790.558955931,-9464563.500275458
INSERT,COLUMN,_FZHK,-6693029.784409946,-9460614.07639155
INSERT,COLUMN,_FZHK,-6693581.214866862,-9451510.398727481
INSERT,COLUMN,_FZHK,-6694132.656467841,-9442406.537083869
INSERT,COLUMN,_FZHK,-6694632.237252493,-9434158.85846244
INSERT,COLUMN,_FZHK,-6694849.858069063,-9430567.038025586
INSERT,COLUMN,_FZHK,-6693820.90361362,-9447553.951864872
INSERT,WINDOW,$DorLib2D$00000228,-6701997.40563216,-9526292.584641707
INSERT,WALL,A$C26C2625F,-6685717.370627251,-9362266.87084083
INSERT,WALL,A$C26C2625F,-6680220.730019824,-9351196.540710125
INSERT,WALL,A$C26C2625F,-6700503.481264136,-9362625.160589212
INSERT,WINDOW,$DorLib2D$00000222,-6703306.582088599,-9349692.808724766
INSERT,STEEL,SHUCHI,6611417.795705513,-9254304.100999883
INSERT,STEEL,SHUCHI,6615092.884916708,-9253290.982972076
INSERT,STEEL,SHUCHI,-6607398.00148605,-9239731.150123892
INSERT,STEEL,SHUCHI,-6611073.418308928,-9238719.221259412
INSERT,粗实线层,A$C027A6B0C,-6668978.597145793,-9352241.477796251
INSERT,STAIR,_LIFTD,-5393152.506914707,-9509267.363526587
INSERT,STAIR,_LIFTD,-5393141.904723457,-9509218.50054533
INSERT,COLUMN,_FZHK,-5530382.09440567,-9543932.14154904
INSERT,COLUMN,_FZHK,-5536274.705320712,-9542800.931310424
INSERT,COLUMN,_FZHK,-5528912.703861363,-9536608.085881015
INSERT,COLUMN,_FZHK,-5523804.260429544,-9511145.471999016
INSERT,COLUMN,_FZHK,-5522033.910376164,-9502321.308543567
INSERT,COLUMN,_FZHK,-5520263.560322778,-9493497.145088117
INSERT,COLUMN,_FZHK,-5527870.164385483,-9531411.634068362
INSERT,COLUMN,_FZHK,-5526386.020924065,-9524014.043704877
INSERT,COLUMN,_FZHK,-5525574.610482926,-9519969.635454465
INSERT,COLUMN,_FZHK,-5524886.141017722,-9516538.016332903
INSERT,COLUMN,_FZHK,-5537007.050387091,-9545815.777194338
INSERT,COLUMN,_FZHK,-5521148.735349471,-9497909.22681584
INSERT,COLUMN,_FZHK,-5522781.391509812,-9506047.066446981
INSERT,COLUMN,_FZHK,-5328315.584665715,-9587684.555956851
INSERT,COLUMN,_FZHK,-5335301.380734613,-9586283.028831255
INSERT,COLUMN,_FZHK,-5346972.684588499,-9582105.60242853
INSERT,COLUMN,_FZHK,-5355400.864160913,-9582250.564820771
INSERT,COLUMN,_FZHK,-5361773.871100958,-9580971.978671108
INSERT,COLUMN,_FZHK,-5366676.18413177,-9579988.450863675
INSERT,COLUMN,_FZHK,-5375010.116284139,-9578316.453591039
INSERT,COLUMN,_FZHK,-5381015.449746869,-9577111.632026927
INSERT,COLUMN,_FZHK,-5385922.665090706,-9576127.120691683
INSERT,COLUMN,_FZHK,-5391550.520450071,-9574998.030768744
INSERT,COLUMN,_FZHK,-5327828.355250878,-9584620.533682569
INSERT,COLUMN,_FZHK,-5334691.593494002,-9583243.594752159
INSERT,COLUMN,_FZHK,-5341554.831737132,-9581866.655821746
INSERT,COLUMN,_FZHK,-5355046.79415024,-9580485.732129682
INSERT,COLUMN,_FZHK,-5361419.801090284,-9579207.145980019
INSERT,COLUMN,_FZHK,-5366322.11412109,-9578223.618172581
INSERT,COLUMN,_FZHK,-5374656.046273458,-9576551.620899941
INSERT,COLUMN,_FZHK,-5380538.821910426,-9575371.387531019
INSERT,COLUMN,_FZHK,-5385185.417711297,-9573113.258335579
INSERT,COLUMN,_FZHK,-5391068.193348262,-9571933.024966657
INSERT,COLUMN,_FZHK,-5326278.315426359,-9576894.488346018
INSERT,COLUMN,_FZHK,-5333141.553669486,-9575517.549415605
INSERT,COLUMN,_FZHK,-5340075.60591475,-9574493.577023421
INSERT,COLUMN,_FZHK,-5345174.011466788,-9573470.708103686
INSERT,COLUMN,_FZHK,-5353311.851097922,-9571838.051943339
INSERT,COLUMN,_FZHK,-5359684.858037971,-9570559.465793675
INSERT,COLUMN,_FZHK,-5364587.171068774,-9569575.937986241
INSERT,COLUMN,_FZHK,-5372921.103221147,-9567903.940713604
INSERT,COLUMN,_FZHK,-5378803.87885811,-9566723.707344682
INSERT,COLUMN,_FZHK,-5383706.191888917,-9565740.179537248
INSERT,COLUMN,_FZHK,-5389588.967525883,-9564559.946168326
INSERT,COLUMN,_FZHK,-5394197.141774837,-9563635.430029338
INSERT,COLUMN,_FZHK,-5322322.566584854,-9557177.385336119
INSERT,COLUMN,_FZHK,-5329185.80482798,-9555800.44640571
INSERT,COLUMN,_FZHK,-5336049.04307111,-9554423.507475302
INSERT,COLUMN,_FZHK,-5341147.448623148,-9553400.638555567
INSERT,COLUMN,_FZHK,-5349285.288254283,-9551767.982395224
INSERT,COLUMN,_FZHK,-5355658.29519433,-9550489.396245561
INSERT,COLUMN,_FZHK,-5360560.608225133,-9549505.868438128
INSERT,COLUMN,_FZHK,-5368894.540377503,-9547833.871165485
INSERT,COLUMN,_FZHK,-5374777.316014471,-9546653.637796566
INSERT,COLUMN,_FZHK,-5379679.629045274,-9545670.109989128
INSERT,COLUMN,_FZHK,-5385562.404682243,-9544489.876620207
INSERT,COLUMN,_FZHK,-5390859.048396406,-9546996.979602781
INSERT,COLUMN,_FZHK,-5320945.627654445,-9550314.147092995
INSERT,COLUMN,_FZHK,-5327808.865897574,-9548937.208162582
INSERT,COLUMN,_FZHK,-5334672.1041407,-9547560.269232176
INSERT,COLUMN,_FZHK,-5339770.50969274,-9546537.400312443
INSERT,COLUMN,_FZHK,-5347908.349323875,-9544904.744152104
INSERT,COLUMN,_FZHK,-5354281.356263923,-9543626.158002437
INSERT,COLUMN,_FZHK,-5359183.669294727,-9542642.630194999
INSERT,COLUMN,_FZHK,-5367517.601447095,-9540970.632922363
INSERT,COLUMN,_FZHK,-5373400.37708406,-9539790.399553435
INSERT,COLUMN,_FZHK,-5378302.690114867,-9538806.871746004
INSERT,COLUMN,_FZHK,-5384185.465751833,-9537626.63837708
INSERT,COLUMN,_FZHK,-5389088.698343019,-9538172.816147332
INSERT,COLUMN,_FZHK,-5319765.394285526,-9544431.371456028
INSERT,COLUMN,_FZHK,-5326628.63252865,-9543054.432525616
INSERT,COLUMN,_FZHK,-5333491.870771776,-9541677.493595209
INSERT,COLUMN,_FZHK,-5338590.276323819,-9540654.624675475
INSERT,COLUMN,_FZHK,-5346728.115954951,-9539021.968515131
INSERT,COLUMN,_FZHK,-5353101.122894998,-9537743.382365462
INSERT,COLUMN,_FZHK,-5358003.435925805,-9536759.854558029
INSERT,COLUMN,_FZHK,-5366337.368078173,-9535087.857285391
INSERT,COLUMN,_FZHK,-5372220.143715139,-9533907.623916467
INSERT,COLUMN,_FZHK,-5377122.456745946,-9532924.096109036
INSERT,COLUMN,_FZHK,-5383005.23238291,-9531743.862740114
INSERT,COLUMN,_FZHK,-5387613.406631867,-9530819.346601123
INSERT,COLUMN,_FZHK,-5344662.70755934,-9528727.111150443
INSERT,COLUMN,_FZHK,-5351035.714499382,-9527448.525000776
INSERT,COLUMN,_FZHK,-5355938.027530189,-9526464.997193341
INSERT,COLUMN,_FZHK,-5364271.959682563,-9524792.999920704
INSERT,COLUMN,_FZHK,-5370154.735319527,-9523612.766551774
INSERT,COLUMN,_FZHK,-5375057.04835033,-9522629.238744345
INSERT,COLUMN,_FZHK,-5380939.823987299,-9521449.005375426
INSERT,COLUMN,_FZHK,-5385547.998236254,-9520524.489236434
INSERT,COLUMN,_FZHK,-5325306.589952614,-9572051.00307158
INSERT,COLUMN,_FZHK,-5343767.566702154,-9566460.400469633
INSERT,COLUMN,_FZHK,-5351905.406333291,-9564827.744309292
INSERT,COLUMN,_FZHK,-5358642.31856209,-9565363.013981023
INSERT,COLUMN,_FZHK,-5363544.631592892,-9564379.486173592
INSERT,COLUMN,_FZHK,-5371878.563745264,-9562707.488900951
INSERT,COLUMN,_FZHK,-5377761.33938223,-9561527.255532027
INSERT,COLUMN,_FZHK,-5382663.652413035,-9560543.727724594
INSERT,COLUMN,_FZHK,-5388546.428049998,-9559363.494355672
INSERT,COLUMN,_FZHK,-5393154.602298958,-9558438.978216686
INSERT,COLUMN,_FZHK,-5323896.21107675,-9565021.086185408
INSERT,COLUMN,_FZHK,-5330759.449319879,-9563644.147255001
INSERT,COLUMN,_FZHK,-5337622.687563006,-9562267.208324589
INSERT,COLUMN,_FZHK,-5342721.093115043,-9561244.33940486
INSERT,COLUMN,_FZHK,-5350509.780374539,-9557871.362118582
INSERT,COLUMN,_FZHK,-5356882.787314587,-9556592.77596891
INSERT,COLUMN,_FZHK,-5361785.10034539,-9555609.248161481
INSERT,COLUMN,_FZHK,-5370119.032497761,-9553937.250888839
INSERT,COLUMN,_FZHK,-5376277.19592081,-9554129.665168543
INSERT,COLUMN,_FZHK,-5381179.508951613,-9553146.13736111
INSERT,COLUMN,_FZHK,-5387062.284588581,-9551965.903992186
INSERT,COLUMN,_FZHK,-5391670.458837539,-9551041.387853194
INSERT,COLUMN,_FZHK,-5351605.40105463,-9581227.158836423
INSERT,COLUMN,_FZHK,-5383639.247376193,-9576717.822427779
INSERT,COLUMN,_FZHK,-5364591.606219973,-9526386.251655715
INSERT,COLUMN,_FZHK,-5365264.339240262,-9529739.433768787
INSERT,COLUMN,_FZHK,-5359381.563603293,-9530919.667137705
INSERT,COLUMN,_FZHK,-5358724.567027929,-9527644.922033131
INSERT,COLUMN,_FZHK,-5348562.395315818,-9548164.782317586
INSERT,COLUMN,_FZHK,-5340252.974728606,-9549831.861951187
INSERT,COLUMN,_FZHK,-5347224.212446064,-9542155.606699655
INSERT,COLUMN,_FZHK,-5339101.110406033,-9543836.3024625
INSERT,COLUMN,_FZHK,-5332169.828195743,-9570674.064141174
INSERT,COLUMN,_FZHK,-5339033.066438869,-9569297.125210765
INSERT,COLUMN,_FZHK,-5342164.61897774,-9584906.089900847
INSERT,COLUMN,_FZHK,-5402433.027666585,-9561983.103312844
INSERT,COLUMN,_FZHK,-5399094.934288159,-9545344.65288629
INSERT,COLUMN,_FZHK,-5397324.584234773,-9536520.489430841
INSERT,COLUMN,_FZHK,-5395554.234181386,-9527696.325975391
INSERT,COLUMN,_FZHK,-5393783.884128009,-9518872.16251994
INSERT,COLUMN,_FZHK,-5399906.344729289,-9549389.061136704
INSERT,COLUMN,_FZHK,-5412757.926621337,-9570743.289473782
INSERT,COLUMN,_FZHK,-5420349.678429249,-9566007.423186924
INSERT,COLUMN,_FZHK,-5442760.082369862,-9564724.099292275
INSERT,COLUMN,_FZHK,-5473350.515682086,-9558586.885773884
INSERT,COLUMN,_FZHK,-5478645.013755359,-9557524.675741856
INSERT,COLUMN,_FZHK,-5412138.304102652,-9567654.832264375
INSERT,COLUMN,_FZHK,-5428610.075886155,-9564350.178831395
INSERT,COLUMN,_FZHK,-5436845.96177791,-9562697.852114903
INSERT,COLUMN,_FZHK,-5445081.847669663,-9561045.525398414
INSERT,COLUMN,_FZHK,-5402433.027666585,-9561983.103312844
INSERT,COLUMN,_FZHK,-5410668.913558343,-9560330.776596353
INSERT,COLUMN,_FZHK,-5418904.799450095,-9558678.449879861
INSERT,COLUMN,_FZHK,-5427140.685341847,-9557026.123163367
INSERT,COLUMN,_FZHK,-5435376.5712336,-9555373.796446879
INSERT,COLUMN,_FZHK,-5443612.457125352,-9553721.469730387
INSERT,COLUMN,_FZHK,-5451848.343017107,-9552069.143013893
INSERT,COLUMN,_FZHK,-5460084.22890886,-9550416.816297405
INSERT,COLUMN,_FZHK,-5476556.000692365,-9547112.162864424
INSERT,COLUMN,_FZHK,-5484791.886584117,-9545459.83614793
INSERT,COLUMN,_FZHK,-5473217.907313928,-9530473.712437872
INSERT,COLUMN,_FZHK,-5397324.584234773,-9536520.489430841
INSERT,COLUMN,_FZHK,-5405560.470126527,-9534868.162714351
INSERT,COLUMN,_FZHK,-5413796.356018279,-9533215.835997856
INSERT,COLUMN,_FZHK,-5430268.127801784,-9529911.182564877
INSERT,COLUMN,_FZHK,-5438504.013693536,-9528258.855848386
INSERT,COLUMN,_FZHK,-5446739.899585288,-9526606.529131893
INSERT,COLUMN,_FZHK,-5454975.78547704,-9524954.202415404
INSERT,COLUMN,_FZHK,-5463211.671368792,-9523301.875698914
INSERT,COLUMN,_FZHK,-5471447.557260546,-9521649.548982422
INSERT,COLUMN,_FZHK,-5479683.443152299,-9519997.222265933
INSERT,COLUMN,_FZHK,-5395554.234181386,-9527696.325975391
INSERT,COLUMN,_FZHK,-5403790.120073144,-9526043.999258902
INSERT,COLUMN,_FZHK,-5412026.005964894,-9524391.672542408
INSERT,COLUMN,_FZHK,-5420261.891856648,-9522739.345825916
INSERT,COLUMN,_FZHK,-5428497.777748397,-9521087.019109428
INSERT,COLUMN,_FZHK,-5436733.663640152,-9519434.692392938
INSERT,COLUMN,_FZHK,-5444969.549531907,-9517782.36567644
INSERT,COLUMN,_FZHK,-5453205.435423659,-9516130.038959955
INSERT,COLUMN,_FZHK,-5461441.32131541,-9514477.71224346
INSERT,COLUMN,_FZHK,-5469677.207207162,-9512825.385526975
INSERT,COLUMN,_FZHK,-5477913.093098914,-9511173.058810484
INSERT,COLUMN,_FZHK,-5418491.541803267,-9513915.182370469
INSERT,COLUMN,_FZHK,-5426727.427695014,-9512262.855653979
INSERT,COLUMN,_FZHK,-5434963.31358677,-9510610.528937489
INSERT,COLUMN,_FZHK,-5443199.199478522,-9508958.202220998
INSERT,COLUMN,_FZHK,-5451435.085370274,-9507305.875504501
INSERT,COLUMN,_FZHK,-5459670.971262027,-9505653.54878802
INSERT,COLUMN,_FZHK,-5467906.857153783,-9504001.222071526
INSERT,COLUMN,_FZHK,-5476142.743045529,-9502348.895355032
INSERT,COLUMN,_FZHK,-5417862.259974218,-9553481.998067208
INSERT,COLUMN,_FZHK,-5426098.145865966,-9551829.671350716
INSERT,COLUMN,_FZHK,-5434334.031757723,-9550177.344634228
INSERT,COLUMN,_FZHK,-5442569.917649474,-9548525.017917738
INSERT,COLUMN,_FZHK,-5450805.803541228,-9546872.691201244
INSERT,COLUMN,_FZHK,-5459041.689432979,-9545220.364484752
INSERT,COLUMN,_FZHK,-5467277.575324731,-9543568.037768263
INSERT,COLUMN,_FZHK,-5475513.461216487,-9541915.711051773
INSERT,COLUMN,_FZHK,-5483749.347108235,-9540263.384335284
INSERT,COLUMN,_FZHK,-5399906.344729289,-9549389.061136704
INSERT,COLUMN,_FZHK,-5408142.230621042,-9547736.734420213
INSERT,COLUMN,_FZHK,-5416378.116512794,-9546084.40770372
INSERT,COLUMN,_FZHK,-5424614.002404551,-9544432.080987233
INSERT,COLUMN,_FZHK,-5432849.888296302,-9542779.754270737
INSERT,COLUMN,_FZHK,-5441085.774188053,-9541127.427554251
INSERT,COLUMN,_FZHK,-5449321.660079804,-9539475.10083776
INSERT,COLUMN,_FZHK,-5457557.545971559,-9537822.774121268
INSERT,COLUMN,_FZHK,-5465793.43186331,-9536170.44740478
INSERT,COLUMN,_FZHK,-5474029.317755064,-9534518.120688284
INSERT,COLUMN,_FZHK,-5482265.203646818,-9532865.793971796
INSERT,COLUMN,_FZHK,-5409626.374082463,-9555134.324783695
INSERT,COLUMN,_FZHK,-5393783.884128009,-9518872.16251994
INSERT,COLUMN,_FZHK,-5402019.770019758,-9517219.835803452
INSERT,COLUMN,_FZHK,-5410255.655911511,-9515567.509086961
INSERT,COLUMN,_FZHK,-5464982.02142218,-9532126.039154363
INSERT,COLUMN,_FZHK,-5456746.135530424,-9533778.365870851
INSERT,COLUMN,_FZHK,-5448510.249638671,-9535430.692587345
INSERT,COLUMN,_FZHK,-5440274.363746919,-9537083.019303835
INSERT,COLUMN,_FZHK,-5423802.591963414,-9540387.672736816
INSERT,COLUMN,_FZHK,-5415566.706071659,-9542039.999453306
INSERT,COLUMN,_FZHK,-5407330.82017991,-9543692.3261698
INSERT,COLUMN,_FZHK,-5399094.934288159,-9545344.65288629
INSERT,COLUMN,_FZHK,-5430698.475908894,-9573742.887990366
INSERT,COLUMN,_FZHK,-5422070.404974679,-9575473.89693145
INSERT,COLUMN,_FZHK,-5430078.853390212,-9570654.430780958
INSERT,COLUMN,_FZHK,-5468368.66810569,-9507192.735136621
INSERT,COLUMN,_FZHK,-5478645.013755359,-9557524.675741856
INSERT,COLUMN,_FZHK,-5494472.651455025,-9551136.482738506
INSERT,COLUMN,_FZHK,-5502733.048911931,-9549479.238382977
INSERT,COLUMN,_FZHK,-5510968.934803684,-9547826.911666479
INSERT,COLUMN,_FZHK,-5519204.820695436,-9546174.584949993
INSERT,COLUMN,_FZHK,-5476556.000692365,-9547112.162864424
INSERT,COLUMN,_FZHK,-5493027.77247587,-9543807.509431442
INSERT,COLUMN,_FZHK,-5501263.658367622,-9542155.182714953
INSERT,COLUMN,_FZHK,-5509499.544259377,-9540502.855998459
INSERT,COLUMN,_FZHK,-5517735.430151127,-9538850.529281971
INSERT,COLUMN,_FZHK,-5471447.557260546,-9521649.548982422
INSERT,COLUMN,_FZHK,-5487938.938296174,-9518340.961438209
INSERT,COLUMN,_FZHK,-5496155.214935805,-9516692.568832953
INSERT,COLUMN,_FZHK,-5504391.100827558,-9515040.242116455
INSERT,COLUMN,_FZHK,-5512626.986719312,-9513387.915399961
INSERT,COLUMN,_FZHK,-5469677.207207162,-9512825.385526975
INSERT,COLUMN,_FZHK,-5486148.978990667,-9509520.73209399
INSERT,COLUMN,_FZHK,-5494384.864882422,-9507868.4053775
INSERT,COLUMN,_FZHK,-5502620.750774169,-9506216.07866101
INSERT,COLUMN,_FZHK,-5510856.636665927,-9504563.75194452
INSERT,COLUMN,_FZHK,-5492614.51482904,-9499044.241922051
INSERT,COLUMN,_FZHK,-5500850.400720789,-9497391.915205556
INSERT,COLUMN,_FZHK,-5509086.286612546,-9495739.588489069
INSERT,COLUMN,_FZHK,-5491985.23299999,-9538611.057618792
INSERT,COLUMN,_FZHK,-5500221.11889174,-9536958.730902298
INSERT,COLUMN,_FZHK,-5508457.004783495,-9535306.404185808
INSERT,COLUMN,_FZHK,-5516692.890675243,-9533654.077469316
INSERT,COLUMN,_FZHK,-5474029.317755064,-9534518.120688284
INSERT,COLUMN,_FZHK,-5490501.08953857,-9531213.467255305
INSERT,COLUMN,_FZHK,-5498736.975430323,-9529561.14053881
INSERT,COLUMN,_FZHK,-5506972.861322074,-9527908.813822321
INSERT,COLUMN,_FZHK,-5515208.747213826,-9526256.487105831
INSERT,COLUMN,_FZHK,-5475513.461216487,-9541915.711051773
INSERT,COLUMN,_FZHK,-5483749.347108235,-9540263.384335284
INSERT,COLUMN,_FZHK,-5467906.857153783,-9504001.222071526
INSERT,COLUMN,_FZHK,-5484378.628937287,-9500696.568638542
INSERT,COLUMN,_FZHK,-5514397.33677269,-9522212.078855417
INSERT,COLUMN,_FZHK,-5506161.450880939,-9523864.405571904
INSERT,COLUMN,_FZHK,-5497925.564989186,-9525516.732288402
INSERT,COLUMN,_FZHK,-5489689.679097432,-9527169.059004888
INSERT,COLUMN,_FZHK,-5473217.907313928,-9530473.712437872
INSERT,COLUMN,_FZHK,-5496585.563042916,-9560524.274258439
INSERT,COLUMN,_FZHK,-5468368.66810569,-9507192.735136621
INSERT,COLUMN,_FZHK,-5476776.134953519,-9505505.98494687
INSERT,COLUMN,_FZHK,-5487982.00367385,-9562250.365560482
INSERT,COLUMN,_FZHK,-5487364.348210782,-9559171.71297715
INSERT,COLUMN,876E0,-5514397.33677269,-9522212.078855417
INSERT,COLUMN,876E0,-5515208.747213826,-9526256.487105831
INSERT,COLUMN,_FZHK,-5432038.477855164,-9538735.346020327
INSERT,COLUMN,_FZHK,-5468320.114800609,-9548764.489580912
INSERT,COLUMN,_FZH,-5403897.500569114,-9569282.647408307
INSERT,COLUMN,_FZH,-5395661.614677266,-9570934.974124302
INSERT,COLUMN,_FZH,-5445076.983072531,-9561021.003187855
INSERT,COLUMN,_FZHK,-5478645.012335252,-9557524.668662512
INSERT,COLUMN,_FZHK,-5478645.012335252,-9557524.668662512
INSERT,COLUMN,_FZHK,-5473350.514265819,-9558586.878693747
INSERT,COLUMN,_FZHK,-5442760.08094973,-9564724.092212747
INSERT,COLUMN,_FZHK,-5442760.082369866,-9564724.099292288
INSERT,COLUMN,_FZHK,-5473350.515682089,-9558586.885773889
INSERT,COLUMN,_FZHK,-5478645.013755359,-9557524.675741859
INSERT,COLUMN,_FZHK,-5478645.013755359,-9557524.675741859
INSERT,ARDOOR,AUD05D1S,-5514616.748917602,-9572719.463022398
INSERT,ARDOOR,AUD05D1S,-5515459.952040377,-9586491.0493686
INSERT,ARDOOR,AUD05D1S,-5513296.587129027,-9578643.322438464
INSERT,ARDOOR,AUD05D1S,-5501684.366585521,-9578915.753709145
INSERT,ARDOOR,AUD05D1S,5496259.325182331,-9580164.122146804
INSERT,ARDOOR,AUD05D1S,-5484784.716320903,-9595051.259436226
INSERT,ARDOOR,AUD05D1S,-5505347.439762695,-9592203.486250925
INSERT,ARDOOR,AUD05D1S,5500032.405348532,-9593809.404607645
INSERT,ARDOOR,AUD05D1S,-5508377.216065787,-9574438.476782431
INSERT,ARDOOR,AUD05D1S,-5493404.975416646,-9578566.91323119
INSERT,ARDOOR,AUD05D1S,-5509107.524660605,-9593802.21199723
INSERT,ARDOOR,AUD05D1S,-5519626.707228113,-9590902.388637427
INSERT,ARDOOR,AUD05D1S,-5497385.761537485,-9597033.550773254
INSERT,ARDOOR,AUD05D1S,-5491309.307344471,-9579393.578418113
INSERT,ARDOOR,AUD05D1S,-5377107.210733657,-9630190.223669114
INSERT,ARDOOR,AUD01D1S,-5370675.227808265,-9631963.847237086
INSERT,ARDOOR,AUD02D1S,-5360192.256165784,-9634853.688330155
INSERT,ARDOOR,AUD01D1S,-5342565.747658243,-9639712.788435465
INSERT,ARDOOR,AUD02D1S,-5343047.767689621,-9639579.909959619
INSERT,ARDOOR,AUD05D1S,-5335590.227479586,-9640349.908511037
INSERT,ARDOOR,AUD05D1S,-5331252.830514845,-9624615.891338645
INSERT,ARDOOR,AUD05D1S,-5353292.559961178,-9617440.659123918
INSERT,ARDOOR,AUD05D1S,-5365034.33201137,-9614210.746511956
INSERT,ARDOOR,AUD05D1S,5377196.643519073,-9610602.067415268
INSERT,ARDOOR,AUD05D1S,5375072.861073302,-9613572.804897618
INSERT,ARDOOR,AUD05D1S,5378860.955207747,-9627314.370201609
INSERT,ARDOOR,AUD05D1S,-5357316.399124605,-9633264.126569216
INSERT,ARDOOR,AUD05D1S,-5365223.311757501,-9616288.54909031
INSERT,ARDOOR,AUD02D1S,-5475003.48842409,-9602954.720334343
INSERT,WINDOW,_LIFTD,5348212.758346131,-9641044.623917705
INSERT,WINDOW,_LIFTD,5514493.880199712,-9582535.009206806
INSERT,ARDOOR,AUD01D1S,-5511904.222068733,-9582134.138462254
INSERT,ARDOOR,AUD05D1S,5385490.436171799,-9627630.78601362
INSERT,ARDOOR,AUD05D1S,-5348845.175085979,-9628212.173388297
INSERT,ARDOOR,AUD05D1S,5381153.381476333,-9611897.106314504
INSERT,ARDOOR,AUD05D1S,5384942.976851262,-9625644.863484385
INSERT,ARDOOR,AUD05D1S,-5353444.297187461,-9619784.622683772
INSERT,ARDOOR,AUD05D1S,-5482567.980678423,-9587009.994836968
INSERT,ARDOOR,AUD05D1S,-5473648.068031962,-9600942.571614877
INSERT,ARDOOR,AUD01D1S,-5381711.403422491,-9628672.552079867
INSERT,ARDOOR,AUD05D1S,-5384968.882423868,-9609776.866730966
INSERT,ARDOOR,AUD05D1S,-5389306.158686768,-9625510.446054413
INSERT,ARDOOR,AUD05D1S,5472645.494032429,-9602536.2890917
INSERT,ARDOOR,AUD05D1S,5468308.122379784,-9586802.3637396
INSERT,ARDOOR,AUD05D1S,5469985.906246186,-9587658.224188004
INSERT,ARDOOR,AUD05D1S,5475550.127262866,-9583489.497783409
INSERT,ARDOOR,AUD05D1S,-5369014.06124615,-9630039.431716992
INSERT,ARDOOR,AUD05D1S,-5352313.293591836,-9637029.986682856
INSERT,ARDOOR,AUD05D1S,-5368310.327856881,-9613300.71061781
INSERT,ARDOOR,AUD05D1S,5369933.266629153,-9622386.373213641
INSERT,ARDOOR,AUD02D1S,5346576.989530022,-9619043.506958368
INSERT,ARDOOR,AUD05D1S,-5518462.918847026,-9581441.199730754
INSERT,ARDOOR,AUD01D1S,-5338455.080830628,-9640845.976077624
INSERT,ARDOOR,AUD02D1S,-5318531.155176055,-9627023.336576938
INSERT,ARDOOR,AUD02D1S,5323415.900827378,-9644742.874951015
INSERT,ARDOOR,AUD05D1S,5374525.494141522,-9611587.375550055
INSERT,ARDIM,SX2,-5521116.652629936,-9574578.934918021
INSERT,ARDIM,SX2,-5516360.07757919,-9591543.575204125
INSERT,ARDIM,SX1,-5491716.742561822,-9602496.582244231
INSERT,ARDIM,SX1,-5484918.546858268,-9577835.955418889
INSERT,ARDIM,SX1,-5451231.049000705,-9592796.626909533
INSERT,ARDIM,SX1,-5454908.936759841,-9606139.511970182
INSERT,ARDIM,SX1,-5403476.360451734,-9605961.163270164
INSERT,ARDIM,SX1,-5407154.569573415,-9619303.959872476
INSERT,ARDIM,SX2,-5373529.82996051,-9630917.593657716
INSERT,ARDIM,SX1,-5368361.134960195,-9618752.985990726
INSERT,ARDIM,SX2,-5340010.697263836,-9621112.443607211
INSERT,ARDIM,SX2,-5346953.173510289,-9638243.98130289
INSERT,ARDOOR,AUD02D1S,-5520867.806461909,-9590176.204838448
INSERT,ARDOOR,AUD01D1S,5519761.457010197,-9586415.219630273
INSERT,ARDOOR,AUD01D1S,-5334566.516800793,-9622219.063482793
INSERT,ARDOOR,AUD01D1S,-5340638.848891012,-9620679.955707934
INSERT,WINDOW,_LIFTD,5341709.552715157,-9617454.081040747
INSERT,ARDOOR,AUD02D1S,-5336823.202482661,-9621596.447244408
INSERT,ARDOOR,AUD05D1S,5482137.853045927,-9600989.027136002
INSERT,2,AUD05D1S,-5340008.861643743,-9626185.614336863
INSERT,2,AUD05D1S,5342289.05522654,-9634457.074219236
INSERT,MPFIXTURE,A1138DAB,-5318717.083039618,-9628969.364547796
INSERT,MPFIXTURE,A1138DAB,-5322577.717711996,-9642973.914448399
INSERT,ARDOOR,AUD05D1S,-5516423.22592244,-9574042.161084825
INSERT,ARDOOR,AUD05D1S,5487681.045482897,-9589926.549198612
INSERT,ARDOOR,AUD02D1S,-5521624.103838214,-9587301.992914913
INSERT,STAIR,_ARROW,-5460824.440647908,-9597921.762885018
INSERT,STAIR,_ARROW,-5460612.273412187,-9596412.990587687
INSERT,STAIR,_ARROW,5396447.245204146,-9614085.805741087
INSERT,ARDOOR,AUD02D1S,5512924.687414886,-9576391.166022975
INSERT,ARDOOR,AUD02D1S,5522539.719935497,-9578424.154724698
INSERT,COLUMN,_FZHK,-5469799.340622996,-9556137.568379261
INSERT,ARDOOR,AUD05D1S,-5449934.371092806,-9567625.410811499
INSERT,ARDOOR,AUD01D1S,5525268.881078858,-9534320.14573468
INSERT,ARDOOR,AUD05D1S,-5530412.274103595,-9545665.277185078
INSERT,WINDOW,$WINLIB2D$00000001,-5370868.721931202,-9579279.912367747
INSERT,WINDOW,$WINLIB2D$00000001,5364250.599339389,-9580607.674906657
INSERT,WINDOW,$WINLIB2D$00000001,-5382403.864492419,-9576965.671435543
INSERT,WINDOW,$DorLib2D$00000002,5385502.113665165,-9574691.803131502
INSERT,WINDOW,$DORLIB2D$00000148,-5383155.35169533,-9574305.884416569
INSERT,WINDOW,$WINLIB2D$00000001,-5383424.838314339,-9575649.118187051
INSERT,WINDOW,$WINLIB2D$00000001,-5383064.867137123,-9573854.871617715
INSERT,建-柱-平面-混凝土柱,_FZH,-5542883.272658063,-9620471.875577596
INSERT,建-柱-平面-混凝土柱,_FZH,-5537874.139965943,-9645835.5797626
INSERT,建-柱-平面-混凝土柱,_FZH,-5536474.76133458,-9640827.412488423
INSERT,建-窗扇,$DORLIB2D$00000025,-5533105.162585636,-9642962.993011192
INSERT,建-柱-平面-混凝土柱,_FZH,-5546466.696544603,-9632553.227871502
INSERT,建-柱-平面-混凝土柱,_FZH,-5551095.410479105,-9649118.704239917
INSERT,建-柱-平面-混凝土柱,_FZH,-5534852.020347575,-9635019.864678699
INSERT,建-柱-平面-混凝土柱,_FZH,-5542883.272658063,-9620471.875577603
INSERT,CENTER,*X97,-5404226.446230353,-9684666.570991943
INSERT,CENTER,*X97,-5404561.220656593,-9685864.678701449
INSERT,CENTER,*X97,-5402635.002474132,-9686402.901251662
INSERT,CENTER,*X97,-5402300.228047891,-9685204.793542158
INSERT,CENTER,*X97,-5398712.489401016,-9686207.276989566
INSERT,CENTER,*X97,-5399047.263827253,-9687405.384699072
INSERT,CENTER,*X97,-5394378.498490486,-9687418.277727546
INSERT,CENTER,*X97,-5394713.272916719,-9688616.385437059
INSERT,A-STRS,A$C6DF77E91,-5469537.372587114,-9662180.941890902
INSERT,A-STRS,A$C6DF77E91,-5433130.508687753,-9672353.830110555
INSERT,A-STRS,A$C6DF77E91,-5433624.476409148,-9674121.666938974
INSERT,A-STRS,A$C6DF77E91,-5409266.073136186,-9679022.014150655
INSERT,A-STRS,A$C6DF77E91,-5405051.556628259,-9663935.172612685
INSERT,A-STRS,A$C6DF77E91,-5428428.141482202,-9655524.760386995
INSERT,A-STRS,A$C6DF77E91,-5428907.92062082,-9657241.818395009
INSERT,A-STRS,A$C6DF77E91,-5465321.920840243,-9647094.469206196
INSERT,龙阳路站平剖面图0625$0$A-DOOR,龙阳路站平剖面图0625$0$$TCHSYS$LDOR22D,-5442981.973242443,-9651812.63062144
INSERT,龙阳路站平剖面图0625$0$A-DOOR,龙阳路站平剖面图0625$0$$TCHSYS$LDOR22D,-5447987.442959296,-9669726.459717807
INSERT,建-窗扇,$DorLib2D$00000001,-5504814.139840654,-9654232.155910998
INSERT,建-窗扇,$DorLib2D$00000001,-5509622.620320254,-9655276.67277411
INSERT,建-窗扇,$DorLib2D$00000001,-5511596.60414288,-9659740.111792174
INSERT,建-窗扇,$DorLib2D$00000001,-5510707.138758934,-9659158.002411764
INSERT,建-窗扇,$DorLib2D$00000009,-5347985.763628182,-9677110.440932066
INSERT,建-窗扇,$DorLib2D$00000001,-5518563.932654006,-9649559.555186877
INSERT,建-窗扇,$DorLib2D$00000001,-5513616.65261118,-9648761.482397034
INSERT,建-窗扇,$DorLib2D$00000001,-5512075.678065214,-9649192.060437208
INSERT,建-窗扇,$DorLib2D$00000001,-5514181.786288905,-9650784.011488619
INSERT,建-窗扇,$DorLib2D$00000001,-5512640.811742933,-9651214.589528787
INSERT,建-窗扇,$DorLib2D$00000001,-5528893.11066067,-9643049.702501807
INSERT,建-窗扇,$DorLib2D$00000001,-5530434.085206641,-9642619.124461635
INSERT,建-窗扇,$DorLib2D$00000001,-5525016.763565242,-9647756.509643661
INSERT,建-窗扇,$DORLIB2D$00000025,-5527321.185095741,-9653030.942405662
INSERT,建-窗扇,$DORLIB2D$00000025,-5511863.284181498,-9657350.178371133
INSERT,建-窗扇,$DorLib2D$00000001,-5383165.957429955,-9688565.647084665
INSERT,建-窗扇,$DORLIB2D$00000025,-5381986.161142544,-9690660.421707439
INSERT,建-窗扇,$DorLib2D$00000001,-5377147.948484553,-9691181.668554969
INSERT,建-窗扇,$DorLib2D$00000001,-5369780.163936643,-9693240.36980954
INSERT,建-窗扇,$DorLib2D$00000001,-5357018.968477843,-9696806.094204715
INSERT,建-窗扇,$DORLIB2D$00000025,-5365179.907500576,-9695356.413458059
INSERT,建-窗扇,$DORLIB2D$00000025,-5366913.503864793,-9694872.013162868
INSERT,建-窗扇,$DORLIB2D$00000025,-5352298.311038116,-9697190.663456858
INSERT,建-窗扇,$DorLib2D$00000001,-5377040.155782331,-9669615.065189271
INSERT,建-窗扇,$DORLIB2D$00000025,-5334218.647774931,-9684695.133225327
INSERT,建-窗扇,$DORLIB2D$00000025,-5338201.494646519,-9698949.147775529
INSERT,建-窗扇,$DORLIB2D$00000025,-5355344.836470414,-9694158.967078617
INSERT,建-窗扇,$DORLIB2D$00000025,-5351361.989598825,-9679904.95252841
INSERT,建-窗扇,$DORLIB2D$00000025,-5356851.71141884,-9678371.018260301
INSERT,建-窗扇,$DORLIB2D$00000025,-5366049.403240084,-9675801.005583025
INSERT,建-窗扇,$DORLIB2D$00000025,-5360834.558290425,-9692625.032810504
INSERT,建-窗扇,$DORLIB2D$00000025,-5367782.999604299,-9675316.605287841
INSERT,建-窗扇,$DORLIB2D$00000025,-5377173.313243793,-9672692.770355537
INSERT,建-窗扇,$DORLIB2D$00000025,-5343437.707416709,-9699666.48718284
INSERT,建-窗扇,$DorLib2D$00000002,-5524505.687309511,-9639052.964289506
INSERT,建-窗扇,$DorLib2D$00000002,-5386254.272410391,-9686612.493075998
INSERT,建-窗扇,$DorLib2D$00000002,-5381706.29186108,-9670335.949434207
INSERT,建-窗扇,$DorLib2D$00000001,-5385092.17561241,-9688027.424534448
INSERT,建-窗扇,$DorLib2D$00000001,-5341514.16211086,-9677361.275379078
INSERT,建-窗扇,$DorLib2D$00000002,-5504316.283992303,-9652450.404130144
INSERT,建-窗扇,$DORLIB2D$00000025,-5533105.162591754,-9642962.993045161
INSERT,建-窗扇,$DorLib2D$00000001,-5352337.830467065,-9677451.845396651
INSERT,建-窗扇,$DORLIB2D$00000025,-5501693.92133219,-9651054.619734603
INSERT,建-窗扇,$DorLib2D$00000001,-5371550.433962319,-9671148.999457379
INSERT,建-窗扇,$DorLib2D$00000001,-5364182.649414407,-9673207.70071195
INSERT,建-窗扇,$DORLIB2D$00000025,-5374080.005852239,-9669611.545050345
INSERT,建-窗扇,$DORLIB2D$00000025,-5355829.088573426,-9674711.203713625
INSERT,建-窗扇,$DorLib2D$00000001,-5353482.178378234,-9669656.303859458
INSERT,建-窗扇,$DorLib2D$00000001,-5513421.16034466,-9643416.926028754
INSERT,建-窗扇,$DORLIB2D$00000025,-5336006.214585069,-9705584.714477058
INSERT,建-柱-平面-混凝土柱,_FZH,-5546466.696552392,-9632553.227907624
INSERT,建-柱-平面-混凝土柱,_FZH,-5551095.410484236,-9649118.70427678
INSERT,建-柱-平面-混凝土柱,_FZH,-5522533.435635323,-9639240.643094035
INSERT,建-柱-平面-混凝土柱,_FZH,-5527162.149567166,-9655806.119463196
INSERT,建-柱-平面-混凝土柱,_FZH,-5494603.271989647,-9647044.870072148
INSERT,建-柱-平面-混凝土柱,_FZH,-5499231.985921494,-9663610.346441304
INSERT,建-柱-平面-混凝土柱,_FZH,-5470525.544708895,-9653772.651949834
INSERT,建-柱-平面-混凝土柱,_FZH,-5475154.258640742,-9670338.128318991
INSERT,建-柱-平面-混凝土柱,_FZH,-5441632.271971989,-9661845.990203051
INSERT,建-柱-平面-混凝土柱,_FZH,-5446260.985903836,-9678411.46657221
INSERT,建-柱-平面-混凝土柱,_FZH,-5417367.713166933,-9686484.804825427
INSERT,建-柱-平面-混凝土柱,_FZH,-5412738.999235087,-9669919.328456272
INSERT,建-柱-平面-混凝土柱,_FZH,-5383845.726498183,-9677992.666709487
INSERT,建-柱-平面-混凝土柱,_FZH,-5388474.440430028,-9694558.143078648
INSERT,建-柱-平面-混凝土柱,_FZH,-5359581.167693127,-9702631.481331865
INSERT,建-柱-平面-混凝土柱,_FZH,-5354952.45376128,-9686066.004962706
INSERT,建-柱-平面-混凝土柱,_FZH,-5326251.802842623,-9694085.520960905
INSERT,建-柱-平面-混凝土柱,_FZH,-5330880.516774469,-9710650.997330066
INSERT,建-柱-平面-混凝土柱,_FZH,-5534852.02035497,-9635019.864712953
INSERT,建-柱-平面-混凝土柱,_FZH,-5539884.401196645,-9653030.004708821
INSERT,建-柱-平面-混凝土柱,_FZH,-5507884.965813372,-9642554.980412366
INSERT,建-柱-平面-混凝土柱,_FZH,-5512917.346642202,-9660565.120411828
INSERT,建-柱-平面-混凝土柱,_FZH,-5542883.272667793,-9620471.875613139
INSERT,建-柱-平面-混凝土柱,_FZH,-5519120.537986845,-9627007.812079062
INSERT,建-柱-平面-混凝土柱,_FZH,-5491185.558795786,-9634813.384613527
INSERT,建-柱-平面-混凝土柱,_FZH,-5467107.831515034,-9641541.16649121
INSERT,建-柱-平面-混凝土柱,_FZH,-5438270.363178376,-9649702.742315295
INSERT,建-柱-平面-混凝土柱,_FZH,-5409350.179313954,-9657679.769659395
INSERT,建-柱-平面-混凝土柱,_FZH,-5380428.013304323,-9665761.181250863
INSERT,建-柱-平面-混凝土柱,_FZH,-5351534.740567419,-9673834.519504087
INSERT,建-柱-平面-混凝土柱,_FZH,-5322834.089648763,-9681854.035502279
INSERT,建-柱-平面-混凝土柱,_FZH,-5369399.090129733,-9682029.335836096
INSERT,建-柱-平面-混凝土柱,_FZH,-5374095.08188035,-9698835.589478065
INSERT,建-柱-平面-混凝土柱,_FZH,-5340987.371938442,-9689968.118451764
INSERT,建-柱-平面-混凝土柱,_FZH,-5345683.363689066,-9706774.372093727
INSERT,建-柱-平面-混凝土柱,_FZH,-5365887.187965006,-9669460.762203954
INSERT,建-窗扇,$DorLib2D$00000001,-5457382.077490463,-9647425.55691761
INSERT,建-窗扇,$DorLib2D$00000001,-5462665.560870028,-9663361.607343734
INSERT,建-窗扇,$DorLib2D$00000001,-5421413.837153762,-9659168.213356299
INSERT,建-窗扇,$DorLib2D$00000001,-5425730.382006487,-9674616.483179631
INSERT,建-窗扇,$DorLib2D$00000001,-5402277.686716405,-9682758.224166969
INSERT,建-窗扇,$DorLib2D$00000001,-5397549.401612774,-9665836.397434061
INSERT,建-窗扇,$DorLib2D$00000001,-5334472.540194495,-9696751.58123621
INSERT,建-窗扇,$DorLib2D$00000001,-5331571.520648833,-9686369.265232752
INSERT,建-窗扇,$DORLIB2D$00000025,-5339344.493779274,-9700810.210101966
INSERT,建-柱-平面-混凝土柱,_FZH,-5537874.139971599,-9645835.579797338
INSERT,建-柱-平面-混凝土柱,_FZH,-5536474.761341042,-9640827.41252294
INSERT,建-柱-平面-混凝土柱,_FZH,-5510907.08541715,-9653370.695500338
INSERT,建-柱-平面-混凝土柱,_FZH,-5509507.706786593,-9648362.528225945
INSERT,建-窗扇,$DorLib2D$00000001,-5341056.672943176,-9675723.989923985
INSERT,建-窗扇,$DorLib2D$00000001,-5340318.98586837,-9708013.706832323
INSERT,建-窗扇,$WINLIB2D$00000001,-5497091.103710906,-9651489.326543609
INSERT,建-窗扇,$DORLIB2D$00000025,-5522344.38213348,-9644879.543690446
INSERT,建-窗扇,$DORLIB2D$00000025,-5519636.497724539,-9647079.421445521
INSERT,建-窗扇,$DORLIB2D$00000025,-5518622.228154823,-9643449.502025895
INSERT,建-窗扇,$DORLIB2D$00000025,-5517902.901360326,-9647563.821740721
INSERT,建-窗扇,$DorLib2D$00000001,-5530589.699391074,-9656925.003820331
INSERT,建-窗扇,$DorLib2D$00000001,-5528431.426964706,-9649200.868908648
INSERT,建-窗扇,$DorLib2D$00000001,-5328557.479323039,-9675582.442233498
INSERT,建-窗扇,$DorLib2D$00000001,-5324835.244475482,-9683070.374008023
INSERT,建-窗扇,$DORLIB2D$00000025,-5371765.846475887,-9689570.619838042
INSERT,建-窗扇,$DorLib2D$00000001,-5358004.744770912,-9697361.29245761
INSERT,建-窗扇,$WINLIB2D$00000001,-5331829.446514923,-9708101.579289596
INSERT,建-窗扇,$WINLIB2D$00000001,-5323756.1089694,-9679208.306563149
INSERT,建-窗扇,$DorLib2D$00000001,-5331237.401708462,-9705982.739289174
INSERT,建-窗扇,$DORLIB2D$00000025,-5380963.538297139,-9687000.607160765
INSERT,建-窗扇,$DORLIB2D$00000025,-5370032.250111672,-9690055.020133232
INSERT,建-窗扇,$WINLIB2D$00000001,-5321358.57960131,-9676945.01361395
INSERT,建-窗扇,$DORLIB2D$00000025,-5527730.771986266,-9646697.05509547
INSERT,建-窗扇,$DORLIB2D$00000127,-5338178.87683998,-9705185.291491227
INSERT,建-窗扇,$DORLIB2D$00000025,-5505401.891333424,-9650018.541325437
INSERT,建-窗扇,$DORLIB2D$00000025,-5503302.872784979,-9649566.743656913
INSERT,建-窗扇,$DorLib2D$00000001,-5516072.580793818,-9648075.248645513
INSERT,建-窗扇,$WINLIB2D$00000001,-5329050.872600039,-9698157.477922144
INSERT,建-窗扇,$WINLIB2D$00000001,-5328378.094412272,-9695749.705194065
INSERT,建-窗扇,$WINLIB2D$00000001,-5327032.538036731,-9690934.159737917
INSERT,建-窗扇,$WINLIB2D$00000001,-5326359.759848967,-9688526.387009844
INSERT,建-柱-平面-混凝土柱,_FZH,-5337475.469798293,-9677399.544811212
INSERT,建-柱-平面-混凝土柱,_FZH,-5439213.379344202,-9642041.329553258
INSERT,建-柱-平面-混凝土柱,_FZH,-5379789.548868794,-9658645.495100662
INSERT,建-柱-平面-混凝土柱,_FZH,-5380818.899496071,-9662329.387374573
INSERT,建-柱-平面-混凝土柱,_FZH,-5431701.128432587,-9644140.3974991
INSERT,建-柱-平面-混凝土柱,_FZH,-5446725.630255796,-9639942.261607419
INSERT,建-柱-平面-混凝土柱,_FZH,-5451561.35905757,-9638668.938413683
INSERT,建-柱-平面-混凝土柱,_FZH,-5456376.904513718,-9637323.382038145
INSERT,建-柱-平面-混凝土柱,_FZH,-5461192.449969871,-9635977.82566261
INSERT,建-柱-平面-混凝土柱,_FZH,-5466007.995426023,-9634632.269287074
INSERT,建-柱-平面-混凝土柱,_FZH,-5470823.54088217,-9633286.712911539
INSERT,建-柱-平面-混凝土柱,_FZH,-5475639.086338323,-9631941.156536001
INSERT,建-柱-平面-混凝土柱,_FZH,-5480454.631794473,-9630595.600160464
INSERT,建-柱-平面-混凝土柱,_FZH,-5485270.177250625,-9629250.043784928
INSERT,建-柱-平面-混凝土柱,_FZH,-5490085.722706774,-9627904.487409395
INSERT,建-柱-平面-混凝土柱,_FZH,-5490567.277252351,-9627769.931771851
INSERT,建-柱-平面-混凝土柱,_FZH,-5495382.822708527,-9626424.375396394
INSERT,建-柱-平面-混凝土柱,_FZH,-5500198.368164677,-9625078.819020858
INSERT,建-柱-平面-混凝土柱,_FZH,-5505013.913620822,-9623733.262645325
INSERT,建-柱-平面-混凝土柱,_FZH,-5509829.459076975,-9622387.706269787
INSERT,建-柱-平面-混凝土柱,_FZH,-5514645.004533126,-9621042.14989425
INSERT,建-柱-平面-混凝土柱,_FZH,-5518188.324824994,-9619974.204994525
INSERT,建-柱-平面-混凝土柱,_FZH,-5525893.197554929,-9617821.314793641
INSERT,建-柱-平面-混凝土柱,_FZH,-5533598.070284767,-9615668.424592781
INSERT,建-柱-平面-混凝土柱,_FZH,-5541302.943468099,-9613515.534265209
INSERT,建-柱-平面-混凝土柱,_FZH,-5383614.012671285,-9657654.738872507
INSERT,建-柱-平面-混凝土柱,_FZH,-5389440.823126718,-9656026.615531391
INSERT,建-柱-平面-混凝土柱,_FZH,-5394256.368582871,-9654681.059155851
INSERT,建-柱-平面-混凝土柱,_FZH,-5399071.914039019,-9653335.502780315
INSERT,建-柱-平面-混凝土柱,_FZH,-5403887.45949517,-9651989.94640478
INSERT,建-柱-平面-混凝土柱,_FZH,-5408703.004951322,-9650644.39002924
INSERT,建-柱-平面-混凝土柱,_FZH,-5413518.550407469,-9649298.833653711
INSERT,建-柱-平面-混凝土柱,_FZH,-5418334.095863623,-9647953.277278171
INSERT,建-柱-平面-混凝土柱,_FZH,-5423149.641319772,-9646607.720902634
INSERT,建-柱-平面-混凝土柱,_FZH,-5427965.186775926,-9645262.164527096
INSERT,建-柱-平面-混凝土柱,_FZH,-5497435.380362872,-9666656.197466345
INSERT,建-柱-平面-混凝土柱,_FZH,-5492619.83490672,-9668001.753841881
INSERT,建-柱-平面-混凝土柱,_FZH,-5478558.442174739,-9671930.778458456
INSERT,建-柱-平面-混凝土柱,_FZH,-5473742.896718589,-9673276.334833991
INSERT,建-柱-平面-混凝土柱,_FZH,-5468927.351262437,-9674621.89120952
INSERT,建-柱-平面-混凝土柱,_FZH,-5464111.80580629,-9675967.447585065
INSERT,建-柱-平面-混凝土柱,_FZH,-5459296.26035014,-9677313.003960598
INSERT,建-柱-平面-混凝土柱,_FZH,-5454480.714893986,-9678658.560336135
INSERT,建-柱-平面-混凝土柱,_FZH,-5449665.169437833,-9680004.116711669
INSERT,建-柱-平面-混凝土柱,_FZH,-5444849.623981687,-9681349.673087208
INSERT,建-柱-平面-混凝土柱,_FZH,-5440034.07852554,-9682695.229462748
INSERT,建-柱-平面-混凝土柱,_FZH,-5435218.533069384,-9684040.785838279
INSERT,建-柱-平面-混凝土柱,_FZH,-5430402.987613233,-9685386.342213821
INSERT,建-柱-平面-混凝土柱,_FZH,-5425587.442157081,-9686731.898589355
INSERT,建-柱-平面-混凝土柱,_FZH,-5420771.896700934,-9688077.454964892
INSERT,建-柱-平面-混凝土柱,_FZH,-5415956.351244783,-9689423.011340426
INSERT,建-柱-平面-混凝土柱,_FZH,-5411140.805788627,-9690768.567715963
INSERT,建-柱-平面-混凝土柱,_FZH,-5406325.260332482,-9692114.124091501
INSERT,建-柱-平面-混凝土柱,_FZH,-5402300.385494969,-9693316.624628787
INSERT,建-柱-平面-混凝土柱,_FZH,-5394210.269128632,-9695577.159339688
INSERT,建-柱-平面-混凝土柱,_FZH,-5489413.602796734,-9668975.509795334
INSERT,建-柱-平面-混凝土柱,_FZH,-5481516.108248623,-9671182.222251218
INSERT,建-柱-平面-混凝土柱,_FZH,-5390405.988671766,-9696640.148749647
INSERT,建-柱-平面-混凝土柱,_FZH,-5389376.638044482,-9692956.256475694
INSERT,建-窗扇,$WINLIB2D$00000001,-5386531.246544877,-9698008.360104394
INSERT,建-窗扇,$WINLIB2D$00000001,-5385857.070181012,-9698196.737996969
INSERT,建-窗扇,$WINLIB2D$00000001,-5382197.255634339,-9699219.360842377
INSERT,建-窗扇,$WINLIB2D$00000001,-5380752.591997493,-9699623.027755038
INSERT,建-窗扇,$WINLIB2D$00000001,-5373529.27381327,-9701641.362318342
INSERT,建-窗扇,$WINLIB2D$00000001,-5372084.610176422,-9702045.029231003
INSERT,建-窗扇,$WINLIB2D$00000001,-5370639.946539573,-9702448.696143665
INSERT,建-窗扇,$WINLIB2D$00000001,-5369195.282902734,-9702852.363056324
INSERT,建-窗扇,$WINLIB2D$00000001,-5367750.61926589,-9703256.029968986
INSERT,建-窗扇,$WINLIB2D$00000001,-5366305.955629043,-9703659.696881647
INSERT,建-窗扇,$WINLIB2D$00000001,-5364861.2919922,-9704063.363794311
INSERT,建-窗扇,$WINLIB2D$00000001,-5363416.628355351,-9704467.03070697
INSERT,建-窗扇,$WINLIB2D$00000001,-5357637.973807972,-9706081.698357611
INSERT,建-窗扇,$WINLIB2D$00000001,-5356193.310171126,-9706485.365270276
INSERT,建-窗扇,$WINLIB2D$00000001,-5344636.001076363,-9709714.700571563
INSERT,建-窗扇,$WINLIB2D$00000001,-5376418.601086956,-9700834.028493021
INSERT,建-窗扇,$WINLIB2D$00000001,-5374973.937450114,-9701237.695405678
INSERT,建-窗扇,$WINLIB2D$00000001,-5348247.660168482,-9708705.53328991
INSERT,建-窗扇,$WINLIB2D$00000001,-5340302.010165829,-9710925.701309546
INSERT,建-窗扇,$WINLIB2D$00000001,-5379307.928360653,-9700026.694667696
INSERT,建-窗扇,$WINLIB2D$00000001,-5377863.26472381,-9700430.361580359
INSERT,建-窗扇,$WINLIB2D$00000001,-5354748.646534282,-9706889.032182933
INSERT,建-窗扇,$WINLIB2D$00000001,-5343961.824712498,-9709903.07846414
INSERT,建-窗扇,$WINLIB2D$00000001,-5342420.850166534,-9710333.656504309
INSERT,建-窗扇,$WINLIB2D$00000001,-5341746.673802666,-9710522.034396886
INSERT,建-窗扇,$WINLIB2D$00000001,-5339627.833801967,-9711114.079202118
INSERT,建-窗扇,$WINLIB2D$00000001,-5338086.859256,-9711544.657242294
INSERT,建-窗扇,$WINLIB2D$00000001,-5337412.682892129,-9711733.035134871
INSERT,建-窗扇,$WINLIB2D$00000001,-5335871.708346169,-9712163.613175039
INSERT,建-窗扇,$WINLIB2D$00000001,-5335197.5319823,-9712351.991067613
INSERT,建-窗扇,$WINLIB2D$00000001,-5334523.355618432,-9712540.368960189
INSERT,建-窗扇,$WINLIB2D$00000001,-5333849.17925457,-9712728.746852768
INSERT,建-窗扇,$WINLIB2D$00000001,-5323036.572795967,-9674217.838767248
INSERT,建-窗扇,$WINLIB2D$00000001,-5324481.236432806,-9673814.171854584
INSERT,建-窗扇,$WINLIB2D$00000001,-5325925.900069655,-9673410.504941923
INSERT,建-窗扇,$WINLIB2D$00000001,-5328815.227343347,-9672603.171116604
INSERT,建-窗扇,$WINLIB2D$00000001,-5336038.54552757,-9670584.836553301
INSERT,建-窗扇,$WINLIB2D$00000001,-5337483.209164414,-9670181.169640638
INSERT,建-窗扇,$WINLIB2D$00000001,-5340372.536438109,-9669373.835815314
INSERT,建-窗扇,$WINLIB2D$00000001,-5347258.766440404,-9667449.690198296
INSERT,建-窗扇,$WINLIB2D$00000001,-5351929.845532867,-9666144.500514027
INSERT,建-窗扇,$WINLIB2D$00000001,-5353374.509169713,-9665740.833601372
INSERT,建-窗扇,$WINLIB2D$00000001,-5356263.836443405,-9664933.499776045
INSERT,建-窗扇,$WINLIB2D$00000001,-5357708.50008025,-9664529.832863387
INSERT,建-窗扇,$WINLIB2D$00000001,-5360597.827353939,-9663722.499038062
INSERT,建-窗扇,$WINLIB2D$00000001,-5333149.218253883,-9671392.17037862
INSERT,建-窗扇,$WINLIB2D$00000001,-5334593.881890728,-9670988.503465959
INSERT,建-窗扇,$WINLIB2D$00000001,-5369265.809175011,-9661300.497562098
INSERT,建-窗扇,$WINLIB2D$00000001,-5330259.890980189,-9672199.504203947
INSERT,建-窗扇,$WINLIB2D$00000001,-5331704.554617034,-9671795.837291281
INSERT,建-窗扇,$WINLIB2D$00000001,-5354819.172806559,-9665337.166688708
INSERT,建-窗扇,$WINLIB2D$00000001,-5359153.163717089,-9664126.165950719
INSERT,建-窗扇,$WINLIB2D$00000001,-5366376.48190132,-9662107.83138742
INSERT,建-窗扇,$WINLIB2D$00000001,-5367821.145538163,-9661704.164474759
INSERT,建-窗扇,$WINLIB2D$00000001,-5370710.472811854,-9660896.830649438
INSERT,建-窗扇,$WINLIB2D$00000001,-5372155.136448701,-9660493.163736779
INSERT,建-窗扇,$WINLIB2D$00000001,-5373599.800085543,-9660089.496824117
INSERT,建-窗扇,$WINLIB2D$00000001,-5375044.463722389,-9659685.829911456
INSERT,建-窗扇,$WINLIB2D$00000001,-5534031.403866777,-9656793.968321709
INSERT,建-窗扇,$WINLIB2D$00000001,-5532586.74022993,-9657197.635234371
INSERT,建-窗扇,$WINLIB2D$00000001,-5529697.412956239,-9658004.969059691
INSERT,建-窗扇,$WINLIB2D$00000001,-5528252.749319393,-9658408.635972353
INSERT,建-窗扇,$WINLIB2D$00000001,-5526808.085682554,-9658812.302885014
INSERT,建-窗扇,$WINLIB2D$00000001,-5523966.913863422,-9659606.181146578
INSERT,建-窗扇,$WINLIB2D$00000001,-5521029.431135172,-9660426.97053566
INSERT,建-窗扇,$WINLIB2D$00000001,-5519584.767498326,-9660830.63744832
INSERT,建-窗扇,$WINLIB2D$00000001,-5516695.440224634,-9661637.971273634
INSERT,建-窗扇,$WINLIB2D$00000001,-5515250.776587789,-9662041.638186305
INSERT,建-窗扇,$WINLIB2D$00000001,-5512361.449314098,-9662848.972011623
INSERT,建-窗扇,$WINLIB2D$00000001,-5508701.634767425,-9663871.594857027
INSERT,建-窗扇,$WINLIB2D$00000001,-5539810.058414153,-9655179.300671068
INSERT,建-窗扇,$WINLIB2D$00000001,-5538365.394777315,-9655582.967583727
INSERT,建-窗扇,$WINLIB2D$00000001,-5503693.467493026,-9665270.97348759
INSERT,建-窗扇,$WINLIB2D$00000001,-5536920.731140467,-9655986.634496386
INSERT,建-窗扇,$WINLIB2D$00000001,-5535476.067503622,-9656390.30140905
INSERT,建-窗扇,$WINLIB2D$00000001,-5524641.090227284,-9659417.803254003
INSERT,建-窗扇,$WINLIB2D$00000001,-5525315.266591145,-9659229.425361433
INSERT,建-窗扇,$WINLIB2D$00000001,-5510916.785677254,-9663252.638924287
INSERT,建-窗扇,$DorLib2D$00000001,-5348632.526497947,-9677661.379766947
INSERT,建-窗扇,$DorLib2D$00000001,-5346610.011820538,-9678226.509417079
INSERT,建-窗扇,$WINLIB2D$00000001,-5353303.982897434,-9707292.699095594
INSERT,建-窗扇,$WINLIB2D$00000001,-5341817.200074948,-9668970.168902653
INSERT,建-窗扇,$DorLib2D$00000001,-5388145.86479814,-9696726.5614087
INSERT,I-FURN,ATM,-5390644.980740474,-9694522.719398044
INSERT,I-FURN,ATM,-5390241.313827699,-9693078.055761233
INSERT,I-FURN,ATM,-5389662.724586055,-9691007.371215134
INSERT,I-FURN,ATM,-5389259.057673283,-9689562.707578319
INSERT,KbhRt主线_右线xl,门式闸机,-5456872.835997702,-9667710.946117734
INSERT,KbhRt主线_右线xl,门式闸机,-5457547.012361531,-9667522.568225049
INSERT,KbhRt主线_右线xl,门式闸机,-5458221.188725359,-9667334.190332361
INSERT,KbhRt主线_右线xl,门式闸机,-5458895.365089189,-9667145.812439663
INSERT,KbhRt主线_右线xl,门式闸机,-5459569.541453019,-9666957.434546976
INSERT,KbhRt主线_右线xl,门式闸机,-5460243.717816846,-9666769.05665429
INSERT,KbhRt主线_右线xl,门式闸机,-5460917.894180679,-9666580.678761595
INSERT,KbhRt主线_右线xl,门式端机,-5461592.070544505,-9666392.300868906
INSERT,KbhRt主线_右线xl,门式闸机,-5454850.306906215,-9668276.079795806
INSERT,KbhRt主线_右线xl,门式闸机,-5455524.483270044,-9668087.701903115
INSERT,KbhRt主线_右线xl,门式闸机,-5456198.659633874,-9667899.324010425
INSERT,建-柱-平面-混凝土柱,_FZH,-5446725.635572265,-9639942.270141204
INSERT,建-柱-平面-混凝土柱,_FZH,-5439213.38450438,-9642041.337527697
INSERT,建-柱-平面-混凝土柱,_FZH,-5431701.133436473,-9644140.404914194
INSERT,建-柱-平面-混凝土柱,_FZH,-5427965.191696285,-9645262.171664029
INSERT,0,$PLAN$00001584,5452371.376149898,-9670176.928221938
INSERT,KbhRt主线_右线xl,dasddddss,5431620.231049477,-10717523.25363585
INSERT,KbhRt主线_右线xl,dasddddss,5430618.597596957,-10717243.37788529
INSERT,KbhRt主线_右线xl,dasddddss,5433623.497958651,-10718083.00509402
INSERT,KbhRt主线_右线xl,dasddddss,5432621.86449568,-10717803.12945186
INSERT,ZX-铺地,dfghfhjfgjfguj,-7398269.860124476,-5365949.062120387
INSERT,STEEL,SHUCHI,-5526871.550981119,-9547641.838498631
INSERT,STEEL,SHUCHI,-5532106.525105401,-9559290.421873118
INSERT,STEEL,SHUCHI,-5525293.577769859,-9548350.993308634
INSERT,STEEL,SHUCHI,-5530528.55189414,-9559999.576683123
INSERT,STEEL,SHUCHI,-5523501.40483777,-9548583.522399455
INSERT,STEEL,SHUCHI,-5528736.378962056,-9560232.105773948
INSERT,STEEL,SHUCHI,-5521923.431626512,-9549292.677209463
INSERT,STEEL,SHUCHI,-5527158.405750795,-9560941.260583952
INSERT,0,龙阳路站平剖面图0625$0$FASFSFD,5863953.910804607,-10014685.66420772
INSERT,0,4234,-5725631.720999317,-10438272.89149463
INSERT,COLUMN,_FZHK,-5410668.913558343,-9560330.776596357
INSERT,COLUMN,_FZHK,-5418904.799450095,-9558678.449879861
INSERT,COLUMN,_FZHK,-5435376.5712336,-9555373.796446875
INSERT,COLUMN,_FZHK,-5443612.457125352,-9553721.469730385
INSERT,COLUMN,_FZHK,-5476556.000692362,-9547112.162864413
INSERT,COLUMN,_FZHK,-5484791.886584114,-9545459.836147918
INSERT,COLUMN,_FZHK,-5417862.259974214,-9553481.99806721
INSERT,COLUMN,_FZHK,-5434334.031757718,-9550177.344634224
INSERT,COLUMN,_FZHK,-5442569.91764947,-9548525.017917734
INSERT,COLUMN,_FZHK,-5475513.461216479,-9541915.711051757
INSERT,COLUMN,_FZHK,-5483749.347108232,-9540263.384335268
INSERT,COLUMN,_FZHK,-5409626.374082463,-9555134.324783704
INSERT,COLUMN,_FZHK,-5476556.000692362,-9547112.162864413
INSERT,COLUMN,_FZHK,-5501263.658367622,-9542155.182714935
INSERT,COLUMN,_FZHK,-5509499.544259369,-9540502.855998434
INSERT,COLUMN,_FZHK,-5500221.118891738,-9536958.730902281
INSERT,COLUMN,_FZHK,-5508457.00478349,-9535306.404185787
INSERT,COLUMN,_FZHK,-5475513.461216479,-9541915.711051757
INSERT,COLUMN,_FZHK,-5483749.347108232,-9540263.384335268
INSERT,建-柱-平面-混凝土柱,_FZH,-5427965.1866615,-9645262.164242099
INSERT,KbhRt主线_右线xl,dasddddss,5467575.374678629,-10703221.62841661
INSERT,KbhRt主线_右线xl,dasddddss,5468577.008133506,-10703501.50414272
INSERT,KbhRt主线_右线xl,dasddddss,5466573.741223752,-10702941.7526905
INSERT,0S-SBEAM-LINE,daddsasaddd,-5313362.821344391,-9569517.904824566
INSERT,0S-DETL-TEXT,ssdddsddgfdd,-5359439.778364158,-9697995.55546672
INSERT,COLUMN,_FZHK,-5478645.013755359,-9557524.675741856
INSERT,COLUMN,_FZHK,-5478645.013755359,-9557524.675741856
INSERT,COLUMN,_FZHK,-5478645.012335252,-9557524.668662512
INSERT,COLUMN,_FZHK,-5478645.012335252,-9557524.668662512
INSERT,COLUMN,_FZHK,-5478645.013755359,-9557524.675741859
INSERT,COLUMN,_FZHK,-5478645.013755359,-9557524.675741859
INSERT,A-WIND,$DorLib2D$00000009,5473070.444386112,-9553283.894402971
INSERT,0,闸机,-5466885.368411891,-9555467.456081427
INSERT,0,闸机,-5466101.02248655,-9555624.940904179
INSERT,0,末端闸机,-5462669.509063168,-9556313.937003732
INSERT,0,闸机,-5469238.406187931,-9554995.001613221
INSERT,0,闸机,-5468454.060262589,-9555152.486435959
INSERT,0,闸机,-5467669.714337244,-9555309.971258703
INSERT,0,末端闸机,-5466591.238689894,-9555526.512890004
INSERT,0,双向闸机（宽）,-5471449.342449325,-9554551.296204136
INSERT,0,末端闸机,-5469978.693839408,-9554846.580247403
INSERT,0,闸机,-5465316.676561204,-9555782.425726929
INSERT,0,闸机,-5464532.330635867,-9555939.910549675
INSERT,0,闸机,-5463747.984710526,-9556097.395372418
INSERT,S_STAIR,ANJIAN,-6429654.09821874,-8212249.158203723
INSERT,0,末端闸机,-5476856.130420056,-9532367.630807492
INSERT,0,闸机,-5474992.783066568,-9532739.029030768
INSERT,0,闸机,-5475777.350373301,-9532582.650831486
INSERT,0,闸机,-5480715.183630459,-9531649.439644834
INSERT,0,闸机,-5479930.61632373,-9531805.817844114
INSERT,0,末端闸机,-5479136.275379554,-9531913.160586727
INSERT,A-WIND,$DorLib2D$00000009,5478279.261803138,-9533025.562562063
INSERT,KbhRt主线_右线xl,dddddd,-5547929.60103249,-9630710.60455225
INSERT,A-EQPM,M_E13,5501962.619940139,-9665207.820927971
INSERT,A-EQPM,M_E2,-5501719.431146693,-9663408.500785584
INSERT,A-EQPM,M_E13,5501723.110905293,-9664350.653836775
INSERT,A-EQPM,M_E13,5506200.299841169,-9664023.731345533
INSERT,A-EQPM,M_E2,-5505214.518519433,-9661424.75085822
INSERT,A-EQPM,M_E2,-5505475.556502114,-9662358.966840702
INSERT,A-EQPM,M_E13,5505960.790806313,-9663166.564254337
INSERT,A-EQPM,M_E2,-5504977.700597338,-9660577.214857935
INSERT,A-EQPM,M_E13,5506392.921759793,-9663969.909062462
INSERT,A-EQPM,M_E2,-5505888.694983671,-9661236.372937596
INSERT,A-EQPM,M_E2,-5506149.73296635,-9662170.588920078
INSERT,A-EQPM,M_E13,5506153.412724944,-9663112.741971268
INSERT,A-EQPM,M_E2,-5505651.877061573,-9660388.83693732
INSERT,A-EQPM,A$C6385187F,-5504546.192897623,-9658499.023250692
INSERT,A-EQPM,A$C6385187F,-5504734.570790203,-9659173.199614558
INSERT,A-EQPM,A$C6385187F,-5504480.94242791,-9658265.501557627
INSERT,A-EQPM,A$C6385187F,-5504943.618414241,-9658387.974888142
INSERT,A-EQPM,A$C6385187F,-5505131.996306816,-9659062.151252003
INSERT,A-EQPM,A$C6385187F,-5504878.367944529,-9658154.453195081
INSERT,A-EQPM,M_E13,5509900.556952969,-9663121.271260857
INSERT,A-EQPM,M_E13,5510757.724044163,-9662881.762226007
INSERT,A-EQPM,A$C6385187F,-5508550.33449264,-9659404.881535685
INSERT,A-EQPM,A$C6385187F,-5508738.712385222,-9660079.057899546
INSERT,A-EQPM,M_E13,5513089.221006399,-9662109.216805387
INSERT,A-EQPM,M_E2,-5501458.393164019,-9662474.284803106
INSERT,A-EQPM,M_E2,-5501221.57524192,-9661626.748802827
INSERT,A-EQPM,M_E13,5501817.255270839,-9659856.866933838
INSERT,A-EQPM,$PLAN$00001610,-5509292.936910379,-9663200.680783731
INSERT,A-EQPM,$PLAN$00001610,-5509118.014581563,-9662574.659874431
INSERT,A-EQPM,$PLAN$00001610,-5508943.092252736,-9661948.638965128
INSERT,A-EQPM,$PLAN$00001610,-5508768.169923913,-9661322.61805583
INSERT,A-EQPM,$PLAN$00001610,-5508593.247549819,-9660696.597159189
INSERT,A-EQPM,$PLAN$00001610,-5508418.325175723,-9660070.576262532
INSERT,A-EQPM,$PLAN$00001610,-5508243.402855454,-9659444.555350845
INSERT,A-EQPM,$PLAN$00001610,-5512855.59832287,-9661272.971123674
INSERT,C-AXIS,_AXISO,-5548415.483136994,-9618718.408363079
INSERT,C-AXIS,_AXISO,-5323522.363312187,-9712707.007434817
INSERT,C-AXIS,_AXISO,-5318893.649380409,-9696141.531065638
INSERT,C-AXIS,_AXISO,-5315449.025059083,-9683813.734697876
INSERT,C-AXIS,_AXISO,-5489565.338166054,-9675464.043982923
INSERT,C-AXIS,_AXISO,-5529534.365452144,-9664295.92606612
INSERT,C-AXIS,_AXISO,-5503241.487261539,-9671642.66387645
INSERT,C-AXIS,_AXISO,-5501604.201806443,-9672100.153044128
INSERT,C-AXIS,_AXISO,-5477526.474525663,-9678827.934921711
INSERT,C-AXIS,_AXISO,-5448633.201788729,-9686901.27317482
INSERT,C-AXIS,_AXISO,-5419739.929051794,-9694974.611427927
INSERT,C-AXIS,_AXISO,-5392483.94176995,-9702590.460513357
INSERT,C-AXIS,_AXISO,-5390846.656314859,-9703047.949681034
INSERT,C-AXIS,_AXISO,-5361953.383577922,-9711121.287934139
INSERT,C-AXIS,_AXISO,-5333252.732659231,-9719140.803932225
INSERT,C-AXIS,_AXISO,-5556488.821390104,-9647611.68110002
INSERT,C-AXIS,_AXISO,-5551860.107458319,-9631046.204730841
INSERT,C-AXIS,_AXISO,-5553612.093186419,-9657568.144061823
INSERT,ARGRID,A1034D1,-5556770.913292041,-9552838.985099706
INSERT,ARGRID,A1034D1,-5299508.048012247,-9622862.578558423
INSERT,ARGRID,A1034D1,-5566236.283950943,-9587174.846581019
INSERT,ARGRID,A1034D1,-5309202.997098366,-9658031.241348865
INSERT,ARGRID,A1034D1,-5531658.266457167,-9606450.797350884
INSERT,ARGRID,A1034D1,-5565093.528751031,-9583029.474395912
INSERT,ARGRID,A1034D1,-5563937.485699959,-9578835.900208648
INSERT,ARGRID,A1034D1,-5562994.048267478,-9575413.558055826
INSERT,ARGRID,A1034D1,-5562183.489346608,-9572473.235924524
INSERT,ARGRID,A1034D1,-5558840.133115802,-9560345.130162955
INSERT,ARGRID,A1034D1,-5559783.570548287,-9563767.472315772
INSERT,ARGRID,A1034D1,-5559783.570548287,-9563767.472315772
INSERT,ARGRID,A1034D1,-5560594.129469154,-9566707.794447074
INSERT,ARGRID,A1034D1,-5557684.090064729,-9556151.555975691
INSERT,ARGRID,A1034D1,-5507780.922670941,-9613033.067302366
INSERT,ARGRID,A1034D1,-5519719.594564054,-9609741.932326626
INSERT,ARGRID,A1034D1,-5497240.105102149,-9615938.85562544
INSERT,ARGRID,A1034D1,-5494444.388977306,-9616709.550992819
INSERT,ARGRID,A1034D1,-5495842.251013999,-9616324.20221354
INSERT,ARGRID,A1034D1,-5483903.57888471,-9619615.337253845
INSERT,ARGRID,A1034D1,-5471964.906991594,-9622906.472229587
INSERT,ARGRID,A1034D1,-5460026.235098479,-9626197.60720533
INSERT,ARGRID,A1034D1,-5448087.563205367,-9629488.742181072
INSERT,ARGRID,A1034D1,-5434751.029511732,-9633165.225871525
INSERT,ARGRID,A1034D1,-5437546.745636573,-9632394.530504146
INSERT,ARGRID,A1034D1,-5436148.891548426,-9632779.87709225
INSERT,ARGRID,A1034D1,-5424210.219419135,-9636071.012132555
INSERT,ARGRID,A1034D1,-5412271.547526018,-9639362.147108299
INSERT,ARGRID,A1034D1,-5400332.875632906,-9642653.282084037
INSERT,ARGRID,A1034D1,-5388394.20373979,-9645944.417059782
INSERT,ARGRID,A1034D1,-5377853.386170998,-9648850.205382856
INSERT,ARGRID,A1034D1,-5375057.670046157,-9649620.900750234
INSERT,ARGRID,A1034D1,-5376455.53208285,-9649235.551970955
INSERT,ARGRID,A1034D1,-5364516.859953563,-9652526.687011265
INSERT,ARGRID,A1034D1,-5352578.188060446,-9655817.821987001
INSERT,ARGRID,A1034D1,-5340639.516167329,-9659108.956962745
INSERT,ARGRID,A1034D1,-5328700.844274213,-9662400.091938483
INSERT,ARGRID,A1034D1,-5308060.241898455,-9653885.869163756
INSERT,ARGRID,A1034D1,-5306904.198847387,-9649692.294976494
INSERT,ARGRID,A1034D1,-5305960.761414902,-9646269.952823669
INSERT,ARGRID,A1034D1,-5305150.202494032,-9643329.63069237
INSERT,ARGRID,A1034D1,-5301806.846263231,-9631201.524930796
INSERT,ARGRID,A1034D1,-5302750.283695711,-9634623.86708362
INSERT,ARGRID,A1034D1,-5302750.283695711,-9634623.86708362
INSERT,ARGRID,A1034D1,-5303560.842616579,-9637564.189214918
INSERT,ARGRID,A1034D1,-5300650.803212156,-9627007.950743534
INSERT,AXIS,_AXISO,-5497007.211415393,-9447408.502716688
INSERT,AXIS,_AXISO,-5489684.942646452,-9449031.58006403
INSERT,AXIS,_AXISO,-5484315.27888257,-9450221.836785409
INSERT,AXIS,_AXISO,-5478457.463867418,-9451520.29866329
INSERT,AXIS,_AXISO,-5471135.195098484,-9453143.376010629
INSERT,AXIS,_AXISO,-5463324.775078282,-9454874.658514455
INSERT,AXIS,_AXISO,-5455514.355058084,-9456605.941018288
INSERT,AXIS,_AXISO,-5447703.935037886,-9458337.223522125
INSERT,AXIS,_AXISO,-5439893.515017685,-9460068.506025951
INSERT,AXIS,_AXISO,-5432083.094997486,-9461799.788529784
INSERT,AXIS,_AXISO,-5424272.674977286,-9463531.071033616
INSERT,AXIS,_AXISO,-5416462.254957089,-9465262.353537445
INSERT,AXIS,_AXISO,-5408651.834936887,-9466993.636041276
INSERT,AXIS,_AXISO,-5402485.438554219,-9476141.683344502
INSERT,AXIS,_AXISO,-5394675.01853402,-9477872.965848334
INSERT,AXIS,_AXISO,-5386864.598513814,-9479604.248352162
INSERT,AXIS,_AXISO,-5371536.649224172,-9483001.890265935
INSERT,AXIS,_AXISO,-5363726.229203979,-9484733.172769759
INSERT,AXIS,_AXISO,-5355915.809183776,-9486464.455273596
INSERT,AXIS,_AXISO,-5348105.389163584,-9488195.737777424
INSERT,AXIS,_AXISO,-5340294.969143379,-9489927.020281253
INSERT,AXIS,_AXISO,-5332972.700374443,-9491550.097628598
INSERT,AXIS,_AXISO,-5325162.280354244,-9493281.380132426
INSERT,AXIS,_AXISO,-5317351.860334042,-9495012.662636257
INSERT,AXIS,_AXISO,-5309541.440313844,-9496743.945140087
INSERT,AXIS,_AXISO,-5301731.020293646,-9498475.22764392
INSERT,AXIS,_AXISO,-5293920.600273448,-9500206.510147755
INSERT,AXIS,_AXISO,-5285622.029001988,-9502045.997808073
INSERT,AXIS,_AXISO,-5278299.76023305,-9503669.075155414
INSERT,AXIS,_AXISO,-5270489.34021285,-9505400.357659247
INSERT,AXIS,_AXISO,-5262678.92019265,-9507131.640163073
INSERT,AXIS,_AXISO,-5255844.802674979,-9508646.512353928
INSERT,AXIS,_AXISO,-5249498.836408563,-9510053.179388293
INSERT,AXIS,_AXISO,-5243152.870142147,-9511459.846422653
INSERT,AXIS,_AXISO,-5508625.137145869,-9474024.473574109
INSERT,AXIS,_AXISO,-5507434.880424489,-9468654.809810225
INSERT,AXIS,_AXISO,-5510562.006826138,-9482762.38155266
INSERT,AXIS,_AXISO1,-5510259.035008861,-9481395.557468172
INSERT,AXIS,_AXISO2,-5510150.829852372,-9480907.406216912
INSERT,AXIS,_AXISO,-5505498.008123323,-9459916.902412626
INSERT,AXIS,_AXISO2,-5505800.982561493,-9461283.725916155
INSERT,AXIS,_AXISO1,-5505909.187717987,-9461771.877167423
INSERT,AXIS,_AXISO,-5239128.428132834,-9528128.470037993
INSERT,AXIS,_AXISO,-5237191.555831673,-9519390.562640396
INSERT,AXIS,_AXISO2,-5237494.530269843,-9520757.386143923
INSERT,AXIS,_AXISO1,-5237602.735426334,-9521245.537395195
INSERT,AXIS,_AXISO,-5239593.710305741,-9530227.520418419
INSERT,AXIS,_AXISO,-5505140.93110691,-9458306.00328346
INSERT,AXIS,_AXISO,-5503701.802525604,-9451813.591641666
INSERT,AXIS,_AXISO,-5240827.249092109,-9535792.444693621
INSERT,AXIS,_AXISO,-5238684.786991229,-9526127.049907817
INSERT,AXIS,_AXISO,-5241844.377560716,-9540381.06644468
INSERT,AXIS,_AXISO,-5379055.154796124,-9481335.314445683
INSERT,AXIS,_AXISO,-5558473.48528353,-9549734.617174141
INSERT,AXIS,_AXISO,-5555532.097508862,-9550324.734077003
INSERT,AXIS,_AXISO,-5546805.98044402,-9552075.41422216
INSERT,AXIS,_AXISO,-5538472.048415798,-9553747.412113599
INSERT,AXIS,_AXISO,-5532589.272866466,-9554927.645919326
INSERT,AXIS,_AXISO,-5521411.999322735,-9557170.090150206
INSERT,AXIS,_AXISO,-5513176.113553665,-9558822.417478216
INSERT,AXIS,_AXISO,-5504940.227784602,-9560474.74480623
INSERT,AXIS,_AXISO,-5496704.342015534,-9562127.072134241
INSERT,AXIS,_AXISO,-5488468.456246469,-9563779.399462255
INSERT,AXIS,_AXISO,-5565056.406006334,-9536652.466325648
INSERT,AXIS,_AXISO,-5563646.026608493,-9529622.549544196
INSERT,AXIS,_AXISO,-5562603.486746772,-9524426.09780895
INSERT,AXIS,_AXISO,-5561193.10734893,-9517396.181027494
INSERT,AXIS,_AXISO,-5559619.462274634,-9509552.480295054
INSERT,AXIS,_AXISO,-5557849.111566046,-9500728.316971052
INSERT,AXIS,_AXISO,-5555882.055223171,-9490923.691055503
INSERT,AXIS,_AXISO,-5554996.879868878,-9486511.609393502
INSERT,AXIS,_AXISO,-5316866.19251395,-9586445.710646659
INSERT,AXIS,_AXISO,-5315455.813116111,-9579415.793865203
INSERT,AXIS,_AXISO,-5314413.273254387,-9574219.342129961
INSERT,AXIS,_AXISO,-5313002.893856549,-9567189.425348505
INSERT,AXIS,_AXISO,-5311429.248782251,-9559345.724616067
INSERT,AXIS,_AXISO,-5307691.841730794,-9540716.93537651
INSERT,AXIS,_AXISO,-5306806.6663765,-9536304.85371451
INSERT,AXIS,_AXISO,-5480232.570477405,-9565431.72679027
INSERT,AXIS,_AXISO,-5471996.68470834,-9567084.05411828
INSERT,AXIS,_AXISO,-5463760.798939274,-9568736.381446299
INSERT,AXIS,_AXISO,-5455524.913170207,-9570388.708774313
INSERT,AXIS,_AXISO,-5447289.027401142,-9572041.036102323
INSERT,AXIS,_AXISO,-5439053.141632078,-9573693.363430336
INSERT,AXIS,_AXISO,-5430817.255863011,-9575345.690758352
INSERT,AXIS,_AXISO,-5422581.370093947,-9576998.018086367
INSERT,AXIS,_AXISO,-5414345.484324878,-9578650.345414381
INSERT,AXIS,_AXISO,-5406109.598555814,-9580302.672742389
INSERT,AXIS,_AXISO,-5397873.712786747,-9581955.00007041
INSERT,AXIS,_AXISO,-5393265.538606437,-9582879.516551557
INSERT,AXIS,_AXISO,-5387382.763057107,-9584059.75035728
INSERT,AXIS,_AXISO,-5382480.450099326,-9585043.27852872
INSERT,AXIS,_AXISO,-5376597.674549993,-9586223.512334443
INSERT,AXIS,_AXISO,-5368263.742521774,-9587895.510225886
INSERT,AXIS,_AXISO,-5363361.429563993,-9588879.038397324
INSERT,AXIS,_AXISO,-5356988.422718886,-9590157.625020191
INSERT,AXIS,_AXISO,-5348850.583208974,-9591790.281784776
INSERT,AXIS,_AXISO,-5343752.177732887,-9592813.151083065
INSERT,AXIS,_AXISO,-5336888.939591996,-9594190.090523079
INSERT,AXIS,_AXISO,-5330025.701451113,-9595567.02996309
INSERT,AXIS,_AXISO,-5308872.075536513,-9546599.710925844
INSERT,AXIS,_AXISO,-5310052.309342239,-9552482.486475177
INSERT,WINDOW,$DorLib2D$00000002,-5429676.420563627,-9568368.931629478
INSERT,0,dfdgdfhh,-5624357.450898137,-9734267.510327628
INSERT,COLUMN,_FZHK,-5401388.336422419,-9556769.941083837
INSERT,COLUMN,_FZHK,-5401388.336422419,-9556769.941083837
INSERT,MPFIXTURE,A1088D2A,-5471120.039392983,-9597002.664403236
INSERT,MPFIXTURE,A1088D2A,-5470880.858136434,-9596135.028346717
INSERT,MPFIXTURE,A1088D2A,-5471359.230205443,-9597869.850466006
INSERT,ARDOOR,AUD01D1S,5470324.452580339,-9598933.084043991
INSERT,MPFIXTURE,A1088D2A,5470099.532698354,-9593300.750562152
INSERT,MPFIXTURE,A1088D2A,5470338.713954901,-9594168.386618651
INSERT,MPFIXTURE,A1088D2A,5469860.351441807,-9592433.11450569
INSERT,MPFIXTURE,A1088D2A,-5470641.676879893,-9595267.392290258
INSERT,MPFIXTURE,A1138DAA,5469499.470836989,-9591425.071833207
INSERT,MPFIXTURE,A1138DAA,5469313.440971232,-9590750.243789136
INSERT,MPFIXTURE,A1163D1A,5465508.809409904,-9593889.105031253
INSERT,MPFIXTURE,A1138DAB,5466099.343523995,-9594720.632998916
INSERT,MPFIXTURE,A1163D1A,5465877.76890673,-9595227.51493618
INSERT,MPFIXTURE,A1163D1A,5465692.393680578,-9594555.06161561
INSERT,MPFIXTURE,A1163D1A,5465319.722329284,-9593203.186864753
INSERT,MPFIXTURE,A1088D2A,5470338.713611162,-9594168.386713151
INSERT,MPFIXTURE,A1088D2A,5470099.532354613,-9593300.75065665
INSERT,MPFIXTURE,A1088D2A,5469860.351098065,-9592433.114600192
INSERT,MPFIXTURE,A1088D2A,-5470641.676536156,-9595267.392384757
INSERT,MPFIXTURE,A1163D1A,5467163.914111639,-9595457.954588992
INSERT,MPFIXTURE,A1163D1A,5467843.184220862,-9595270.181556749
INSERT,MPFIXTURE,A1088D2A,-5470880.85779269,-9596135.028441214
INSERT,ARDOOR,AUD01D1S,5470324.452236601,-9598933.084138483
INSERT,MPFIXTURE,A1138DAB,5471583.757308845,-9601390.274981865
INSERT,MPFIXTURE,A1138DAB,5470685.788530704,-9601277.478454035
INSERT,MPFIXTURE,A1138DAA,-5470427.645659371,-9601780.432572743
INSERT,MPFIXTURE,A1138DAA,-5469756.694490862,-9601965.393700568
INSERT,MPFIXTURE,A1138DAA,-5469081.866446921,-9602151.42356678
INSERT,MPFIXTURE,A1138DAA,-5468407.038402996,-9602337.45343298
INSERT,MPFIXTURE,A1064D1A,-5472018.684531502,-9601391.375209203
INSERT,MPFIXTURE,A1088D2A,5466941.811736291,-9599087.357288665
INSERT,MPFIXTURE,A1088D2A,5466702.940234747,-9598220.844876331
INSERT,MPFIXTURE,A1088D2A,5466463.758978206,-9597353.208819844
INSERT,MPFIXTURE,A1088D2A,5466224.577721663,-9596485.572763372
INSERT,LVTRY,_LV5,5468779.096656894,-9588510.847624727
INSERT,LVTRY,_LV8,-5468958.502625007,-9589161.647369307
INSERT,LVTRY,M_E11,5464712.881433603,-9589112.92375512
INSERT,LVTRY,_LV5,5466862.690784238,-9588520.285184818
INSERT,LVTRY,_LV3,5465579.682167243,-9588925.895797
INSERT,MPFIXTURE,A1138DAB,5467478.261339655,-9588490.356854023
INSERT,0-修改新增,A$C36A4015A,-5382890.171448493,-9586656.090358209
INSERT,0-修改新增,A$C446C65A0,-5424526.33561043,-9583278.728054724
INSERT,0-导向定位-悬挂,A$C5C800014,-5476454.294046098,-9554726.617349471
INSERT,0-导向定位-悬挂,A$C68E935BE,-5391656.274238279,-9597470.790429124
INSERT,0-导向定位-悬挂,A$C217E3290,-5379474.042965814,-9598215.390573725
INSERT,0-导向定位-悬挂,A$C321A1F37,-5441671.088714342,-9649751.515200366
INSERT,导向定位-吸墙,AB-PING,-5446658.010311052,-9677262.226310068
INSERT,EECOMM,A$C2EC20988,-5429622.017411694,-9681614.729675418
INSERT,COLUMN,_FZHK,-5404531.187209589,-9572391.921752494
INSERT,COLUMN,_FZHK,-5396286.155082119,-9574047.944130029
INSERT,建-柱-平面-混凝土柱,_FZH,-5436324.053941298,-9642848.684215369
INSERT,ARDOOR,AUD02D1S,5411548.809814734,-9567640.509117351
INSERT,COLUMN,_FZHK,-5481451.20173981,-9528821.902882535
INSERT,WINDOW,$DORLIB2D$00000127,-5537683.955212328,-9639023.643899086
INSERT,WINDOW,$DORLIB2D$00000127,-5538333.491971804,-9641348.239023818
INSERT,建-墙体－砖墙,1111,-5441277.955922138,-9658100.831601599
INSERT,建-墙体－砖墙,1111,-5640424.82381559,-9618146.940224059
INSERT,COLUMN,_FZHK,-5526386.020924065,-9524014.043704875
INSERT,尺寸标注层,dfgdgh56j56767kk,-6542544.510846546,-8919855.639413331
INSERT,KbhRt主线_右线xl,saasssddd,-5434362.417434597,-9559137.197421717
INSERT,ZX-铺地,dfghfhjfgjfguj,-7394418.542349263,-5307670.919244867
INSERT,建-墙体－砖墙,khjgjfyu,3292584.052744055,-12104535.10425003
INSERT,建-柱-平面-混凝土柱,_FZH,-5402300.385494974,-9693316.624628787
INSERT,建-柱-平面-混凝土柱,_FZH,-5394210.269128643,-9695577.159339695
INSERT,AXIS,a  fgsd,-5484151.148679169,-9879500.332732069
INSERT,AXIS,a  fgsd,-5486148.54824307,-9879398.336250952
INSERT,AXIS,a  fgsd,-5482153.902947236,-9879605.206082215
INSERT,粗实线层,A$C7A240417,-5429633.434597071,-9716222.775330734
INSERT,尺寸标注层,A$C63B34347,-5462774.300017267,-9715993.889543174
INSERT,尺寸标注层,A$C63B34347,-5462147.552349892,-9703910.14936359
INSERT,尺寸标注层,A$C63B34347,-5468766.245699164,-9715683.105140051
INSERT,尺寸标注层,A$C0276304A,-5448333.924948741,-9704488.436559016
INSERT,尺寸标注层,A$C0276304A,-5456148.42077152,-9704083.121841543
INSERT,尺寸标注层,A$C0276304A,-5440519.428902209,-9704893.751288434
INSERT,尺寸标注层,A$C0276304A,-5448960.672662713,-9716572.175860354
INSERT,尺寸标注层,A$C0276304A,-5456775.16848765,-9716166.861201454
INSERT,尺寸标注层,A$C0276304A,-5441146.176610734,-9716977.490531158
INSERT,尺寸标注层,A$C63B34347,-5433535.973686774,-9705394.146861095
INSERT,尺寸标注层,A$C63B34347,-5434162.721354129,-9717477.887040674
INSERT,尺寸标注层,A$C63B34347,-5474758.191381067,-9715372.32073693
INSERT,尺寸标注层,A$C63B34347,-5468139.498031787,-9703599.364960476
INSERT,尺寸标注层,A$C63B34347,-5474131.443713686,-9703288.58055735
INSERT,尺寸标注层,A$C0E8B2CE3,-5425365.90807524,-9717795.929737922
INSERT,尺寸标注层,A$C0E8B2CE3,-5424739.15952895,-9705712.172612763
INSERT,尺寸标注层,A$C0E8B2CE3,-5419873.291200165,-9718080.815440769
INSERT,尺寸标注层,A$C0E8B2CE3,-5419246.542653872,-9705997.058315618
INSERT,尺寸标注层,A$C0E8B2CE3,-5412670.972490566,-9718454.378293367
INSERT,尺寸标注层,A$C0E8B2CE3,-5412044.223944276,-9706370.621168215
INSERT,尺寸标注层,A$C0E8B2CE3,-5405914.377436389,-9718064.293954116
INSERT,尺寸标注层,A$C0E8B2CE3,-5399729.469443171,-9714479.332419749
INSERT,尺寸标注层,A$C0E8B2CE3,-5396061.110744499,-9708331.478471253
INSERT,尺寸标注层,A$C0E8B2CE3,5407253.51024331,-9704902.070077254
INSERT,TEXT_消防,单栓,-2633697.767304921,-11098104.31875926
INSERT,TEXT_消防,单栓,-8364600.245666768,-8300018.843145847
INSERT,0,A$C313A33C1,-5502595.110871818,-9715505.231110043
INSERT,0,dfsdjj,-5245735.285705288,-8999877.155750406
INSERT,建-窗扇,$DorLib2D$00000001,-5530589.699396512,-9656925.003839059
INSERT,建-柱-平面-混凝土柱,_FZH,-5497435.380364598,-9666656.19747242
INSERT,建-柱-平面-混凝土柱,_FZH,-5492619.834907932,-9668001.753846121
INSERT,建-柱-平面-混凝土柱,_FZH,-5489413.602797571,-9668975.50979835
INSERT,建-柱-平面-混凝土柱,_FZH,-5481516.108248623,-9671182.222251218
INSERT,建-窗扇,$WINLIB2D$00000001,-5534031.403872266,-9656793.968341744
INSERT,建-窗扇,$WINLIB2D$00000001,-5532586.740235267,-9657197.635253858
INSERT,建-窗扇,$WINLIB2D$00000001,-5529697.412961267,-9658004.969078076
INSERT,建-窗扇,$WINLIB2D$00000001,-5528252.749324269,-9658408.635990186
INSERT,建-窗扇,$WINLIB2D$00000001,-5526808.085687271,-9658812.302902296
INSERT,建-窗扇,$WINLIB2D$00000001,-5523966.91386784,-9659606.181162779
INSERT,建-窗扇,$WINLIB2D$00000001,-5521029.431139274,-9660426.970550735
INSERT,建-窗扇,$WINLIB2D$00000001,-5519584.767502273,-9660830.637462845
INSERT,建-窗扇,$WINLIB2D$00000001,-5516695.440228278,-9661637.971287065
INSERT,建-窗扇,$WINLIB2D$00000001,-5515250.776591276,-9662041.638199173
INSERT,建-窗扇,$WINLIB2D$00000001,-5512361.449317278,-9662848.972023395
INSERT,建-窗扇,$WINLIB2D$00000001,-5508701.634770212,-9663871.594867407
INSERT,建-窗扇,$WINLIB2D$00000001,-5538365.394783264,-9655582.967605415
INSERT,建-窗扇,$WINLIB2D$00000001,-5503693.467495281,-9665270.973496053
INSERT,建-窗扇,$WINLIB2D$00000001,-5536920.731146262,-9655986.634517526
INSERT,建-窗扇,$WINLIB2D$00000001,-5535476.067509265,-9656390.301429638
INSERT,建-窗扇,$WINLIB2D$00000001,-5524641.090231771,-9659417.803270461
INSERT,建-窗扇,$WINLIB2D$00000001,-5525315.266595704,-9659229.425378143
INSERT,建-窗扇,$WINLIB2D$00000001,-5510916.785680278,-9663252.638935507
INSERT,WINDOW,$DorLib2D$00000231,-5550962.849340508,-9661695.110191535
INSERT,WINDOW,$DorLib2D$00000231,-5551101.693302134,-9659950.67918751
INSERT,WINDOW,$DorLib2D$00000222,5551537.42185552,-9671519.349629031
INSERT,STAIR,轴网$0$龙阳路站平剖面图0625$0$A$C6DF77E91,5497758.095708361,-9671745.993995614
INSERT,STAIR,轴网$0$龙阳路站平剖面图0625$0$A$C6DF77E91,-5498237.874933534,-9673463.052237352
INSERT,STAIR,轴网$0$楼扶梯后端,-5504948.034444756,-9672458.356869865
INSERT,粗实线层,A$C027A6B0C,-5494576.373281211,-9680392.133687536
INSERT,粗实线层,A$C027A6B0C,-5483789.550802089,-9683406.177616459
INSERT,粗实线层,A$C027A6B0C,-5506839.641339848,-9676965.539821582
INSERT,粗实线层,A$C027A6B0C,-5511558.875886874,-9675646.894573549
INSERT,粗实线层,A$C027A6B0C,-5517209.436925119,-9674068.018722492
INSERT,粗实线层,A$C027A6B0C,-5522988.091472499,-9672453.351071842
INSERT,粗实线层,A$C027A6B0C,-5527322.082410088,-9671242.350430679
INSERT,虚线层,A$C6ECD3C50,-5509201.46076769,-9667210.057684512
INSERT,虚线层,A$C6ECD3C50,-5504482.226220663,-9668528.702932542
INSERT,虚线层,A$C6ECD3C50,-5492218.95816203,-9671955.296798506
INSERT,虚线层,A$C6ECD3C50,-5481432.136340258,-9674969.343079714
INSERT,粗实线层,A$C027A6B0C,-5514852.021805936,-9665631.181833454
INSERT,粗实线层,A$C027A6B0C,-5520630.676353315,-9664016.514182803
INSERT,粗实线层,A$C027A6B0C,-5524964.667263849,-9662805.513444817
INSERT,粗实线层,A$C027A6B0C,-5531224.876356843,-9661056.290156613
INSERT,粗实线层,A$C027A6B0C,-5536329.35454036,-9659630.000398539
INSERT,粗实线层,A$C027A6B0C,-5541433.83272388,-9658203.710640465
INSERT,粗实线层,A$C027A6B0C,-5551032.282534938,-9660822.895617648
INSERT,虚线层,A$C6ECD3C50,-5495816.595858157,-9670950.047365593
INSERT,扶手,A$C5FF30CE1,5543072.77828281,-9665700.572934506
INSERT,扶手,A$C5FF30CE1,5550410.693656402,-9666122.847362325
INSERT,扶手,A$C5FF30CE1,5534037.550646879,-9670190.654367937
INSERT,扶手,A$C5FF30CE1,5542361.990316607,-9665857.875515603
INSERT,COLUMN,_FZH,-5573901.230517744,-9743582.875474567
INSERT,COLUMN,_FZH,-5566919.036807563,-9743083.905542087
INSERT,COLUMN,_FZH,-5574551.317058343,-9734486.074526444
INSERT,COLUMN,_FZH,-5567569.123348163,-9733987.104593968
INSERT,COLUMN,_FZH,-5575201.403598941,-9725389.273578324
INSERT,COLUMN,_FZH,-5568219.20988876,-9724890.303645846
INSERT,COLUMN,_FZH,-5575851.49013954,-9716292.472630204
INSERT,COLUMN,_FZH,-5568869.29642936,-9715793.502697724
INSERT,COLUMN,_FZH,-5576501.576680308,-9707195.671679711
INSERT,COLUMN,_FZH,-5577600.51853068,-9698130.947372478
INSERT,COLUMN,_FZH,-5569720.614200618,-9697567.824162968
INSERT,COLUMN,_FZH,-5578250.605071279,-9689034.146424356
INSERT,COLUMN,_FZH,-5570370.700741216,-9688471.023214846
INSERT,COLUMN,_FZH,-5578900.691611877,-9679937.345476236
INSERT,COLUMN,_FZH,-5571020.787281817,-9679374.222266726
INSERT,COLUMN,_FZH,-5579475.219848412,-9671897.848147086
INSERT,COLUMN,_FZH,-5571595.315518354,-9671334.724937574
INSERT,COLUMN,_FZH,-5580088.048461403,-9663319.710939303
INSERT,COLUMN,_FZH,-5572208.144131344,-9662756.587729793
INSERT,COLUMN,_FZH,-5573254.833099717,-9752666.46121679
INSERT,COLUMN,_FZH,-5566271.693920326,-9752180.902568134
INSERT,COLUMN,_FZH,-5572622.219546042,-9761764.493976222
INSERT,COLUMN,_FZH,-5565639.080366652,-9761278.935327567
INSERT,COLUMN,_FZH,-5571989.605992365,-9770862.526735657
INSERT,COLUMN,_FZH,-5565006.466812975,-9770376.968086999
INSERT,COLUMN,_FZH,-5571356.992438689,-9779960.559495087
INSERT,COLUMN,_FZH,-5564373.853259298,-9779475.000846431
INSERT,COLUMN,_FZH,-5570724.378885012,-9789058.592254519
INSERT,COLUMN,_FZH,-5563741.239705624,-9788573.033605864
INSERT,COLUMN,_FZH,-5563108.626151947,-9797671.066365298
INSERT,COLUMN,_FZH,-5569459.151777662,-9807254.657773384
INSERT,COLUMN,_FZH,-5562476.012598273,-9806769.09912473
INSERT,COLUMN,_FZH,-5568869.544847151,-9815734.183919785
INSERT,COLUMN,_FZH,-5561886.405667763,-9815248.625271131
INSERT,COLUMN,_FZH,-5568279.937916644,-9824213.710066185
INSERT,COLUMN,_FZH,-5561296.798737254,-9823728.151417531
INSERT,COLUMN,_FZH,-5567690.330986135,-9832693.236212588
INSERT,COLUMN,_FZH,-5560707.191806744,-9832207.677563932
INSERT,COLUMN,_FZH,-5567100.724055625,-9841172.762358988
INSERT,COLUMN,_FZH,-5560117.584876234,-9840687.203710333
INSERT,COLUMN,_FZH,-5566511.117125115,-9849652.288505387
INSERT,COLUMN,_FZH,-5559527.977945727,-9849166.729856733
INSERT,COLUMN,_FZH,-5554263.287284689,-9974092.780059637
INSERT,COLUMN,_FZH,-5553549.769301729,-9982595.873750453
INSERT,COLUMN,_FZH,-5552764.432907876,-9991094.368576849
INSERT,COLUMN,_FZH,-5551905.849209815,-9999594.516203163
INSERT,COLUMN,_FZH,-5550972.803195081,-10008104.94489087
INSERT,COLUMN,_FZH,-5549966.381815506,-10016612.93130196
INSERT,COLUMN,_FZH,-5548887.351231898,-10025111.42097335
INSERT,COLUMN,_FZH,-5547737.109940618,-10033590.60684736
INSERT,COLUMN,_FZH,-5546516.524253023,-10042084.2706604
INSERT,COLUMN,_FZH,-5545228.158771213,-10050698.84953466
INSERT,COLUMN,_FZH,-5543944.477582797,-10059095.84388626
INSERT,COLUMN,_FZH,-5530779.736953962,-10157841.24930179
INSERT,COLUMN,_FZH,-5526826.230780076,-10157233.14657142
INSERT,COLUMN,_FZH,-5569519.382969961,-9706696.701749603
INSERT,COLUMN,_FZH,-5570091.765331339,-9798156.625013952
INSERT,COLUMN,_FZH,-5563910.649188459,-9910117.547675513
INSERT,COLUMN,_FZH,-5553735.217812779,-9909410.019358903
INSERT,COLUMN,_FZH,-5563355.725018568,-9918098.278166246
INSERT,COLUMN,_FZH,-5553180.293642886,-9917390.74984963
INSERT,COLUMN,_FZH,-5562766.118088059,-9926577.804312644
INSERT,COLUMN,_FZH,-5552590.686712375,-9925870.275996034
INSERT,COLUMN,_FZH,-5562176.511157546,-9935057.330459045
INSERT,COLUMN,_FZH,-5552001.079781867,-9934349.802142433
INSERT,COLUMN,_FZH,-5561586.904227039,-9943536.856605444
INSERT,COLUMN,_FZH,-5551411.472851358,-9942829.328288835
INSERT,COLUMN,_FZH,-5561031.98005715,-9951517.587096175
INSERT,COLUMN,_FZH,-5550856.548681472,-9950810.058779566
INSERT,COLUMN,_FZH,-5560477.055887266,-9959498.317586907
INSERT,COLUMN,_FZH,-5550301.624511583,-9958790.789270297
INSERT,COLUMN,_FZH,-5559956.814477974,-9966980.252421967
INSERT,COLUMN,_FZH,-5549781.383102294,-9966272.724105353
INSERT,COLUMN,_FZH,-5564500.256118968,-9901638.021529112
INSERT,COLUMN,_FZH,-5554324.824743288,-9900930.493212502
INSERT,COLUMN,_FZH,-5565095.028076649,-9893084.213720245
INSERT,COLUMN,_FZH,-5554845.584130328,-9893441.108997574
INSERT,WINDOW,$DorLib2D$00000222,-5537920.539845321,-10157168.61509783
INSERT,WINDOW,$DorLib2D$00000222,-5538915.875293723,-9833503.018559614
INSERT,SPACE,平方米,-5350486.19605082,-9643336.704532051
INSERT,SPACE,平方米,-5375415.225246682,-9718668.428299297
INSERT,SPACE,平方米,-5374981.642727285,-9724735.641858133
INSERT,SPACE,平方米,-5374376.103362009,-9733209.084589461
INSERT,SPACE,平方米,-5373911.443977215,-9739711.163417736
INSERT,SPACE,平方米,-5382065.039298741,-9525206.8138943
INSERT,SPACE,平方米,-5352036.876067605,-9637163.656959588
INSERT,COLUMN,_FZH,-5565956.192955225,-9857633.018996089
INSERT,COLUMN,_FZH,-5558973.053775836,-9857147.460347434
INSERT,WINDOW,$DorLib2D$00000228,-5533562.179598901,-9720360.283319228
INSERT,WINDOW,$DorLib2D$00000228,-5533998.578485042,-9714253.958825571
INSERT,SPACE,平方米,-5350304.85848859,-9645852.257661266
INSERT,SPACE,平方米,-5357775.359554198,-9503305.379574166
INSERT,SPACE,平方米,-5382775.629776414,-9516552.634856513
INSERT,SPACE,平方米,-5375310.022962991,-9712039.936070171
INSERT,SPACE,平方米,-5350061.192243956,-9649261.93189197
INSERT,SPACE,平方米,-5346232.058339991,-9650699.564537823
INSERT,SPACE,平方米,-5358974.802360894,-9731761.32287922
INSERT,SPACE,平方米,-5356302.833396949,-9718581.746707227
INSERT,WINDOW,$DorLib2D$00000222,-5539206.504100666,-9829309.184928657
INSERT,SPACE,平方米,-5347397.976646434,-9635807.932923915
INSERT,填充,A$C585B43BA,-5540564.916256897,-10167238.07141767
INSERT,填充,A$C3E3C7F2D,-5592782.47305697,-9656908.277127381
INSERT,WINDOW,$DorLib2D$00000228,-5584816.835389438,-9809111.298197649
INSERT,WINDOW,$DorLib2D$00000228,-5589905.084988751,-9809465.101883061
INSERT,WINDOW,$DorLib2D$00000228,-5584358.114969555,-9815715.827896266
INSERT,WINDOW,$DorLib2D$00000228,-5589445.478767299,-9816074.949674447
INSERT,FT预埋件,ft,-5576907.932093996,-9679343.78889497
INSERT,FT预埋件,ft,-5578434.040147783,-9679452.849465896
INSERT,FT预埋件,ft,-5573277.191364662,-9679084.324530151
INSERT,FT预埋件,ft,-5574803.299418449,-9679193.385101076
INSERT,FT预埋件,ft,-5571551.592062021,-9678961.007675351
INSERT,FT预埋件,ft,-5573077.700115807,-9679070.068246275
INSERT,FT预埋件,ft,-5570000.314929278,-9706279.923078666
INSERT,FT预埋件,ft,-5571526.422983063,-9706388.98364959
INSERT,FT预埋件,ft,-5571725.914231926,-9706403.239933406
INSERT,FT预埋件,ft,-5573252.022285713,-9706512.300504332
INSERT,FT预埋件,ft,-5572055.181626085,-9733856.545089595
INSERT,FT预埋件,ft,-5573581.28967987,-9733965.605660518
INSERT,FT预埋件,ft,-5570329.521228302,-9733733.703979579
INSERT,FT预埋件,ft,-5571855.629282087,-9733842.7645505
INSERT,FT预埋件,ft,-5568603.381784372,-9733610.348524612
INSERT,FT预埋件,ft,-5570129.48983816,-9733719.409095533
INSERT,FT预埋件,ft,-5572740.515321105,-9724266.523085244
INSERT,FT预埋件,ft,-5574266.623374892,-9724375.583656172
INSERT,FT预埋件,ft,-5571014.854923326,-9724143.681975228
INSERT,FT预埋件,ft,-5572540.962977111,-9724252.742546152
INSERT,FT预埋件,ft,-5569288.715479396,-9724020.32652026
INSERT,FT预埋件,ft,-5570814.823533182,-9724129.387091187
INSERT,FT预埋件,ft,-5570685.334495443,-9696680.525337797
INSERT,FT预埋件,ft,-5572211.442549226,-9696789.585908721
INSERT,FT预埋件,ft,-5572410.933798088,-9696803.842192535
INSERT,FT预埋件,ft,-5573937.041851875,-9696912.902763461
INSERT,FT预埋件,ft,-5577593.944481909,-9669744.270000515
INSERT,FT预埋件,ft,-5579120.052535694,-9669853.33057144
INSERT,FT预埋件,ft,-5573963.203752573,-9669484.805635697
INSERT,FT预埋件,ft,-5575489.311806359,-9669593.866206623
INSERT,FT预埋件,ft,-5572237.604449932,-9669361.488780896
INSERT,FT预埋件,ft,-5573763.712503718,-9669470.549351817
INSERT,FT预埋件,ft,-5566943.344609147,-9751171.252099798
INSERT,FT预埋件,ft,-5568469.452662933,-9751280.312670722
INSERT,FT预埋件,ft,-5571203.073027962,-9751467.251113647
INSERT,FT预埋件,ft,-5572729.181081747,-9751576.311684571
INSERT,FT预埋件,ft,-5566268.750628061,-9760871.824194678
INSERT,FT预埋件,ft,-5567794.858681846,-9760980.884765601
INSERT,FT预埋件,ft,-5570528.476623304,-9761167.823039986
INSERT,FT预埋件,ft,-5572054.584677089,-9761276.883610912
INSERT,FT预埋件,ft,-5565762.328958237,-9823882.470052183
INSERT,FT预埋件,ft,-5567288.437012024,-9823991.530623111
INSERT,FT预埋件,ft,-5564036.495989637,-9823762.467700481
INSERT,FT预埋件,ft,-5565562.604043422,-9823871.528271407
INSERT,FT预埋件,ft,-5562310.663021016,-9823642.465348781
INSERT,FT预埋件,ft,-5563836.771074803,-9823751.525919702
INSERT,SPACE,平方米,-5357564.801469672,-9507565.699975902
INSERT,SPACE,平方米,-5359929.686768573,-9509186.886277486
INSERT,填充,A$C0DC64A90,-5574179.401331373,-9783828.872268628
INSERT,标注,coli]umn,-5939384.866719384,-9791892.603317236
INSERT,SPACE,平方米,-5383127.911352213,-9520159.482212362
INSERT,WINDOW,$DorLib2D$00000228,-5538754.484697975,-9731637.175578333
INSERT,WINDOW,$DorLib2D$00000228,-5538318.242196711,-9737741.61083493
INSERT,WINDOW,$DorLib2D$00000228,-5533485.013903693,-9731260.605369687
INSERT,WINDOW,$DorLib2D$00000228,-5533048.771619785,-9737365.037584869
INSERT,WINDOW,$DorLib2D$00000228,-5532956.287538048,-9728838.661395874
INSERT,WINDOW,$DorLib2D$00000228,-5533392.686424186,-9722732.33690222
INSERT,SPACE,平方米,-5382477.332349052,-9642043.367505804
INSERT,填充,A$C0DC64A90,-5546402.927934294,-9761398.604843956
INSERT,WINDOW,$DorLib2D$00000228,-5537602.632713126,-9915605.898127537
INSERT,WINDOW,$DorLib2D$00000231,-5529149.228407509,-9907332.489693587
INSERT,WINDOW,$DorLib2D$00000228,-5539740.74192252,-9921819.175036889
INSERT,DIM_LEAD,A$C10073CAA,-5546036.983093846,-9802841.391980082
INSERT,ZX-定位标注,shd ias hdiusadiosaj dioasjdiosajdioasjpods opd,-4828506.652413074,-11518244.68915302
INSERT,ZX-定位标注,shd ias hdiusadiosaj dioasjdiosajdioasjpods opd,-4828609.230409374,-11516748.19995264
INSERT,ZX-定位标注,shd ias hdiusadiosaj dioasjdiosajdioasjpods opd,-4828713.27869114,-11515251.81298562
INSERT,ZX-定位标注,shd ias hdiusadiosaj dioasjdiosajdioasjpods opd,-4828402.604131307,-11519741.07612004
INSERT,ZX-定位标注,shd ias hdiusadiosaj dioasjdiosajdioasjpods opd,-4786449.853853021,-11662294.02200506
INSERT,ZX-定位标注,shd ias hdiusadiosaj dioasjdiosajdioasjpods opd,-4786553.902134787,-11660797.63503804
INSERT,ZX-定位标注,shd ias hdiusadiosaj dioasjdiosajdioasjpods opd,-3698432.108412694,-9026600.131056998
INSERT,ZX-定位标注,shd ias hdiusadiosaj dioasjdiosajdioasjpods opd,-3699929.136038028,-9026694.560807316
INSERT,ZX-定位标注,shd ias hdiusadiosaj dioasjdiosajdioasjpods opd,-3701425.685299581,-9026796.344192343
INSERT,ZX-定位标注,shd ias hdiusadiosaj dioasjdiosajdioasjpods opd,-4825081.551396761,-11517293.2953391
INSERT,ZX-定位标注,shd ias hdiusadiosaj dioasjdiosajdioasjpods opd,-4825187.003438748,-11515797.00591555
INSERT,ZX-定位标注,shd ias hdiusadiosaj dioasjdiosajdioasjpods opd,-4825293.925567136,-11514300.82154908
INSERT,ZX-定位标注,shd ias hdiusadiosaj dioasjdiosajdioasjpods opd,-4824974.629268372,-11518789.47970557
INSERT,ZX-定位标注,shd ias hdiusadiosaj dioasjdiosajdioasjpods opd,-3696935.080787359,-9026505.70130668
INSERT,WINDOW,$DorLib2D$00000228,-5537831.538933296,-9912313.846800145
INSERT,HK-大系统-2D边线,Tydf.9F818F17-732A-4EE1-BBDE-735CF66BF23,-5522043.473464488,-9706234.093442562
INSERT,HK-大系统-2D边线,Tydf.EA106006-EED9-4E07-BFA4-CF66EDEA599A,-5521327.346358362,-9705425.646529974
INSERT,EQUIP_地漏,$TwtSys$00000141,-5519430.818573289,-9704120.79122666
INSERT,TEXT_消防,单栓,-2649013.284971738,-8324011.340873228
INSERT,TEXT_消防,单栓,-2636000.900854728,-11084596.76867183
INSERT,TEXT_消防,单栓,-2642584.090848899,-8337953.20714098
INSERT,TEXT_消防,单栓,-8390178.848683738,-11108070.34595609
INSERT,STAIR,002,-5446225.830487172,-9803395.78219613
INSERT,WINDOW,$DorLib2D$00000192,-5537517.850560915,-9835863.406997816
INSERT,ZX-定位标注,shd ias hdiusadiosaj dioasjdiosajdioasjpods opd,-4786449.853853103,-11662294.0220051
INSERT,ZX-定位标注,shd ias hdiusadiosaj dioasjdiosajdioasjpods opd,-4786553.902134869,-11660797.63503808
INSERT,WINDOW,$DorLib2D$00000228,-5530721.467060508,-9703397.741708942
INSERT,WINDOW,$DorLib2D$00000231,-5522969.064618353,-9702929.026620351
INSERT,WINDOW,$DorLib2D$00000231,-5563214.226955904,-9916534.696898919
INSERT,WINDOW,$DorLib2D$00000222,-5565720.952645626,-9896336.333378279
INSERT,WINDOW,$DorLib2D$00000228,-5566495.795446424,-9901075.084377621
INSERT,WINDOW,$DorLib2D$00000228,-5566398.683716694,-9902471.712213493
INSERT,WINDOW,$DorLib2D$00000228,-5565809.076786011,-9910951.238359881
INSERT,WINDOW,$DorLib2D$00000228,-5565254.152616299,-9918931.968850628
INSERT,WINDOW,$DorLib2D$00000222,-5563759.679919583,-9924542.690020537
INSERT,WINDOW,$DorLib2D$00000228,-5576952.898974386,-9704400.924562055
INSERT,WINDOW,$DorLib2D$00000228,-5576853.132238106,-9705796.98199068
INSERT,WINDOW,$DorLib2D$00000228,-5577059.82110244,-9702904.740195664
INSERT,WINDOW,$DorLib2D$00000228,-5564898.708053142,-9924019.570530258
INSERT,WINDOW,$DorLib2D$00000228,-5575450.111015111,-9816241.871190511
INSERT,WINDOW,$DorLib2D$00000228,-5540313.08048244,-9833577.064768714
INSERT,WINDOW,$DorLib2D$00000222,-5555591.576798579,-9664936.010255143
INSERT,WINDOW,$DorLib2D$00000231,-5554553.973937195,-9682062.149085188
INSERT,WINDOW,$DorLib2D$00000228,-5540229.326936621,-9827175.106414278
INSERT,WINDOW,$DorLib2D$00000228,-5552677.839588642,-9683012.043141582
INSERT,WINDOW,$DorLib2D$00000228,-5553896.120474681,-9910724.349103819
INSERT,WINDOW,$DorLib2D$00000228,-5549890.779801519,-9900521.94933609
INSERT,WINDOW,$DorLib2D$00000228,-5550073.340410762,-9897896.424805789
INSERT,WINDOW,$DorLib2D$00000228,-5550246.754213881,-9895402.446527437
INSERT,WINDOW,$DorLib2D$00000228,-5574275.164734082,-9833164.815305233
INSERT,WINDOW,$DorLib2D$00000228,-5574456.2087445,-9830561.101982635
INSERT,WINDOW,$DorLib2D$00000228,-5575131.225852499,-9820880.924598018
INSERT,WINDOW,$DorLib2D$00000228,-5575314.033335565,-9818187.120427877
INSERT,WINDOW,$DorLib2D$00000231,-5564358.374849081,-9900074.413616222
INSERT,WINDOW,$DorLib2D$00000228,-5570206.824775263,-9892267.787568524
INSERT,WINDOW,$DorLib2D$00000228,-5540132.213798844,-9828571.754501034
INSERT,WINDOW,$DorLib2D$00000228,-5546943.626467195,-9825436.659428707
INSERT,WINDOW,$DorLib2D$00000228,-5550235.243783563,-9908565.20694597
INSERT,WINDOW,$DorLib2D$00000228,-5541087.344825386,-9819910.477442729
INSERT,WINDOW,$DorLib2D$00000231,-5547227.98122443,-9821346.532004989
INSERT,WINDOW,$DorLib2D$00000228,-5544908.924144378,-9834517.385963694
INSERT,WINDOW,$DorLib2D$00000222,-5550813.078434296,-9690085.191992224
INSERT,WINDOW,$DorLib2D$00000222,-5552360.115203271,-9688379.788656661
INSERT,WINDOW,$DorLib2D$00000228,-5553016.387290608,-9692560.531616136
INSERT,WINDOW,$DorLib2D$00000228,-5552865.999860598,-9689207.150644328
INSERT,WINDOW,$DorLib2D$00000228,-5576792.127464805,-9696816.941925007
INSERT,WINDOW,$DorLib2D$00000228,-5574999.431362873,-9822776.34808171
INSERT,WINDOW,$DorLib2D$00000222,-5554527.104055315,-9917483.526796395
INSERT,WINDOW,$DorLib2D$00000228,-5523233.752448679,-9709779.123508615
INSERT,COLUMN,_FZHK,-5541500.312917487,-9778484.170588511
INSERT,COLUMN,_FZHK,-5541572.829177226,-9777286.363510693
INSERT,COLUMN,_FZHK,-5542124.297135655,-9768182.688118175
INSERT,COLUMN,_FZHK,-5542675.727592971,-9759079.010454131
INSERT,COLUMN,_FZHK,-5542603.136352213,-9760276.812822306
INSERT,COLUMN,_FZHK,-5541021.398726851,-9786390.041175156
INSERT,COLUMN,_FZHK,-5541260.624180867,-9782440.617291248
INSERT,COLUMN,_FZHK,-5541812.054637782,-9773336.939627178
INSERT,COLUMN,_FZHK,-5542363.496238761,-9764233.077983567
INSERT,COLUMN,_FZHK,-5542863.077023413,-9755985.399362138
INSERT,COLUMN,_FZHK,-5543080.697839983,-9752393.578925284
INSERT,COLUMN,_FZHK,-5542051.74338454,-9769380.49276457
INSERT,WINDOW,$DorLib2D$00000228,-5550228.245403079,-9848119.125541405
INSERT,WALL,A$C26C2625F,-5533948.210398171,-9684093.411740528
INSERT,WALL,A$C26C2625F,-5528451.569790743,-9673023.081609823
INSERT,WALL,A$C26C2625F,-5548734.321035055,-9684451.70148891
INSERT,WINDOW,$DorLib2D$00000222,-5551537.421859519,-9671519.349624464
INSERT,STEEL,SHUCHI,5459648.635491264,-9576130.64192526
INSERT,STEEL,SHUCHI,5463323.724702465,-9575117.523897459
INSERT,STEEL,SHUCHI,-5455628.841305617,-9561557.691170833
INSERT,STEEL,SHUCHI,-5459304.258128492,-9560545.762306356
INSERT,建-墙体－砖墙,sdf2f2f3f,-5513116.117259158,-9547345.136300897
INSERT,粗实线层,A$C027A6B0C,-5517209.436916713,-9674068.018695949
INSERT,粗实线层,A$C027A6B0C,-5551276.943542849,-9657832.91803282
INSERT,STAIR,$DorLib2D$00000231,-5405950.104826446,-9571267.654375303
INSERT,COLUMN,_FZHK,-5430078.853390211,-9570654.430780958
INSERT,I-FURN,$PLAN$00001584,5443285.847108894,-9569040.621212833
INSERT,I-FURN,$PLAN$00001584,5435763.043290886,-9570549.876876414
INSERT,KbhRt主线_右线xl,dasddddss,5519808.848682455,-9802892.829963688
INSERT,KbhRt主线_右线xl,dasddddss,5518789.167575171,-9802688.25616414
INSERT,通信-技术防范,A$C4CA400BE,-5440364.875581003,-9558229.433344044
INSERT,通信-技术防范,A$C4CA400BE,-5437253.691232407,-9558803.879989994
INSERT,通信-技术防范,A$C4CA400BE,-5434618.707908405,-9559278.492602809
INSERT,通信-技术防范,A$C4CA400BE,-5438860.24866301,-9568206.502754502
INSERT,通信-技术防范,A$C4CA400BE,-5440708.476595061,-9565911.841128333
INSERT,通信-技术防范,A$C4CA400BE,-5435893.737404297,-9566894.525223839
INSERT,建-墙体－砖墙,sdf2f2f3f,-5515077.042471487,-9546951.72517793
INSERT,建-墙体－砖墙,sdf2f2f3f,-5517037.967683815,-9546558.31405496
INSERT,建-墙体－砖墙,sdf2f2f3f,-5393902.444276267,-9520352.768426088
INSERT,ARDOOR,AUD02D1S,-5403425.753961792,-9539784.11937612
INSERT,建-墙体－砖墙,sdf2f2f3f,-5402692.245879771,-9537348.07970143
INSERT,7号线,_FZH,-5484627.202819459,-9479361.123193498
INSERT,7号线,_FZH,-5483436.947259372,-9473991.459172196
INSERT,7号线,_FZH,-5477304.933699494,-9480984.198957251
INSERT,7号线,_FZH,-5476114.678139412,-9475614.534935951
INSERT,7号线,_FZH,-5469494.513304878,-9482715.479771924
INSERT,7号线,_FZH,-5468304.257744788,-9477345.81575062
INSERT,7号线,_FZH,-5461684.092910251,-9484446.760586594
INSERT,7号线,_FZH,-5460493.837350164,-9479077.096565294
INSERT,7号线,_FZH,-5453873.672515627,-9486178.04140127
INSERT,7号线,_FZH,-5452683.416955543,-9480808.377379966
INSERT,7号线,_FZH,-5446063.252121005,-9487909.322215944
INSERT,7号线,_FZH,-5444872.996560921,-9482539.658194637
INSERT,7号线,_FZH,-5438252.831726385,-9489640.603030611
INSERT,7号线,_FZH,-5437062.576166296,-9484270.939009311
INSERT,7号线,_FZH,-5490485.018115423,-9478062.662582495
INSERT,7号线,_FZH,-5489294.762555338,-9472692.998561193
INSERT,7号线,_FZH,-5430442.411331759,-9491371.883845287
INSERT,7号线,_FZH,-5429252.155771672,-9486002.219823982
INSERT,7号线,_FZH,-5422631.990937134,-9493103.164659959
INSERT,7号线,_FZH,-5421441.735377047,-9487733.500638659
INSERT,7号线,_FZH,-5414821.570542512,-9494834.445474632
INSERT,7号线,_FZH,-5413631.314982426,-9489464.781453326
INSERT,7号线,_FZH,-5407011.150147889,-9496565.726289306
INSERT,7号线,_FZH,-5405820.894587804,-9491196.062268002
INSERT,7号线,_FZH,-5398010.474193181,-9492927.343082676
INSERT,7号线,_FZH,-5399200.729753267,-9498297.00710398
INSERT,7号线,_FZH,-5391390.309358642,-9500028.287918647
INSERT,7号线,_FZH,-5390200.053798556,-9494658.623897347
INSERT,7号线,_FZH,-5383579.888964019,-9501759.568733321
INSERT,7号线,_FZH,-5382389.633403931,-9496389.904712017
INSERT,7号线,_FZH,-5374872.103774107,-9498056.26249614
INSERT,7号线,_FZH,-5367061.683379485,-9499787.543310812
INSERT,7号线,_FZH,-5359251.262984859,-9501518.824125486
INSERT,7号线,_FZH,-5351440.842590238,-9503250.104940159
INSERT,7号线,_FZH,-5345145.292908456,-9511815.50360013
INSERT,7号线,_FZH,-5343630.422195615,-9504981.385754831
INSERT,7号线,_FZH,-5337498.40863574,-9511974.125539886
INSERT,7号线,_FZH,-5336308.153075655,-9506604.461518582
INSERT,7号线,_FZH,-5329687.988241119,-9513705.406354558
INSERT,7号线,_FZH,-5328497.732681033,-9508335.74233326
INSERT,7号线,_FZH,-5495854.682136727,-9476872.407022407
INSERT,7号线,_FZH,-5494664.426576644,-9471502.743001099
INSERT,7号线,_FZH,-5313342.173610732,-9513897.354443658
INSERT,7号线,_FZH,-5305531.753216111,-9515628.63525833
INSERT,7号线,_FZH,-5297721.33282148,-9517359.916073003
INSERT,7号线,_FZH,-5321152.594005353,-9512166.073628989
INSERT,7号线,_FZH,-5265505.805784349,-9519891.677859721
INSERT,7号线,_FZH,-5267713.188825053,-9529849.963871892
INSERT,7号线,_FZH,-5260879.070980172,-9531364.834586584
INSERT,7号线,_FZH,-5254533.104409911,-9532771.500248427
INSERT,7号线,M_A20XCS,-5423953.100041578,-9486586.843095292
INSERT,7号线,M_A20XCS,-5409725.22974863,-9489740.634777078
INSERT,7号线,_FZH,-5273316.226178971,-9518160.397045049
INSERT,7号线,_FZH,-5275523.609219682,-9528118.68305722
INSERT,7号线,_FZH,-5281126.646573592,-9516429.116230375
INSERT,7号线,_FZH,-5283334.0296143,-9526387.402242546
INSERT,7号线,_FZH,-5288448.915693925,-9514806.040466536
INSERT,7号线,_FZH,-5290656.298734632,-9524764.326478708
INSERT,7号线,_FZH,-5247698.986564614,-9534286.370961266
INSERT,7号线,_LV13,-5446816.761787756,-9499492.996459485
INSERT,7号线,_FZH,-6636396.36304854,-9157534.582293802
INSERT,7号线,_FZH,-6635206.107488452,-9152164.918272498
INSERT,7号线,_FZH,-6629074.093928576,-9159157.658057553
INSERT,7号线,_FZH,-6627883.838368493,-9153787.994036253
INSERT,7号线,_FZH,-6621263.673533958,-9160888.938872226
INSERT,7号线,_FZH,-6620073.41797387,-9155519.274850922
INSERT,7号线,_FZH,-6613453.253139331,-9162620.219686898
INSERT,7号线,_FZH,-6612262.997579243,-9157250.555665598
INSERT,7号线,_FZH,-6605642.832744707,-9164351.500501574
INSERT,7号线,_FZH,-6604452.577184622,-9158981.836480268
INSERT,7号线,_FZH,-6597832.412350086,-9166082.781316246
INSERT,7号线,_FZH,-6596642.156790001,-9160713.117294939
INSERT,7号线,_FZH,-6590021.991955466,-9167814.062130913
INSERT,7号线,_FZH,-6588831.736395378,-9162444.398109613
INSERT,7号线,_FZH,-6642254.178344504,-9156236.121682796
INSERT,7号线,_FZH,-6641063.922784419,-9150866.457661495
INSERT,7号线,_FZH,-6582211.571560839,-9169545.342945589
INSERT,7号线,_FZH,-6581021.316000754,-9164175.678924284
INSERT,7号线,_FZH,-6574401.151166216,-9171276.623760261
INSERT,7号线,_FZH,-6573210.895606128,-9165906.959738961
INSERT,7号线,_FZH,-6566590.730771593,-9173007.904574934
INSERT,7号线,_FZH,-6565400.475211506,-9167638.240553628
INSERT,7号线,_FZH,-6558780.310376969,-9174739.18538961
INSERT,7号线,_FZH,-6557590.054816884,-9169369.521368304
INSERT,7号线,_FZH,-6549779.634422263,-9171100.802182978
INSERT,7号线,_FZH,-6550969.889982347,-9176470.466204282
INSERT,7号线,_FZH,-6543159.469587721,-9178201.747018951
INSERT,7号线,_FZH,-6541969.214027637,-9172832.082997649
INSERT,7号线,_FZH,-6535349.049193101,-9179933.027833625
INSERT,7号线,_FZH,-6534158.793633012,-9174563.363812321
INSERT,7号线,_FZH,-6526641.264003188,-9176229.721596442
INSERT,7号线,_FZH,-6518830.843608567,-9177961.002411114
INSERT,7号线,_FZH,-6511020.423213939,-9179692.283225788
INSERT,7号线,_FZH,-6503210.002819319,-9181423.564040461
INSERT,7号线,_FZH,-6496914.453137536,-9189988.962700432
INSERT,7号线,_FZH,-6495399.582424695,-9183154.844855133
INSERT,7号线,_FZH,-6489267.568864819,-9190147.584640188
INSERT,7号线,_FZH,-6488077.313304734,-9184777.920618884
INSERT,7号线,_FZH,-6481457.148470198,-9191878.86545486
INSERT,7号线,_FZH,-6480266.892910113,-9186509.201433562
INSERT,7号线,_FZH,-6647623.842365805,-9155045.866122708
INSERT,7号线,_FZH,-6646433.586805725,-9149676.202101401
INSERT,7号线,_FZH,-6465111.333839812,-9192070.813543962
INSERT,7号线,_FZH,-6457300.913445191,-9193802.094358632
INSERT,7号线,_FZH,-6449490.493050562,-9195533.375173305
INSERT,7号线,_FZH,-6472921.754234432,-9190339.532729291
INSERT,7号线,_FZH,-6417274.966013429,-9198065.136960023
INSERT,7号线,_FZH,-6419482.349054135,-9208023.422972194
INSERT,7号线,_FZH,-6412648.231209253,-9209538.293686888
INSERT,7号线,_FZH,-6406302.264638991,-9210944.959348729
INSERT,7号线,M_A20XCS,-6575722.260270659,-9164760.302195594
INSERT,7号线,M_A20XCS,-6561494.389977712,-9167914.093877381
INSERT,7号线,_FZH,-6425085.386408051,-9196333.856145351
INSERT,7号线,_FZH,-6427292.769448762,-9206292.142157522
INSERT,7号线,_FZH,-6432895.806802672,-9194602.575330677
INSERT,7号线,_FZH,-6435103.18984338,-9204560.861342848
INSERT,7号线,_FZH,-6440218.075923004,-9192979.499566838
INSERT,7号线,_FZH,-6442425.458963714,-9202937.78557901
INSERT,7号线,_FZH,-6399468.146793695,-9212459.830061568
INSERT,7号线,_LV13,-6598585.922016837,-9177666.455559787
INSERT,ARDOOR,AUD02D1S,-6555194.913022997,-9217957.579148171
INSERT,建-墙体－砖墙,sdf2f2f3f,-6554461.406108852,-9215521.538801732
INSERT,建-墙体－砖墙,sdf2f2f3f,-6545671.604505346,-9198526.227526391
INSERT,建-墙体－砖墙,fvbt5jn5577i,2243408.549135041,-11281597.21964847
INSERT,WINDOW,$DorLib2D$00000231,-5523640.73702556,-9663176.779391299
INSERT,粗实线层,A$C027A6B0C,-5522797.671808298,-9663411.013812796
INSERT,WINDOW,$DorLib2D$00000231,-5521955.298236508,-9663647.723530202
INSERT,KbhRt主线_右线xl,换乘通道扶梯1,3129955.92138257,-2846595.400465179
INSERT,KbhRt主线_右线xl,换乘通道扶梯1,3132726.660966337,-2845139.412086457
INSERT,STAIR,换乘通道扶梯1,3134258.092110068,-2844334.66451609
INSERT,WALL-1,sdfsdgdsh55,-4009664.898139409,-9797094.793956027
INSERT,WALL-1,sdfsdgdsh55,-5161434.058368491,-9475268.253056329
INSERT,建-墙体－砖墙,sdf2f2f3f,-6512981.303523121,-9196961.110392559
INSERT,STAIR,$DorLib2D$00000231,-5508623.747245319,-9494244.476758105
INSERT,建-墙体－砖墙,sdf2f2f3f,-5361957.061079872,-9522302.080787991
INSERT,建-墙体－砖墙,sdf2f2f3f,-5360908.345246006,-9517468.805035282
INSERT,0,A0加_1486_横框_上海地铁18号线图签_上海地铁18号线会签___template,61147.65508160688,-30047.89558141313
INSERT,0,A0加_1486_横框_上海地铁18号线图签_上海地铁18号线会签___template,241800.7502893525,-30047.89558141313
INSERT,0,A1加_1471_横框_上海地铁18号线图签_上海地铁18号线会签___template,62647.65508160688,-176018.932659921
INSERT,0,A1加_1471_横框_上海地铁18号线图签_上海地铁18号线会签___template,243300.7502893524,-176018.932659921
INSERT,0,A1加_1261_横框_上海地铁18号线图签_上海地铁18号线会签___template,243300.7502893524,-333703.6344139166
INSERT,0,A1加_1471_横框_上海地铁18号线图签_上海地铁18号线会签___template,62647.65508160688,-333703.6344139166
INSERT,建-墙体－砖墙,dfsdf5yhjfj,257427.5732358549,-198216.9649778614
INSERT,建-墙体－砖墙,dfsdf5yhjfj,254453.4982383998,-52276.57156771398
INSERT,建-墙体－砖墙,dfsdf5yhjfj,437549.3452432683,-52276.57156771398
INSERT,建-墙体－砖墙,dfsdf5yhjfj,436421.1329921531,-355908.882752141
INSERT,建-墙体－砖墙,dfsdf5yhjfj,367358.0203344307,-355908.882752141
