type,layer,x,y,text
TEXT,I-TEXT,-10759691.61233964,-8692781.929031655,TVM
TEXT,I-TEXT,-10622947.0236738,-8203393.454068654,TVM
TEXT,PUB_TEXT,-9920720.069456478,-9272159.203864974,12
TEXT,PUB_TEXT,-9917340.284424058,-9273096.586591311,2
TEXT,I-TEXT,-6532304.83273537,-9189770.988837011,消防栓
TEXT,PUB_TEXT,-6556150.02458903,-9226450.925158593,出站
TEXT,PUB_TEXT,-6595756.096296461,-9243885.611509405,下
TEXT,C-NAME,-6650566.525557003,-9266270.714152097,设备用房
TEXT,PUB_TEXT,-6519392.011733177,-9302889.673391742,设备用房
TEXT,PUB_TEXT,-6590983.054160012,-9282596.126254517,磁悬浮站厅层(二层)
TEXT,PUB_TEXT,-6575893.436355373,-9274787.488055592,非付费区
TEXT,PUB_TEXT,-6555956.230052658,-9298921.639861253,付费区
TEXT,C-NAME,-6544249.975879361,-9204040.166019277,换乘通道
TEXT,C-NAME,-6522759.023745914,-9237257.978870232,设备用房
TEXT,C-NAME,-6573118.433882454,-9176079.962605093,7号线站厅层(地下一层)
TEXT,C-NAME,-6606457.325742667,-9200284.940706946,万邦商场
TEXT,PUB_TEXT,-6670746.019627367,-9187657.716540694,非付费区
TEXT,PUB_TEXT,-6553574.045192314,-9208878.964539081,玻璃墙
TEXT,PUB_TEXT,-6584344.292534127,-9228690.974282029,付费区
TEXT,PUB_TEXT,-6667891.201596019,-9215591.279686798,付费区
TEXT,PUB_TEXT,-6565673.742802353,-9243908.074078504,付费区
TEXT,PUB_TEXT,-6616630.111992475,-9219832.744301543,2号线站厅层(一层)
TEXT,C-NAME,-6702776.147508493,-9236408.586794782,消防车道
TEXT,C-NAME,-6697555.182302254,-9265464.84754,换乘通道
TEXT,C-NAME,-6464317.925264724,-9174994.282627663,负一层站厅（7号线）
TEXT,TEXT填表内容,-6664439.898692474,-9255671.577149847,电
TEXT,TEXT填表内容,-6674999.023086767,-9254675.272264249,电
TEXT,TEXT填表内容,-6677099.282022397,-9262725.321771934,电
TEXT,PUB_TEXT,-6616382.965298441,-9286479.554485003,付费区
TEXT,STAIR,-6619418.257723672,-9248649.506628618,上
TEXT,STAIR,-6617624.008494679,-9248927.003875179,下
TEXT,C-NAME,-6604484.773952694,-9242991.741284859,商业
ATTRIB,WINDOW_TEXT,-6522427.01708947,-9257244.519374573,
ATTRIB,WINDOW_TEXT,-6516229.335552051,-9259293.672920064,
ATTRIB,WINDOW_TEXT,-6534199.920194563,-9254882.5776724,
ATTRIB,WINDOW_TEXT,-6537563.85625696,-9253071.743764941,
ATTRIB,WINDOW_TEXT,-6534429.742966749,-9252777.492374045,
ATTRIB,WINDOW_TEXT,-6535442.052897628,-9253807.112643785,
ATTRIB,WINDOW_TEXT,-6535113.666438129,-9252170.297488396,
ATTRIB,建-符号-门编号,-6685272.530801023,-9321720.848776564,
ATTRIB,建-符号-门编号,-6657034.216822918,-9332859.738592899,
ATTRIB,建-符号-门编号,-6661053.876212649,-9334124.667298516,
ATTRIB,建-符号-门编号,-6664040.299796063,-9338251.475229162,
ATTRIB,建-符号-门编号,-6662138.394651334,-9338005.996936168,
ATTRIB,建-符号-门编号,-6500510.296966003,-9355456.787515437,
ATTRIB,建-符号-门编号,-6671119.323004545,-9328057.138119392,
ATTRIB,建-符号-门编号,-6665970.209505392,-9326536.733511128,
ATTRIB,建-符号-门编号,-6664530.361414003,-9326939.054867411,
ATTRIB,建-符号-门编号,-6666490.599209939,-9328733.564748301,
ATTRIB,建-符号-门编号,-6664948.89859029,-9329161.544279131,
ATTRIB,建-符号-门编号,-6681246.667554886,-9320824.953615899,
ATTRIB,建-符号-门编号,-6682787.642100854,-9320394.375575727,
ATTRIB,建-符号-门编号,-6677572.153915784,-9326254.092576171,
ATTRIB,建-符号-门编号,-6678766.221492614,-9331990.63162743,
ATTRIB,建-符号-门编号,-6663284.100563608,-9336223.187774692,
ATTRIB,建-符号-门编号,-6535721.347780492,-9367063.230017178,
ATTRIB,建-符号-门编号,-6534253.038218544,-9368459.892836286,
ATTRIB,建-符号-门编号,-6529291.096685083,-9369852.844502192,
ATTRIB,建-符号-门编号,-6521200.98031875,-9372113.379213097,
ATTRIB,建-符号-门编号,-6509162.116678375,-9375477.270151936,
ATTRIB,建-符号-门编号,-6517446.78457658,-9373155.884586905,
ATTRIB,建-符号-门编号,-6519180.380940793,-9372671.484291716,
ATTRIB,建-符号-门编号,-6504565.188114119,-9374990.134585708,
ATTRIB,建-符号-门编号,-6528460.972164443,-9348488.074592827,
ATTRIB,建-符号-门编号,-6486774.038125471,-9363192.716157829,
ATTRIB,建-符号-门编号,-6490555.051540726,-9376724.398889614,
ATTRIB,建-符号-门编号,-6507698.393364623,-9371934.218192706,
ATTRIB,建-符号-门编号,-6503917.379949367,-9358402.535460923,
ATTRIB,建-符号-门编号,-6509118.58849484,-9356170.48938915,
ATTRIB,建-符号-门编号,-6518294.751414076,-9353523.427984574,
ATTRIB,建-符号-门编号,-6513303.268822757,-9371146.835757775,
ATTRIB,建-符号-门编号,-6520049.876680296,-9353116.076416686,
ATTRIB,建-符号-门编号,-6529440.190319794,-9350492.241484385,
ATTRIB,建-符号-门编号,-6495993.09776725,-9378164.070115353,
ATTRIB,建-符号-门编号,-6677061.077660051,-9317550.547222019,
ATTRIB,建-符号-门编号,-6538011.20907119,-9365485.031342078,
ATTRIB,建-符号-门编号,-6533151.32825795,-9349295.638655975,
ATTRIB,建-符号-门编号,-6537647.565962953,-9366525.007466963,
ATTRIB,建-符号-门编号,-6492934.978492969,-9356234.284782633,
ATTRIB,建-符号-门编号,-6656483.652207594,-9331208.259895579,
ATTRIB,建-符号-门编号,-6685272.530807047,-9321720.848810597,
ATTRIB,建-符号-门编号,-6504691.38736128,-9355227.096510743,
ATTRIB,建-符号-门编号,-6653138.957729059,-9330014.30895637,
ATTRIB,建-符号-门编号,-6523693.58216285,-9349820.175404603,
ATTRIB,建-符号-门编号,-6515603.46579652,-9352080.710115506,
ATTRIB,建-符号-门编号,-6526548.71638457,-9348133.347997611,
ATTRIB,建-符号-门编号,-6508297.799105761,-9353233.006660897,
ATTRIB,建-符号-门编号,-6505625.326578763,-9348327.479806677,
ATTRIB,建-符号-门编号,-6665774.717238869,-9321192.177142842,
ATTRIB,建-符号-门编号,-6488359.771479183,-9383359.965591004,
TEXT,A-TEXT,-6556286.145180014,-9342347.717967768,工作点
TEXT,A-TEXT,-6559258.029944374,-9341554.451269448,上行
TEXT,A-TEXT,-6621670.136412578,-9340645.438831462,工作点
TEXT,A-TEXT,-6623505.980407287,-9339976.387370153,上行
TEXT,A-TEXT,-6585122.161030958,-9350857.756313617,工作点
TEXT,A-TEXT,-6587243.613683953,-9350108.900278856,上行
TEXT,A-TEXT,-6585459.721782061,-9352065.835922921,工作点
TEXT,A-TEXT,-6587709.176468271,-9351775.080074332,上行
TEXT,A-TEXT,-6560580.136433567,-9357715.271825597,工作点
TEXT,A-TEXT,-6563501.942669327,-9356742.781547152,上行
TEXT,A-TEXT,-6580412.685547277,-9334003.247123321,工作点
TEXT,A-TEXT,-6582534.138200275,-9333254.391088559,上行
TEXT,A-TEXT,-6580750.246298379,-9335211.326732631,工作点
TEXT,A-TEXT,-6582999.700780614,-9334920.570154023,上行
TEXT,A-TEXT,-6617298.249733957,-9324999.108872493,工作点
TEXT,A-TEXT,-6619262.095552174,-9324788.156834422,上行
ATTRIB,建-符号-门编号,-6609525.225690999,-9326096.732864835,
ATTRIB,建-符号-门编号,-6615107.360277995,-9341787.099395983,
ATTRIB,建-符号-门编号,-6573556.985354299,-9337839.389303521,
ATTRIB,建-符号-门编号,-6577873.530207019,-9353287.659126852,
ATTRIB,建-符号-门编号,-6554420.834916939,-9361429.400114188,
ATTRIB,建-符号-门编号,-6549692.549813303,-9344507.573381276,
ATTRIB,建-符号-门编号,-6486615.688395022,-9375422.75718343,
ATTRIB,建-符号-门编号,-6483714.668849366,-9365040.441179974,
ATTRIB,建-符号-门编号,-6491899.884129818,-9379307.793034481,
ATTRIB,建-符号-门编号,-6492477.48932529,-9354596.999327542,
ATTRIB,建-符号-门编号,-6492486.354083665,-9386771.562597754,
ATTRIB,建-符号-门编号,-6649253.089700693,-9330227.920127221,
ATTRIB,建-符号-门编号,-6674697.939027694,-9322654.794804538,
ATTRIB,建-符号-门编号,-6671990.054618754,-9324854.672559611,
ATTRIB,建-符号-门编号,-6670975.785049034,-9321224.753139988,
ATTRIB,建-符号-门编号,-6670256.458254539,-9325339.072854804,
ATTRIB,建-符号-门编号,-6682757.067606367,-9335682.859585766,
ATTRIB,建-符号-门编号,-6680598.795180003,-9327958.724674088,
ATTRIB,建-符号-门编号,-6480002.5141435,-9354542.130805382,
ATTRIB,建-符号-门编号,-6476973.010450517,-9361722.287773421,
ATTRIB,建-符号-门编号,-6524234.557008219,-9368092.422785311,
ATTRIB,建-符号-门编号,-6510271.621846909,-9375160.763586459,
ATTRIB,建-符号-门编号,-6483204.513980574,-9386810.860147868,
ATTRIB,建-符号-门编号,-6475853.507583503,-9357715.754622988,
ATTRIB,建-符号-门编号,-6483375.167687544,-9384634.653053527,
ATTRIB,建-符号-门编号,-6533458.53966323,-9365616.501078413,
ATTRIB,建-符号-门编号,-6522499.997916674,-9368573.377623061,
ATTRIB,建-符号-门编号,-6472755.173774307,-9355731.342722084,
TEXT,AUDIT_D_110625132327-0,-6593516.606165354,-9329336.44310769,DT-
TEXT,AUDIT_D_110625132327-0,-6593155.378492711,-9329410.949897685,5
TEXT,AUDIT_D_110625132327-0,-6598522.075882207,-9347250.272204059,DT-
TEXT,AUDIT_D_110625132327-0,-6598160.848209564,-9347324.778994055,5
ATTRIB,建-符号-门编号,-6679765.710382463,-9325491.914532173,
ATTRIB,建-符号-门编号,-6489998.041428119,-9383175.405069673,
ATTRIB,建-符号-门编号,-6657569.259548719,-9328776.397090875,
ATTRIB,建-符号-门编号,-6655659.120791939,-9327351.625861915,
ATTRIB,建-符号-门编号,-6668421.32214257,-9325851.845315979,
ATTRIB,建-符号-门编号,-6480528.978756382,-9376863.925379959,
ATTRIB,建-符号-门编号,-6479856.200568613,-9374456.152651879,
ATTRIB,建-符号-门编号,-6478414.333283954,-9369667.518323243,
ATTRIB,建-符号-门编号,-6477741.555096188,-9367259.745595164,
ATTRIB,建-符号-门编号,-6539028.001564808,-9376667.689437189,
ATTRIB,建-符号-门编号,-6538353.82520095,-9376856.067329763,
ATTRIB,建-符号-门编号,-6534597.699745151,-9377905.601302684,
ATTRIB,建-符号-门编号,-6533153.036108305,-9378309.268215346,
ATTRIB,建-符号-门编号,-6525929.717924079,-9380327.602778647,
ATTRIB,建-符号-门编号,-6524485.054287233,-9380731.269691306,
ATTRIB,建-符号-门编号,-6523040.390650388,-9381134.93660397,
ATTRIB,建-符号-门编号,-6521595.727013544,-9381538.603516631,
ATTRIB,建-符号-门编号,-6520151.063376699,-9381942.270429293,
ATTRIB,建-符号-门编号,-6518706.399739851,-9382345.93734195,
ATTRIB,建-符号-门编号,-6517261.736103007,-9382749.604254611,
ATTRIB,建-符号-门编号,-6515817.072466164,-9383153.271167273,
ATTRIB,建-符号-门编号,-6510038.417918783,-9384767.938817923,
ATTRIB,建-符号-门编号,-6508593.754281939,-9385171.605730576,
ATTRIB,建-符号-门编号,-6497132.756096299,-9388374.029904353,
ATTRIB,建-符号-门编号,-6528819.045197767,-9379520.268953328,
ATTRIB,建-符号-门编号,-6527374.381560926,-9379923.935865987,
ATTRIB,建-符号-门编号,-6500749.230733849,-9387363.517066246,
ATTRIB,建-符号-门编号,-6492798.765185763,-9389585.03064234,
ATTRIB,建-符号-门编号,-6531708.372471464,-9378712.935128001,
ATTRIB,建-符号-门编号,-6530263.708834643,-9379116.602040749,
ATTRIB,建-符号-门编号,-6507149.090645112,-9385575.272643322,
ATTRIB,建-符号-门编号,-6496458.579732431,-9388562.407796932,
ATTRIB,建-符号-门编号,-6494917.605186467,-9388992.985837104,
ATTRIB,建-符号-门编号,-6494243.428822622,-9389181.363729759,
ATTRIB,建-符号-门编号,-6492124.588821923,-9389773.408534995,
ATTRIB,建-符号-门编号,-6490583.614275939,-9390203.986575109,
ATTRIB,建-符号-门编号,-6489909.437912094,-9390392.36446777,
ATTRIB,建-符号-门编号,-6488368.463366111,-9390822.94250786,
ATTRIB,建-符号-门编号,-6487694.287002263,-9391011.320400517,
ATTRIB,建-符号-门编号,-6487020.110638366,-9391199.698292988,
ATTRIB,建-符号-门编号,-6486345.934274524,-9391388.076185641,
ATTRIB,建-符号-门编号,-6475522.563364894,-9352838.64373639,
ATTRIB,建-符号-门编号,-6476967.227001739,-9352434.976823731,
ATTRIB,建-符号-门编号,-6478411.890638583,-9352031.309911071,
ATTRIB,建-符号-门编号,-6481204.907003155,-9351250.887213263,
ATTRIB,建-符号-门编号,-6488428.225187378,-9349232.552649954,
ATTRIB,建-符号-门编号,-6489872.888824224,-9348828.885737294,
ATTRIB,建-符号-门编号,-6492863.34255249,-9347993.295228086,
ATTRIB,建-符号-门编号,-6499749.572727647,-9346069.150229695,
ATTRIB,建-符号-门编号,-6504319.525192673,-9344792.216610684,
ATTRIB,建-符号-门编号,-6505764.18882952,-9344388.549698024,
ATTRIB,建-符号-门编号,-6508653.516103211,-9343581.215872704,
ATTRIB,建-符号-门编号,-6510098.179740057,-9343177.548960042,
ATTRIB,建-符号-门编号,-6512987.507013747,-9342370.215134719,
ATTRIB,建-符号-门编号,-6485538.89791369,-9350039.886475276,
ATTRIB,建-符号-门编号,-6486983.561550532,-9349636.219562615,
ATTRIB,建-符号-门编号,-6521655.488834819,-9339948.213658752,
ATTRIB,建-符号-门编号,-6482649.570639997,-9350847.220300593,
ATTRIB,建-符号-门编号,-6484094.234276819,-9350443.553387858,
ATTRIB,建-符号-门编号,-6507208.852466362,-9343984.882785363,
ATTRIB,建-符号-门编号,-6511542.8433769,-9342773.882047383,
ATTRIB,建-符号-门编号,-6518766.161561124,-9340755.547484077,
ATTRIB,建-符号-门编号,-6520210.825197973,-9340351.880571418,
ATTRIB,建-符号-门编号,-6523100.152471636,-9339544.546746012,
ATTRIB,建-符号-门编号,-6524544.816108507,-9339140.879833433,
ATTRIB,建-符号-门编号,-6525989.47974535,-9338737.212920774,
ATTRIB,建-符号-门编号,-6527434.14338217,-9338333.546008028,
ATTRIB,建-符号-门编号,-6686431.847977591,-9335480.208782017,
ATTRIB,建-符号-门编号,-6684987.184340742,-9335883.875694676,
ATTRIB,建-符号-门编号,-6682102.67261251,-9336689.863963623,
ATTRIB,建-符号-门编号,-6680658.008975667,-9337093.530876282,
ATTRIB,建-符号-门编号,-6679213.345338819,-9337497.197788945,
ATTRIB,建-符号-门编号,-6676463.668883354,-9338265.510479374,
ATTRIB,建-符号-门编号,-6673429.875245983,-9339113.210995964,
ATTRIB,建-符号-门编号,-6671985.211609134,-9339516.877908625,
ATTRIB,建-符号-门编号,-6669095.884335448,-9340324.211733946,
ATTRIB,建-符号-门编号,-6667651.2206986,-9340727.878646609,
ATTRIB,建-符号-门编号,-6664761.893424911,-9341535.212471926,
ATTRIB,建-符号-门编号,-6661102.078878234,-9342557.835317334,
ATTRIB,建-符号-门编号,-6692311.628979545,-9333837.284447488,
ATTRIB,建-符号-门编号,-6690866.965342703,-9334240.951360143,
ATTRIB,建-符号-门编号,-6656195.038058419,-9343928.957264004,
ATTRIB,建-符号-门编号,-6689321.175251279,-9334672.874956693,
ATTRIB,建-符号-门编号,-6687876.511614433,-9335076.541869355,
ATTRIB,建-符号-门编号,-6677137.845247219,-9338077.132586805,
ATTRIB,建-符号-门编号,-6677812.021611055,-9337888.754694141,
ATTRIB,建-符号-门编号,-6663418.356242642,-9341910.622700702,
ATTRIB,建-符号-门编号,-6500753.780376563,-9356316.575532018,
ATTRIB,建-符号-门编号,-6498041.26771294,-9357074.503941472,
TEXT,建-符号-门编号,-6651926.568298745,-9335092.297548218,GM1024
ATTRIB,建-符号-门编号,-6505704.427008269,-9385978.939555984,
ATTRIB,建-符号-门编号,-6494206.879734759,-9347617.884999316,
ATTRIB,建-符号-门编号,-6539566.681180247,-9375599.570812259,
TEXT,建-墙体－砖墙,-6611153.294789594,-9348136.690882599,进站
TEXT,I-TEXT,-6579774.291970602,-9355735.331572224,客服中心
TEXT,I-TEXT,-6579774.291968524,-9355735.331572807,客服中心
TEXT,建-墙体－砖墙,-6571435.523201435,-9356396.040522852,出站
TEXT,C-AXIS,-6667617.263498994,-9346528.532434732,1/2
TEXT,C-AXIS,-6615127.81802697,-9361195.096928133,1/4
TEXT,C-AXIS,-6586234.545290071,-9369268.435181373,1/5
TEXT,C-AXIS,-6557341.272553174,-9377341.773434622,1/6
TEXT,C-AXIS,-6528447.999816279,-9385415.111687867,1/7
TEXT,C-AXIS,-6500036.281625,-9393353.89430356,1/8
TEXT,C-AXIS,-6693621.208962201,-9339262.528006809,1/1
TEXT,PUB_TEXT,-6690275.473935419,-9322338.744548728,5.250
TEXT,C-NAME,-6676458.388306919,-9311121.24504037,换乘通道
TEXT,C-NAME,-6659804.128400508,-9336239.984932044,男洗手间
TEXT,C-NAME,-6655865.479262066,-9337410.964353038,女洗手间
TEXT,C-NAME,-6664089.373694342,-9337514.676937988,水
TEXT,C-NAME,-6661277.715297631,-9334758.01648146,茶水间
TEXT,C-NAME,-6659897.969944003,-9331829.175441411,清扫储藏间
TEXT,C-NAME,-6662431.325183932,-9339170.622760248,女洗手间
TEXT,C-NAME,-6664565.699775334,-9339240.208795642,男洗手间
TEXT,C-NAME,-6499703.443636056,-9348060.274757367,男洗手间
TEXT,C-NAME,-6494762.474507851,-9349413.863343622,女洗手间
TEXT,C-NAME,-6499719.50995526,-9354724.851078554,水
TEXT,C-NAME,-6498895.264642543,-9382754.390482098,男洗手间
TEXT,C-NAME,-6504234.82274347,-9381236.422900407,女洗手间
TEXT,C-NAME,-6498560.841824098,-9384823.830139515,水
TEXT,C-NAME,-6682619.114475499,-9316871.181849212,通信工区
TEXT,C-NAME,-6679644.211890071,-9317702.427069104,接触网工区
TEXT,C-NAME,-6686736.527037279,-9315192.200558671,信号车载设备工区
TEXT,C-NAME,-6671124.658740227,-9319536.51486193,通信仪表
TEXT,C-NAME,-6668815.936045611,-9320689.456570953,(AFC)
TEXT,C-NAME,-6667197.193097607,-9321180.364438857,机房
TEXT,C-NAME,-6675287.020723191,-9318977.05089306,通信公安分控中心
TEXT,C-NAME,-6663331.899816065,-9324820.981180446,收款室
TEXT,C-NAME,-6672364.046489223,-9323107.904278309,通信仪表
TEXT,C-NAME,-6663049.046247758,-9320528.897546072,警务间
TEXT,C-NAME,-6665597.111472261,-9324170.966337359,警务间
TEXT,C-NAME,-6658330.201708711,-9322461.378011636,区域站长室
TEXT,C-NAME,-6650412.144339423,-9324593.016909595,车站控制室
TEXT,C-NAME,-6686581.468063795,-9327289.869805017,消防
TEXT,C-NAME,-6685800.452448503,-9327483.243142109,给水泵房
TEXT,C-NAME,-6675178.005320439,-9327789.008997385,工务轨道工区
TEXT,C-NAME,-6670259.87270884,-9329203.546221576,配电间
TEXT,C-NAME,-6667223.41146562,-9330091.262637976,男更衣
TEXT,C-NAME,-6664159.75204587,-9330947.308231053,女更衣
TEXT,C-NAME,-6676380.765934729,-9333477.224794878,排烟机房
TEXT,C-NAME,-6668890.674559077,-9335570.100939165,交接班室
TEXT,C-NAME,-6528370.235163976,-9340506.503192079,司机出勤
TEXT,C-NAME,-6511819.736808854,-9347004.264340164,会议室
TEXT,C-NAME,-6503324.46721798,-9347010.795857679,会议准备室
TEXT,C-NAME,-6488908.312025426,-9352631.777818034,休息区
TEXT,C-NAME,-6503946.013776467,-9350035.810913183,配电间
TEXT,C-NAME,-6531769.853920302,-9346313.623434133,清扫间
TEXT,C-NAME,-6514819.75014159,-9358760.849150682,司机更衣
TEXT,C-NAME,-6529401.62717819,-9354686.391169034,线路职工之家
TEXT,C-NAME,-6527107.169899689,-9355327.506832576,线路员工培训室
TEXT,C-NAME,-6497949.928062207,-9363474.60315158,线路仓库
TEXT,C-NAME,-6496141.25460706,-9363979.981435639,线路维修仓库
TEXT,C-NAME,-6482176.336454561,-9367882.0491932,储藏
TEXT,C-NAME,-6498673.919448364,-9370424.354812923,维修工区
TEXT,C-NAME,-6482849.352024731,-9372126.387162559,储藏
TEXT,C-NAME,-6532023.420977885,-9373370.676922565,线路书记办公
TEXT,C-NAME,-6538051.549857404,-9371686.301326342,空调机房
TEXT,C-NAME,-6525292.095435909,-9375251.539243322,线路乘务主管办公室
TEXT,C-NAME,-6509622.545575792,-9379629.914011944,线路综合办公
TEXT,C-NAME,-6517261.509305567,-9377495.440057556,线路维修主管
TEXT,C-NAME,-6537642.944884087,-9368018.822519069,配电
TEXT,C-NAME,-6539485.788474425,-9367503.896439666,(AFC)
TEXT,C-NAME,-6494958.49216681,-9383727.333658503,排烟机房
TEXT,C-NAME,-6487971.506285763,-9388720.332573585,空调机平台
TEXT,C-NAME,-6476474.73045585,-9354011.88415814,空调机房
TEXT,C-NAME,-6506408.881383707,-9361111.008273356,展示区
TEXT,C-NAME,-6508238.25156205,-9367658.05112302,展示区
TEXT,C-NAME,-6688312.288556251,-9283441.816314713,2号线换乘天桥
TEXT,C-NAME,-6494473.326274174,-9355739.757329763,茶水间
TEXT,C-NAME,-6493137.873616198,-9349803.628104485,储藏
TEXT,C-NAME,-6653429.397756451,-9336511.180879192,无障碍洗手间
TEXT,C-NAME,-6474121.59041862,-9364112.848939241,空调机平台
TEXT,C-NAME,-6668197.303555383,-9325352.57741997,落地电缆柜
TEXT,C-NAME,-6686129.917761039,-9323437.637397201,风井
TEXT,C-NAME,-6479767.35863402,-9382364.540290359,空调机平台
TEXT,C-NAME,-6514699.022211844,-9378211.448426295,（运营）
TEXT,C-NAME,-6506886.667433174,-9380394.371187444,（运营）
TEXT,C-NAME,-6497058.872257643,-9370858.754975623,（运营）
TEXT,C-NAME,-6493652.114102031,-9364701.476228237,（运营）
TEXT,C-NAME,-6525391.067938622,-9355800.342063245,（运营）
TEXT,C-NAME,-6511148.336921674,-9347213.453900401,（运营）
TEXT,C-NAME,-6654239.472262075,-9323576.987658853,站长室
TEXT,C-NAME,-6611523.908299242,-9325074.223972803,运营备品间
TEXT,C-NAME,-6580065.810579086,-9352958.007733494,运营备品间
TEXT,PUB_TEXT,-6575356.363263387,-9336103.59863734,运营备品间
TEXT,C-NAME,-6551491.927722914,-9342771.782716965,运营备品间
TEXT,C-NAME,-6556220.212827879,-9359693.609449507,运营备品间
TEXT,C-NAME,-6521456.624047281,-9376323.244001966,（运营）
TEXT,C-NAME,-6492711.849389239,-9349917.063760269,（运营）
TEXT,C-NAME,-6481218.936865461,-9368153.500760806,（运营）
TEXT,C-NAME,-6482438.664881359,-9372231.133053407,（运营）
TEXT,C-NAME,-6529841.999999028,-9349112.675282247,上有人孔
TEXT,C-NAME,-6534389.98054962,-9365389.218923677,上有人孔
TEXT,PUB_TEXT,-6578284.096742614,-9329600.247924188,10号出入口
TEXT,C-NAME,-6478512.317210572,-9359746.266146753,上有强电电缆孔
TEXT,C-NAME,-6586682.732952769,-9343117.155949805,付费区
TEXT,C-NAME,-6587626.4681886,-9358940.575595243,非付费区
TEXT,PUB_TEXT,-6565874.880794027,-9330649.37858308,非付费区
TEXT,C-NAME,-6506767.257463011,-9356509.778146289,水
TEXT,PUB_TEXT,-6591676.312814203,-9313429.416801788,换乘天桥
TEXT,PUB_TEXT,-6560852.745450272,-9376647.873147881,4.750
TEXT,PUB_TEXT,-6629701.193673403,-9361455.519733521,4.750
TEXT,PUB_TEXT,-6627748.723219643,-9359216.346408075,5.350
TEXT,PUB_TEXT,-6564771.456883513,-9376538.259988228,5.350
TEXT,PUB_TEXT,-6597911.106974759,-9366748.798928067,10.350
TEXT,PUB_TEXT,-6670988.525276975,-9340691.634691054,4.750
TEXT,轴网$0$PUB_TEXT,-6699483.319176364,-9328509.94404171,上行
TEXT,轴网$0$PUB_TEXT,-6697817.139650545,-9328975.503691811,上行
TEXT,轴网$0$PUB_TEXT,-6701149.49710622,-9328044.378679942,上行
TEXT,轴网$0$PUB_TEXT,-6626516.692751598,-9358061.10651365,上行
TEXT,轴网$0$PUB_TEXT,-6614034.678968654,-9359887.535794568,下行
TEXT,轴网$0$PUB_TEXT,-6565498.677731317,-9375110.718002325,上行
TEXT,轴网$0$PUB_TEXT,-6577117.742411611,-9370202.8406343,下行
TEXT,PUB_TEXT,-6594745.020574829,-9278192.438401756,进站
TEXT,PUB_TEXT,-6597646.046137247,-9273267.615455228,补票亭
TEXT,PUB_TEXT,-6600903.207402798,-9285082.874642956,补票亭
TEXT,PUB_TEXT,-6599354.906312703,-9266992.676739818,出站
TEXT,PUB_TEXT,-6604951.277959653,-9288025.528151266,出站
TEXT,PUB_TEXT,-6546146.480756545,-9310018.229425386,增设临时活动栏杆
TEXT,PUB_TEXT,-6560232.823007314,-9291531.349073578,备用进站厅
TEXT,PUB_TEXT,-6598028.587044434,-9323543.323694895,进站
TEXT,设备－AFC,-6626012.953961716,-9342918.483430011,CVM
TEXT,设备－AFC,-6585881.881885405,-9329576.035235625,CVM
TEXT,PUB_TEXT,-6606564.225789289,-9260236.838338627,下
TEXT,PUB_TEXT,-6606419.102508679,-9261869.441975248,上
TEXT,PUB_TEXT,-6588730.562062205,-9243408.536058977,3号口（预留进站条件）
TEXT,PUB_TEXT,-6619932.409889117,-9230098.830791462,出站
ATTRIB,WINDOW_TEXT,-6624496.114993986,-9231727.762609907,
TEXT,建-文字,-6626638.084986089,-9232510.884600651,客服中心
ATTRIB,WINDOW_TEXT,-6630392.292678082,-9210929.097089747,
TEXT,PUB_TEXT,-6631501.024214611,-9207413.637949843,2号口(维持现状)
TEXT,PUB_TEXT,-6634270.645608507,-9237547.98505486,4号口
ATTRIB,0,-6653731.268014447,-9343381.358155044,720
ATTRIB,0,-6653731.262430031,-9343381.338169267,480
ATTRIB,0,-6653487.961506892,-9341581.616731426,380
ATTRIB,0,-6653487.961506892,-9341581.616731426,270
ATTRIB,0,-6653491.758979594,-9342524.191063848,720
ATTRIB,0,-6653491.753395187,-9342524.171078069,480
ATTRIB,0,-6657969.443228721,-9342197.130172529,720
ATTRIB,0,-6657969.437644307,-9342197.110186743,480
ATTRIB,0,-6656983.544192879,-9339597.72840398,380
ATTRIB,0,-6656983.544192879,-9339597.72840398,270
ATTRIB,0,-6657244.582175559,-9340531.944386459,380
ATTRIB,0,-6657244.582175559,-9340531.944386459,270
ATTRIB,0,-6657729.934193873,-9341339.963081328,720
ATTRIB,0,-6657729.928609463,-9341339.943095547,480
ATTRIB,0,-6656746.726270783,-9338750.192403697,380
ATTRIB,0,-6656746.726270783,-9338750.192403697,270
ATTRIB,0,-6658161.569834103,-9342143.446289536,720
ATTRIB,0,-6658161.56424969,-9342143.42630376,480
ATTRIB,0,-6657657.225343868,-9339409.48888344,380
ATTRIB,0,-6657657.225343868,-9339409.48888344,270
ATTRIB,0,-6657918.263326547,-9340343.704865921,380
ATTRIB,0,-6657918.263326547,-9340343.704865921,270
ATTRIB,0,-6657922.060799251,-9341286.279198342,720
ATTRIB,0,-6657922.055214839,-9341286.259212564,480
ATTRIB,0,-6657420.407421771,-9338561.952883157,380
ATTRIB,0,-6657420.407421771,-9338561.952883157,270
ATTRIB,0,-6661669.675078173,-9341295.276110697,720
ATTRIB,0,-6661669.695063949,-9341295.270526282,480
ATTRIB,0,-6662526.84216937,-9341055.767075848,720
ATTRIB,0,-6662526.862155142,-9341055.761491436,480
ATTRIB,0,-6664858.92698502,-9340282.718009561,720
ATTRIB,0,-6664858.921400604,-9340282.698023784,480
ATTRIB,0,-6653226.923524215,-9340647.400748947,380
ATTRIB,0,-6653226.923524215,-9340647.400748947,270
ATTRIB,0,-6652990.105602112,-9339799.864748663,380
ATTRIB,0,-6652990.105602112,-9339799.864748663,270
ATTRIB,0,-6653586.535758766,-9338030.06534508,720
ATTRIB,0,-6653586.57065461,-9338030.066367597,480
ATTRIB,C-AXIS,-6700463.463006699,-9297048.901243197,C
ATTRIB,C-AXIS,-6475570.343181892,-9391037.500314928,A
ATTRIB,C-AXIS,-6470941.629250114,-9374472.023945752,B
ATTRIB,C-AXIS,-6467497.004928787,-9362144.227577996,C
ATTRIB,C-AXIS,-6641613.318035759,-9353794.536863032,1/3
ATTRIB,C-AXIS,-6681582.345321849,-9342626.418946238,2
ATTRIB,C-AXIS,-6655289.46713124,-9349973.156756563,3'
ATTRIB,C-AXIS,-6653652.181676147,-9350430.645924241,3
ATTRIB,C-AXIS,-6629574.454395366,-9357158.427801829,4
ATTRIB,C-AXIS,-6600681.181658435,-9365231.766054936,5
ATTRIB,C-AXIS,-6571787.9089215,-9373305.104308043,6
ATTRIB,C-AXIS,-6544531.921639658,-9380920.953393472,7'
ATTRIB,C-AXIS,-6542894.636184563,-9381378.442561148,7
ATTRIB,C-AXIS,-6514001.363447627,-9389451.780814255,8
ATTRIB,C-AXIS,-6485300.71252894,-9397471.296812341,9
ATTRIB,C-AXIS,-6708536.801259803,-9325942.173980132,A
ATTRIB,C-AXIS,-6703908.087328024,-9309376.697610954,B
ATTRIB,C-AXIS,-6705660.073056125,-9335898.636941934,1
ATTRIB,ARGRIDTEXT,-6708947.596344786,-9231211.287888504,1/H
ATTRIB,ARGRIDTEXT,-6451684.731064991,-9301234.88134722,1/H
ATTRIB,ARGRIDTEXT,-6718412.967003684,-9265547.149369814,1/0A
ATTRIB,ARGRIDTEXT,-6461379.68015111,-9336403.544137658,1/0A
ATTRIB,ARGRIDTEXT,-6683834.949509915,-9284823.100139673,1
TEXT,PUB_DIM,-6713349.910058626,-9260327.288408264,4350
ATTRIB,ARGRIDTEXT,-6717270.21180378,-9261401.777184707,A
TEXT,PUB_DIM,-6711423.171844951,-9253337.998039711,3050
ATTRIB,ARGRIDTEXT,-6716114.168752707,-9257208.202997446,B
ATTRIB,ARGRIDTEXT,-6715170.73132022,-9253785.860844624,C
TEXT,PUB_DIM,-6712300.169942864,-9256519.330203481,3550
ATTRIB,ARGRIDTEXT,-6714360.172399356,-9250845.538713326,D
TEXT,PUB_DIM,-6710266.016542525,-9249140.390935393,5980.5
ATTRIB,ARGRIDTEXT,-6711016.816168547,-9238717.432951748,G
ATTRIB,ARGRIDTEXT,-6711960.253601032,-9242139.775104575,F
ATTRIB,ARGRIDTEXT,-6711960.253601032,-9242139.775104575,F
ATTRIB,ARGRIDTEXT,-6712770.8125219,-9245080.097235868,E
TEXT,PUB_DIM,-6709023.253046628,-9244632.234430957,3050
ATTRIB,ARGRIDTEXT,-6709860.773117476,-9234523.858764488,H
ATTRIB,ARGRIDTEXT,-6659957.605723684,-9291405.37009116,3
ATTRIB,ARGRIDTEXT,-6671896.2776168,-9288114.235115418,2
TEXT,PUB_DIM,-6677007.145894174,-9282795.60804434,12384
TEXT,PUB_DIM,-6665068.474001058,-9286086.743020078,12384
ATTRIB,ARGRIDTEXT,-6649424.962665245,-9294340.811648661,4
ATTRIB,ARGRIDTEXT,-6646629.246540402,-9295111.507016045,6
ATTRIB,ARGRIDTEXT,-6648027.108577094,-9294726.158236766,5
ATTRIB,ARGRIDTEXT,-6636080.261937453,-9297987.640042649,7
TEXT,PUB_DIM,-6629252.458321713,-9295960.147947303,12384
ATTRIB,ARGRIDTEXT,-6624141.590044337,-9301278.775018387,8
TEXT,PUB_DIM,-6617313.786428598,-9299251.282923043,12384
ATTRIB,ARGRIDTEXT,-6612202.918151226,-9304569.909994128,9
TEXT,PUB_DIM,-6605375.114535482,-9302542.417898786,12384
ATTRIB,ARGRIDTEXT,-6600264.246258111,-9307861.044969868,10
TEXT,PUB_DIM,-6545681.755069908,-9318998.092777491,12384
ATTRIB,ARGRIDTEXT,-6586935.887074831,-9311567.181894753,13
ATTRIB,ARGRIDTEXT,-6589731.603199667,-9310796.486527371,11
ATTRIB,ARGRIDTEXT,-6588333.749111519,-9311181.833115472,12
TEXT,PUB_DIM,-6581889.457236216,-9310161.697746577,210528
ATTRIB,ARGRIDTEXT,-6576386.902471879,-9314443.314921353,14
TEXT,PUB_DIM,-6569559.09885614,-9312415.822826011,12384
TEXT,PUB_DIM,-6557620.426963024,-9315706.957801749,12384
ATTRIB,ARGRIDTEXT,-6564448.230578762,-9317734.449897095,15
ATTRIB,ARGRIDTEXT,-6552509.558685646,-9321025.584872833,16
ATTRIB,ARGRIDTEXT,-6540570.886792534,-9324316.719848578,17
ATTRIB,ARGRIDTEXT,-6530038.243734099,-9327252.161406081,18
ATTRIB,ARGRIDTEXT,-6527242.527609254,-9328022.856773463,20
ATTRIB,ARGRIDTEXT,-6528640.38964595,-9327637.507994181,19
ATTRIB,ARGRIDTEXT,-6516693.543006303,-9330898.989800058,21
ATTRIB,ARGRIDTEXT,-6504754.87111319,-9334190.124775799,22
TEXT,PUB_DIM,-6509865.739390565,-9328871.497704716,12384
ATTRIB,ARGRIDTEXT,-6492816.199220073,-9337481.259751537,23
TEXT,PUB_DIM,-6497927.06749745,-9332162.632680457,12384
ATTRIB,ARGRIDTEXT,-6480877.527326961,-9340772.394727279,24
TEXT,PUB_DIM,-6485988.395604334,-9335453.767656204,12384
TEXT,PUB_DIM,-6462701.339906157,-9329423.607630852,4350
ATTRIB,ARGRIDTEXT,-6460236.924951202,-9332258.171952547,A
TEXT,PUB_DIM,-6459617.44639006,-9318236.710157984,5980.5
TEXT,PUB_DIM,-6460774.60169248,-9322434.317262295,3050
TEXT,PUB_DIM,-6461651.599790396,-9325615.649426069,3550
ATTRIB,ARGRIDTEXT,-6459080.881900131,-9328064.597765289,B
ATTRIB,ARGRIDTEXT,-6458137.444467646,-9324642.255612467,C
ATTRIB,ARGRIDTEXT,-6457326.885546779,-9321701.933481168,D
TEXT,PUB_DIM,-6458374.682894157,-9313728.55365355,3050
ATTRIB,ARGRIDTEXT,-6453983.529315974,-9309573.82771959,G
ATTRIB,ARGRIDTEXT,-6454926.966748455,-9312996.169872416,F
ATTRIB,ARGRIDTEXT,-6454926.966748455,-9312996.169872416,F
ATTRIB,ARGRIDTEXT,-6455737.525669323,-9315936.492003711,E
ATTRIB,ARGRIDTEXT,-6452827.486264903,-9305380.253532332,H
ATTRIB,0,-6649020.108055086,-9125757.371514961,1
ATTRIB,0,-6641697.839286148,-9127380.448862304,2
ATTRIB,0,-6636328.175522261,-9128570.705583689,3
ATTRIB,0,-6630470.360507111,-9129869.167461558,4
ATTRIB,0,-6623148.091738177,-9131492.244808901,5
ATTRIB,0,-6615337.671717973,-9133223.527312733,6
ATTRIB,0,-6607527.25169778,-9134954.809816562,7
ATTRIB,0,-6599716.83167758,-9136686.092320394,8
ATTRIB,0,-6591906.411657377,-9138417.374824227,9
ATTRIB,0,-6584095.991637179,-9140148.657328053,10
ATTRIB,0,-6576285.571616978,-9141879.939831882,11
ATTRIB,0,-6568475.151596779,-9143611.222335719,12
ATTRIB,0,-6560664.731576584,-9145342.504839547,13
ATTRIB,0,-6554498.335193907,-9154490.552142773,14
ATTRIB,0,-6546687.915173711,-9156221.834646606,15
ATTRIB,0,-6538877.49515351,-9157953.117150437,16
ATTRIB,0,-6523549.545863869,-9161350.759064205,18
ATTRIB,0,-6515739.125843671,-9163082.041568037,19
ATTRIB,0,-6507928.705823469,-9164813.324071866,20
ATTRIB,0,-6500118.285803274,-9166544.606575696,21
ATTRIB,0,-6492307.86578307,-9168275.889079529,22
ATTRIB,0,-6484985.597014135,-9169898.966426869,23
ATTRIB,0,-6477175.176993934,-9171630.2489307,24
ATTRIB,0,-6469364.756973739,-9173361.531434533,25
ATTRIB,0,-6461554.336953538,-9175092.813938361,26
ATTRIB,0,-6453743.91693334,-9176824.096442192,27
ATTRIB,0,-6445933.49691314,-9178555.378946024,28
ATTRIB,0,-6437634.925641678,-9180394.866606345,29
ATTRIB,0,-6430312.65687274,-9182017.943953685,30
ATTRIB,0,-6422502.236852542,-9183749.226457516,31
ATTRIB,0,-6414691.816832343,-9185480.508961349,32
ATTRIB,0,-6407857.699314665,-9186995.381152202,33
ATTRIB,0,-6401511.733048254,-9188402.048186564,34
ATTRIB,0,-6395165.766781843,-9189808.715220923,35
ATTRIB,0,-6660638.033785564,-9152373.342372381,C
ATTRIB,0,-6659447.777064181,-9147003.678608498,D
ATTRIB,0,-6662574.903465834,-9161111.250350938,A
ATTRIB,AXIS_TEXT,-6662358.495773743,-9160134.947267451,1/A
ATTRIB,AXIS_TEXT,-6662077.16236687,-9158865.754014172,B
ATTRIB,0,-6657510.90476302,-9138265.771210898,F
ATTRIB,AXIS_TEXT,-6657727.315075995,-9139242.073713418,1/E
ATTRIB,AXIS_TEXT,-6658008.648482871,-9140511.266966704,E
ATTRIB,0,-6391141.324772525,-9206477.338836261,D
ATTRIB,0,-6389204.452471363,-9197739.431438666,F
ATTRIB,AXIS_TEXT,-6389420.862784344,-9198715.73394119,1/E
ATTRIB,AXIS_TEXT,-6389702.196191215,-9199984.927194476,E
ATTRIB,0,-6391606.60694543,-9208576.389216695,1/C
ATTRIB,0,-6657153.827746604,-9136654.872081729,G
ATTRIB,0,-6655714.699165297,-9130162.46043994,H
ATTRIB,0,-6392840.145731804,-9214141.313491891,1/B
ATTRIB,0,-6390697.683630921,-9204475.918706091,1/D
ATTRIB,0,-6393857.274200408,-9218729.935242954,B
ATTRIB,0,-6531068.051435815,-9159684.183243953,17
ATTRIB,AXIS_TEXT,-6710722.95467339,-9228268.641261744,2/6
ATTRIB,AXIS_TEXT,-6707781.566898727,-9228858.758164607,7
ATTRIB,AXIS_TEXT,-6699055.449833884,-9230609.438309762,8
ATTRIB,AXIS_TEXT,-6690721.517805659,-9232281.436201208,9
ATTRIB,AXIS_TEXT,-6684838.742256329,-9233461.67000693,10
ATTRIB,AXIS_TEXT,-6673661.468712594,-9235704.114237805,11
ATTRIB,AXIS_TEXT,-6665425.582943534,-9237356.44156582,12
ATTRIB,AXIS_TEXT,-6657189.697174466,-9239008.768893834,13
ATTRIB,AXIS_TEXT,-6648953.8114054,-9240661.096221845,14
ATTRIB,AXIS_TEXT,-6640717.925636334,-9242313.423549861,15
ATTRIB,AXIS_TEXT,-6717576.04929914,-9215389.308218609,A
ATTRIB,AXIS_TEXT,-6716165.669901293,-9208359.391437154,B
ATTRIB,AXIS_TEXT,-6715123.130039573,-9203162.939701911,C
ATTRIB,AXIS_TEXT,-6713712.750641734,-9196133.022920459,D
ATTRIB,AXIS_TEXT,-6712139.105567437,-9188289.322188012,E
ATTRIB,AXIS_TEXT,-6710368.754858849,-9179465.158864017,G
ATTRIB,AXIS_TEXT,-6708401.698515979,-9169660.532948464,J
ATTRIB,AXIS_TEXT,-6707516.523161682,-9165248.451286464,1/J
ATTRIB,AXIS_TEXT,-6469115.661903814,-9264979.734734257,A
ATTRIB,AXIS_TEXT,-6467705.282505975,-9257949.817952807,B
ATTRIB,AXIS_TEXT,-6466662.742644254,-9252753.366217561,C
ATTRIB,AXIS_TEXT,-6465252.363246414,-9245723.449436111,D
ATTRIB,AXIS_TEXT,-6463678.71817211,-9237879.748703671,E
ATTRIB,AXIS_TEXT,-6459941.311120651,-9219250.959464115,J
ATTRIB,AXIS_TEXT,-6459056.13576636,-9214838.877802115,1/J
ATTRIB,AXIS_TEXT,-6632482.03986727,-9243965.750877876,16
ATTRIB,AXIS_TEXT,-6624246.154098202,-9245618.078205888,17
ATTRIB,AXIS_TEXT,-6616010.268329143,-9247270.405533901,18
ATTRIB,AXIS_TEXT,-6607774.382560073,-9248922.732861913,19
ATTRIB,AXIS_TEXT,-6599538.496791002,-9250575.060189927,20
ATTRIB,AXIS_TEXT,-6591302.611021939,-9252227.387517942,21
ATTRIB,AXIS_TEXT,-6583066.725252876,-9253879.714845956,22
ATTRIB,AXIS_TEXT,-6574830.839483809,-9255532.042173971,23
ATTRIB,AXIS_TEXT,-6566594.953714742,-9257184.369501985,24
ATTRIB,AXIS_TEXT,-6558359.067945679,-9258836.696829998,25
ATTRIB,AXIS_TEXT,-6550123.182176611,-9260489.024158014,26
ATTRIB,AXIS_TEXT,-6545515.007996299,-9261413.540639162,27
ATTRIB,AXIS_TEXT,-6539632.232446968,-9262593.774444884,1/27
ATTRIB,AXIS_TEXT,-6534729.919489191,-9263577.302616319,28
ATTRIB,AXIS_TEXT,-6528847.143939859,-9264757.536422049,29
ATTRIB,AXIS_TEXT,-6520513.211911636,-9266429.534313486,30
ATTRIB,AXIS_TEXT,-6515610.898953859,-9267413.062484928,31
ATTRIB,AXIS_TEXT,-6509237.892108749,-9268691.64910779,32
ATTRIB,AXIS_TEXT,-6501100.052598841,-9270324.305872376,1/32
ATTRIB,AXIS_TEXT,-6496001.647122751,-9271347.175170674,33
ATTRIB,AXIS_TEXT,-6489138.408981861,-9272724.114610683,34
ATTRIB,AXIS_TEXT,-6482275.170840972,-9274101.054050696,35
ATTRIB,AXIS_TEXT,-6461121.544926379,-9225133.735013448,H
ATTRIB,AXIS_TEXT,-6462301.778732103,-9231016.510562781,F
TEXT,建-墙体－砖墙,-6597142.953585448,-9330150.398643489,出站
ATTRIB,WINDOW_TEXT,-6582410.971772111,-9246149.823131288,
TEXT,文本,-6619027.812003253,-9267729.123262729,无障碍
TEXT,AUDIT_D_110625132327-0,-6685214.079730394,-9231102.481861432,DT-
TEXT,AUDIT_D_110625132327-0,-6685079.622988828,-9230728.437631775,5
TEXT,PUB_TEXT,-6576624.992959018,-9235460.685009041,增软隔离栏杆
TEXT,0-修改拆除,-6558579.538348449,-9263348.836217055,残疾人坡道
TEXT,0-修改拆除,-6528414.805002332,-9271982.479525332,新增花坛、挡墙
TEXT,0-修改新增,-6512281.605532919,-9282274.677097703,修复虚线范围地面地砖
TEXT,0-修改拆除,-6582825.205633444,-9323740.870595729,残疾人坡道
TEXT,0-修改拆除,-6597125.267516831,-9326591.76882217,闸机
TEXT,0-修改拆除,-6592317.88482407,-9326831.551594057,客服中心
TEXT,0-修改新增,-6529219.669059971,-9275367.403184048,新增排水沟盖板
TEXT,0-导向定位-悬挂,-6588644.06527586,-9314833.488979015,落地广告灯箱
TEXT,PUB_TEXT,-6561355.964091478,-9330434.102475347,增设栏杆
TEXT,PUB_TEXT,-6581000.879794723,-9220596.396636233,新建出入口
ATTRIB,WINDOW_TEXT,-6690586.892139765,-9318685.65452299,
ATTRIB,WINDOW_TEXT,-6690300.59465633,-9317661.038557059,
TEXT,PUB_TEXT,-6540192.443628024,-9318235.375084395,雨棚顶部设置DN100UPVC雨水管
TEXT,PUB_TEXT,-6539712.658400206,-9319184.971894086,排水接至室外雨水收集井
TEXT,建-文字,-6677136.801952173,-9201212.52851808,票亭
TEXT,PUB_TEXT,-6671013.978348581,-9188937.228157808,1号口(改为进站)
TEXT,AFC设备,-6582523.342944115,-9218498.925266169,宽通道
TEXT,公用-说明,-6580097.89431391,-9220069.928753634,出站
TEXT,AFC设备,-6676987.427927696,-9201823.350860813,BOM
TEXT,AFC设备,-6651755.064192406,-9207227.94867785,TVM
TEXT,AFC设备,-6652784.549363912,-9207021.407951637,TVM
TEXT,AFC设备,-6653814.034535423,-9206814.867225428,TVM
TEXT,AFC设备,-6654843.519706925,-9206608.326499212,TVM
TEXT,AFC设备,-6655873.00487843,-9206401.785773001,TVM
TEXT,AFC设备,-6656902.490049938,-9206195.245046794,TVM
TEXT,AFC设备,-6657931.975221445,-9205988.70432058,TVM
TEXT,AFC设备,-6648865.619207669,-9205102.317344017,TVM
TEXT,AFC设备,-6649072.159933933,-9206131.802515514,TVM
TEXT,AFC设备,-6649278.700660192,-9207161.287687007,TVM
TEXT,AFC设备,-6659921.333115542,-9204474.945866177,TVM
TEXT,0,-6659381.612558283,-9202326.935707484,CVM
TEXT,0,-6659588.153397841,-9203356.421443958,CVM
TEXT,PUB_TEXT,-6678520.088894014,-9210769.029065307,配电间
TEXT,PUB_TEXT,-6654931.821484134,-9202960.24182738,新设售票厅
TEXT,轴网$0$PUB_TEXT,-6581790.472342249,-9384938.877946442,下行
TEXT,轴网$0$PUB_TEXT,-6581880.132515349,-9386666.552989916,下行
TEXT,轴网$0$PUB_TEXT,-6581969.742755578,-9388394.230623308,下行
TEXT,轴网$0$PUB_TEXT,-6582059.352995798,-9390121.908256661,下行
TEXT,门号,-6570722.253527399,-9389658.028311414,换乘通道天桥
ATTRIB,建-符号-门编号,-6682757.067611581,-9335682.859604645,
ATTRIB,建-符号-门编号,-6686431.847982882,-9335480.208802293,
ATTRIB,建-符号-门编号,-6684987.184345882,-9335883.875714404,
ATTRIB,建-符号-门编号,-6682102.672617337,-9336689.86398225,
ATTRIB,建-符号-门编号,-6680658.008980342,-9337093.530894359,
ATTRIB,建-符号-门编号,-6679213.345343343,-9337497.19780647,
ATTRIB,建-符号-门编号,-6676463.668887588,-9338265.510495849,
ATTRIB,建-符号-门编号,-6673429.875249887,-9339113.211011284,
ATTRIB,建-符号-门编号,-6671985.211612891,-9339516.877923394,
ATTRIB,建-符号-门编号,-6669095.884338892,-9340324.211747612,
ATTRIB,建-符号-门编号,-6667651.220701891,-9340727.878659722,
ATTRIB,建-符号-门编号,-6664761.893427893,-9341535.212483943,
ATTRIB,建-符号-门编号,-6661102.078880828,-9342557.835327953,
ATTRIB,建-符号-门编号,-6690866.965348468,-9334240.951382115,
ATTRIB,建-符号-门编号,-6656195.038060489,-9343928.957272751,
ATTRIB,建-符号-门编号,-6689321.175256881,-9334672.874978075,
ATTRIB,建-符号-门编号,-6687876.51161988,-9335076.541890186,
ATTRIB,建-符号-门编号,-6677137.845251523,-9338077.132603538,
ATTRIB,建-符号-门编号,-6677812.021615429,-9337888.754711133,
ATTRIB,建-符号-门编号,-6663418.356245487,-9341910.622712203,
ATTRIB,WINDOW_TEXT,-6701506.095636053,-9339571.417663757,
ATTRIB,WINDOW_TEXT,-6701644.930682125,-9337827.023443697,
TEXT,轴网$0$PUB_TEXT,-6660510.55924021,-9346995.920995707,上行
TEXT,轴网$0$PUB_TEXT,-6660972.693746211,-9348608.206975653,上行
TEXT,文字层,-6652544.020269289,-9349371.006058294,既有扶梯(利旧)
TEXT,文字层,-6652969.981481346,-9350895.457665451,既有扶梯(利旧)
TEXT,文字层,-6652551.31366064,-9352875.712695292,既有楼梯(利旧)
TEXT,PUB_TEXT,-6744942.6635764,-9336280.692490456,SK19+882.303
TEXT,PUB_TEXT,-6744575.771517956,-9337019.113613873,车站与区间分界里程
TEXT,PUB_TEXT,-6744980.617258568,-9335749.598443159,XK19+882.106
TEXT,PUB_TEXT,-6693936.613433155,-9843197.454168013,SK19+374.338
TEXT,PUB_TEXT,-6693510.982993244,-9843903.651213237,车站与区间分界里程
TEXT,PUB_TEXT,-6694017.559264958,-9842671.19459197,XK19+371.964
TEXT,SPACE,-6718632.893686004,-9471981.588266947,站厅层
TEXT,SPACE,-6687904.374831719,-9792838.336193792,远期预留空间
TEXT,SPACE,-6698120.334420572,-9725788.002216146,远期预留空间
TEXT,SPACE,-6705822.153573735,-9665793.874929891,远期预留空间
TEXT,WINDOW,-6689151.370162827,-9834850.492301928,GFM1223(甲)
TEXT,PUB_TEXT,-6738871.62009973,-9426996.645530214,芳芯路站
TEXT,PUB_TEXT,-6735899.399793495,-9421651.281631326,SK19+796.297
TEXT,PUB_TEXT,-6739914.225371656,-9423704.433920063,龙阳路站
TEXT,PUB_TEXT,-6739571.946286992,-9421449.445662986,X2269.783
TEXT,PUB_TEXT,-6739354.273850751,-9425383.499055387,X1128.086
TEXT,PUB_TEXT,-6739003.483331576,-9421409.79071242,S2270.047
TEXT,PUB_TEXT,-6738752.601973017,-9425359.467806813,S1128.870
TEXT,PUB_TEXT,-6735763.888852929,-9422373.432576668,有效站台中心里程
TEXT,PUB_TEXT,-6739332.367150685,-9419390.078681976,迎春路站
TEXT,PUB_TEXT,-6697015.109405652,-9557623.920421892,5
TEXT,PUB_TEXT,-6686438.82645101,-9842369.724315908,-7.682(9.290)
TEXT,PUB_TEXT,-6713506.274334242,-9420857.665262374,-5.100(11.890)
TEXT,PUB_TEXT,-6732355.630798646,-9422038.004503889,-5.100(11.890)
TEXT,PUB_TEXT,-6707684.664023418,-9520768.663252987,0.2%
TEXT,PUB_TEXT,-6709534.08788839,-9480382.07798023,0.2%
ATTRIB,WINDOW_TEXT,-6690361.475923801,-9835223.686115064,
TEXT,SPACE,-6694982.485444431,-9509154.565551728,排烟风机房
TEXT,门号,-6690016.19298414,-9511955.818884718,GHFM1220(6)
TEXT,SPACE,-6690785.285127478,-9510589.814328641,前室
ATTRIB,WINDOW_TEXT,-6691363.947088761,-9511224.179912973,
TEXT,SPACE,-6717173.075162876,-9458168.285991678,疏散门
TEXT,SPACE,-6702679.103349261,-9363061.264223462,备品室
TEXT,SPACE,-6696896.469625744,-9497244.053327305,便民服务中心
TEXT,SPACE,-6704595.635494389,-9766573.50831571,上
TEXT,SPACE,-6701538.802203347,-9598272.647212272,活塞风井兼吊装孔
TEXT,SPACE,-6703839.061440163,-9591711.956142296,排烟风机房
TEXT,SPACE,-6723180.017869813,-9393845.909390122,站厅层
TEXT,SPACE,-6726696.665996277,-9380189.180142032,风孔
TEXT,SPACE,-6727291.603632628,-9377840.940865002,风孔
TEXT,SPACE,-6695398.363455296,-9502991.433281332,警务室
TEXT,SPACE,-6695067.349998578,-9502945.689867285,22
TEXT,SPACE,-6719996.447206544,-9578276.461926476,19
TEXT,SPACE,-6701119.236546087,-9576913.664841576,大系统预留风孔
TEXT,SPACE,-6701298.657029735,-9574332.19281005,大系统预留风孔
TEXT,SPACE,-6719867.17293669,-9584867.573049423,运营检修备品间
TEXT,SPACE,-6719562.864687148,-9584343.67548531,30
TEXT,SPACE,-6719261.633571416,-9593341.015780755,运营检修备品间
TEXT,SPACE,-6718957.325321873,-9592817.118216638,29
TEXT,SPACE,-6718830.596042882,-9599372.616734441,配电间
TEXT,SPACE,-6718492.665937076,-9599319.197044911,18
TEXT,SPACE,-6726647.162565195,-9384837.291815648,7.5
TEXT,SPACE,-6726932.846837257,-9384891.791773235,备品间
TEXT,SPACE,-6715866.976633332,-9584685.933932227,此梁上翻
TEXT,SPACE,-6720510.604227317,-9444245.59625331,站厅层
TEXT,SPACE,-6716031.2786635,-9506925.763417561,站厅层
TEXT,SPACE,-6712619.057872598,-9554673.703710792,站厅层
TEXT,SPACE,-6709988.638156755,-9591481.733212605,站厅层
TEXT,SPACE,-6700512.498482697,-9602598.2668804,活塞风井
TEXT,门号,-6716752.832262839,-9602760.606144265,GFM0718(甲)
TEXT,门号,-6714753.36854135,-9602191.332264384,GFM1223(甲)
TEXT,门号,-6727222.870591455,-9495142.616683322,GFM0723(甲)
TEXT,门号,-6691765.272609649,-9511280.257328227,GFM0718(甲)
TEXT,门号,-6729052.740131884,-9381570.196726711,GFM1023(甲)
TEXT,门号,-6728787.228928165,-9383155.302833943,GFM1023(甲)
TEXT,门号,-6728683.819439138,-9384602.334085469,GFM1023(甲)
TEXT,门号,-6704921.04587629,-9352322.32361807,GFM1023(甲)
TEXT,门号,-6706894.32448285,-9343784.85387681,GFM1223(甲)
TEXT,门号,-6705956.618322757,-9360931.869089988,GFM1523(甲)
TEXT,门号,-6692182.947513421,-9505917.216700675,GFM1023(甲)
TEXT,门号,-6690424.514352611,-9506868.22092951,GFM1223(甲)
TEXT,门号,-6690079.412502406,-9511283.168888033,GFM1223(甲)
TEXT,门号,-6698559.708507255,-9500176.890203452,GFM1523(甲)
TEXT,SPACE,-6696603.914622543,-9496970.162026041,28.3
ATTRIB,WINDOW_TEXT,-6685118.029336047,-9398764.312791714,
ATTRIB,WINDOW_TEXT,-6685611.993132583,-9391871.151464249,
TEXT,SPACE,-6695176.96906357,-9506067.510251247,AFC配电及维修室*
TEXT,SPACE,-6694887.896173221,-9505434.883460782,10 
TEXT,SPACE,-6702346.768191252,-9363085.78961197,12.4
TEXT,门号,-6706991.02667556,-9350592.791719011,GFC3015
TEXT,SPACE,-6727369.37720638,-9376020.453354776,5
TEXT,SPACE,-6727636.326266764,-9376174.295243005,备品间
TEXT,SPACE,-6691415.645751156,-9523751.549775269,排风井
TEXT,SPACE,-6691703.407352787,-9519724.83971892,新风井
TEXT,SPACE,-6691059.748485876,-9524009.911513402,4500x4450
TEXT,SPACE,-6691345.353685652,-9520013.376452491,5250x2850
TEXT,SPACE,-6726337.866490647,-9380834.558424803,1200x2500
TEXT,SPACE,-6726958.61065431,-9378459.471439954,1200x2440
TEXT,门号,-6703756.744432442,-9362350.541330645,GFM1023(甲)
TEXT,PUB_TEXT,-6720015.357372073,-9558612.806031554,0.2%
TEXT,PUB_TEXT,-6705062.221173331,-9557465.070754636,0.2%
TEXT,门号,-6717089.340476633,-9597851.304754469,GFM1023(甲)
TEXT,门号,-6717644.2646466,-9589870.574263747,GFM1023(甲)
TEXT,门号,-6718225.418497564,-9581509.333878491,GFM1023(甲)
TEXT,门号,-6718339.982001231,-9579868.499616695,GFM1023(甲)
TEXT,门号,-6705218.943168004,-9589692.458335564,GFM1023(甲)
TEXT,门号,-6701230.58794981,-9579269.206434817,GFM1023(甲)
TEXT,门号,-6701914.017545828,-9576757.8692317,GFM1023(甲)
TEXT,门号,-6702091.732378534,-9574271.067309643,GFM1023(甲)
TEXT,门号,-6726019.592157715,-9511951.293992181,GFM1023(甲)
TEXT,门号,-6726200.636168161,-9509347.580669585,GFM1023(甲)
TEXT,门号,-6726945.928716589,-9499732.618883165,GFM1023(甲)
TEXT,门号,-6727139.66265899,-9497029.517308179,GFM1023(甲)
TEXT,门号,-6716060.257450755,-9578955.242651993,GFM1523(甲)
TEXT,SPACE,-6720237.337460852,-9571587.170715563,备品间
TEXT,SPACE,-6719905.287337931,-9571451.471159367,7
TEXT,SPACE,-6725738.314829596,-9461227.533986495,进站
TEXT,SPACE,-6694644.22992859,-9508844.557691483,59
TEXT,SPACE,-6690824.77848632,-9510146.701565862,6
TEXT,门号,-6692063.934628282,-9507582.589629908,GFM1023(甲)
TEXT,门号,-6698172.860011064,-9504198.934496194,GFM1023(甲)
TEXT,SPACE,-6700804.046874909,-9579076.44440994,备品间
TEXT,SPACE,-6703544.12004165,-9591535.935647334,24.7
TEXT,SPACE,-6700883.322094094,-9578200.041037515,2.6
TEXT,门号,-6686009.347368159,-9358626.574269701,GFM2025(6)
TEXT,门号,-6716836.694069955,-9574079.15503361,GFM1223(甲)
TEXT,门号,-6721207.640345792,-9570049.164768327,GFM1023(甲)
TEXT,门号,-6700809.88159736,-9586822.385157887,GFM1023(甲)
TEXT,门号,-6695702.881628285,-9530724.05829379,GHSFM6028(6)
ATTRIB,WINDOW_TEXT,-6691657.283339456,-9507034.436831476,
TEXT,SPACE,-6692289.701065424,-9495438.715251028,配电间
TEXT,SPACE,-6691982.602225687,-9495368.338972077,14
TEXT,门号,-6692038.154590485,-9497647.196199073,GFM1023(甲)
TEXT,门号,-6698892.945033223,-9478689.48668291,GHSFM6528(6)
TEXT,门号,-6691206.332830095,-9478831.108049231,GHSFM6528(6)
TEXT,门号,-6714916.10955758,-9595415.525934685,GFM1523(甲)
TEXT,SPACE,-6720302.078454198,-9578781.84649313,运营检修备品间
TEXT,SPACE,-6705586.804765244,-9425695.078356875,出站
TEXT,门号,-6695910.966635177,-9512782.567479034,GFM1023(甲)
TEXT,PUB_TEXT,-6756620.947849555,-9491364.80475159,-4.850
TEXT,PUB_TEXT,-6756266.714462589,-9460402.724085801,4.750
ATTRIB,WINDOW_TEXT,-6736822.953571135,-9486757.936653718,
ATTRIB,WINDOW_TEXT,-6741911.203170448,-9487111.74033913,
ATTRIB,WINDOW_TEXT,-6736288.347774265,-9494444.034405645,
ATTRIB,WINDOW_TEXT,-6741375.711572008,-9494803.156183829,
TEXT,门号,-6737328.482817953,-9491203.524777823,GHSFM6528(6)
TEXT,门号,-6732306.003229507,-9490867.312285638,GHSM6528
TEXT,SPACE,-6702616.232340387,-9416561.059339167,疏散门
TEXT,PUB_TEXT,-6673589.931384683,-9840393.390439556,-7.679(9.290)
TEXT,连续墙,-6728948.530152593,-9522384.690396593,预埋3根DN50套管（DZ）管中心距顶200
TEXT,连续墙,-6729274.970555024,-9522408.018873621,"预埋2根DN100套管,2根DN50套管(人防电气)管中心距顶200"
TEXT,SPACE,-6715902.592232303,-9604915.480840512,下
TEXT,SPACE,-6718406.467818046,-9572630.207950455,下
TEXT,门号,-6701884.521256779,-9368339.764287705,GFM1223(甲)
TEXT,SPACE,-6702478.017281434,-9367142.645868089,前室
TEXT,SPACE,-6702146.587576645,-9367200.895842449,6.3
TEXT,门号,-6703641.149313822,-9367250.733821714,GFM1223(甲)
TEXT,SPACE,-6704534.590460182,-9372625.385965751,风孔
TEXT,SPACE,-6704238.303269367,-9373275.231578817,1000x3000
TEXT,门号,-6704085.251460169,-9370729.584240883,GFM0718(甲)
TEXT,门号,-6704146.608456471,-9366965.643533927,GFM0718(甲)
TEXT,SPACE,-6704777.533466399,-9368858.472211657,备品间
TEXT,SPACE,-6704512.784883148,-9368803.722939173,5.6
TEXT,设备－AFC,-6726509.449018323,-9506320.424677431,TVM
TEXT,设备－AFC,-6726563.354639268,-9505566.111739582,TVM
TEXT,设备－AFC,-6726617.528517643,-9504808.044993909,TVM
TEXT,设备－AFC,-6726671.70239602,-9504049.978248227,TVM
TEXT,设备－AFC,-6726597.779572171,-9503062.787973766,CVM
TEXT,设备－AFC,-6726455.275139947,-9507078.491423108,TVM
TEXT,SPACE,-6727715.689090675,-9379710.835889326,14
TEXT,SPACE,-6727993.708566223,-9379663.372286644,风室
TEXT,门号,-6727706.055100249,-9375045.411455488,GFM1023(甲)
TEXT,SPACE,-6701302.884706032,-9389413.713004111,LFMDB7030(6)
TEXT,SPACE,-6701981.051452881,-9379923.979683322,LFMDB7030(6)
ATTRIB,WINDOW_TEXT,-6690367.900230957,-9409254.367969099,
ATTRIB,WINDOW_TEXT,-6689875.345408738,-9416146.793658706,
ATTRIB,WINDOW_TEXT,-6685098.429436674,-9408877.797760453,
ATTRIB,WINDOW_TEXT,-6684605.874831817,-9415770.22040864,
TEXT,门号,-6687880.203361078,-9413542.09559296,GHSFM6530(6)
TEXT,门号,-6693342.004223589,-9413875.409985784,GHSM6530
TEXT,门号,-6688437.164948675,-9404977.454895373,GHSFM6528(6)
TEXT,门号,-6689100.401512031,-9396582.948358286,GHSFM6528(6)
ATTRIB,WINDOW_TEXT,-6684512.137275194,-9407242.690868365,
ATTRIB,WINDOW_TEXT,-6685006.101071727,-9400349.529540896,
TEXT,SPACE,-6727072.608300113,-9501522.326530523,2
TEXT,SPACE,-6727364.209677777,-9501669.013057732,备品间
TEXT,门号,-6726803.275665079,-9501779.988561519,GFM1023(甲)
TEXT,SPACE,-6688838.891275618,-9387200.508628893,48A
TEXT,SPACE,-6699428.127363676,-9387502.833920393,48A
TEXT,SPACE,-6689224.561161109,-9386955.376168479,1
TEXT,SPACE,-6699799.346247657,-9387304.791156768,2
TEXT,门号,-6705578.604814752,-9595210.558669007,GFM1223(甲)
TEXT,SPACE,-6719791.751689617,-9458067.336933959,客服中心
TEXT,afc标注,-6714462.207527049,-9456621.473062204,宽通道
TEXT,afc标注,-6709503.00336973,-9456094.704013985,预留
TEXT,afc标注,-6710198.29776005,-9456133.71049728,预留
TEXT,afc标注,-6724114.480922292,-9457363.969848969,预留
TEXT,afc标注,-6724825.816142168,-9457430.825943006,预留
TEXT,SPACE,-6712413.472657942,-9455173.319887991,出站
TEXT,设备－AFC,-6700935.776110803,-9454355.860370743,CVM
TEXT,设备－AFC,-6701305.156200512,-9451102.455243384,TVM
TEXT,afc标注,-6702695.452287444,-9433387.92161246,票亭
TEXT,afc标注,-6703498.948848346,-9428182.975683217,宽通道
TEXT,afc标注,-6703691.47288272,-9423653.739886139,预留
TEXT,afc标注,-6703741.36987596,-9422955.520515126,预留
TEXT,设备－AFC,-6701259.512691234,-9451856.074291745,TVM
TEXT,设备－AFC,-6701213.869181954,-9452609.693340111,TVM
TEXT,设备－AFC,-6701168.225672676,-9453363.31238847,TVM
TEXT,设备－AFC,-6700871.504157597,-9455417.053198116,CVM
TEXT,设备－AFC,-6701350.79970979,-9450348.836195022,TVM
TEXT,afc标注,-6701290.784724693,-9449629.119451129,预留
TEXT,SPACE,-6699568.809612259,-9435843.486025587,进站
TEXT,SPACE,-6700883.322094094,-9578200.041037515,2.6
TEXT,门号,-6693874.022041828,-9593364.093247101,GSFM3035(5)
TEXT,SPACE,-6689048.327793413,-9587765.018854197,集水坑
TEXT,门号,-6688652.833019822,-9594641.032546281,GFMM0718(甲)
TEXT,门号,-6694037.609466135,-9590965.88607194,GSFM3035(5)
TEXT,门号,-6690993.659102521,-9589701.644204604,GSFM3035(5)
TEXT,门号,-6691044.45820113,-9586085.331210577,GSFM3035(5)
TEXT,门号,-6690329.450679582,-9599474.689877958,GFMM0718(甲)
TEXT,GPS10.25,-6688009.488523074,-9602015.700328056,200x200贴地泄水孔
TEXT,GPS10.25,-6688766.966250817,-9591188.464002069,200x200贴地泄水孔
TEXT,门号,-6685445.166465598,-9578462.849675906,GHSFM6528(6)
TEXT,门号,-6693484.037111272,-9600612.603711576,GSFM4535(5)
TEXT,门号,-6690662.644448797,-9594733.989290666,GSFM4535(5)
TEXT,门号,-6693212.970620201,-9604219.98084357,GSFM4535(5)
TEXT,PUB_TEXT,-6689221.84404801,-9602918.255838217,5200x3500
TEXT,PUB_TEXT,-6689888.102124528,-9597183.937884535,5200x3500
TEXT,PUB_TEXT,-6689658.214892772,-9592501.830036312,3000x3000
TEXT,PUB_TEXT,-6689862.148174033,-9589208.535258331,3000x2700
TEXT,PUB_TEXT,-6686258.842554146,-9600282.269997409,集水坑
TEXT,PUB_TEXT,-6685923.697256058,-9600258.319440651,2000X1500X1500(H)
TEXT,PUB_TEXT,-6686972.761605813,-9590361.451086499,集水坑
TEXT,PUB_TEXT,-6686637.616307725,-9590337.50052974,2000X1500X1500(H)
ATTRIB,WINDOW_TEXT,-6689579.242576196,-9593607.08212268,
ATTRIB,WINDOW_TEXT,-6680756.720246558,-9585019.813633499,
ATTRIB,WINDOW_TEXT,-6691717.351785591,-9599820.35903203,
TEXT,SPACE,-6699366.951048094,-9496254.410195168,FJM4532
TEXT,门号,-6689348.085352535,-9589890.926326743,GFMM0718(甲)
ATTRIB,WINDOW_TEXT,-6689808.148796368,-9590315.03079529,
TEXT,门号,-6693469.230381374,-9524708.001706576,GFM1520(6)
TEXT,门号,-6675479.622846697,-9388271.086752379,GFM1023(甲)
TEXT,SPACE,-6673500.89799315,-9384539.326806363,排烟机房
TEXT,SPACE,-6679821.158107378,-9389174.447532113,小通风机房
TEXT,PUB_TEXT,-6678318.267587774,-9411199.906065807,1
TEXT,门号,-6693214.545105357,-9424406.131079459,HFM1520(6)
TEXT,设备－AFC,-6699289.603260626,-9481241.609537926,CVM
TEXT,设备－AFC,-6699216.769461803,-9482289.08041473,CVM
TEXT,设备－AFC,-6698902.875162671,-9485233.702339032,TVM
TEXT,设备－AFC,-6698975.708952091,-9484186.231461576,TVM
TEXT,门号,-6681868.5578769,-9381111.491747212,GFM1023(甲)
ATTRIB,WINDOW_TEXT,-6687318.359115375,-9381431.226756161,
TEXT,PUB_TEXT,-6681042.150054953,-9378920.605114574,下
TEXT,设备－AFC,-6698830.041349012,-9486281.173214804,TVM
TEXT,设备－AFC,-6698757.207535353,-9487328.644090574,TVM
TEXT,设备－AFC,-6698684.373721696,-9488376.114966346,TVM
TEXT,设备－AFC,-6699143.935662134,-9483336.551291476,CVM
TEXT,门号,-6701230.287893877,-9526384.307056746,GFM1023(甲)
TEXT,门号,-6674867.667470073,-9381735.007377272,GFM1823(甲)
TEXT,SPACE,-6672939.344729544,-9381236.979306299,前室
ATTRIB,WINDOW_TEXT,-6715516.239177552,-9589729.847828918,
ATTRIB,WINDOW_TEXT,-6717328.419997459,-9574013.914997799,
ATTRIB,WINDOW_TEXT,-6718437.928603706,-9579455.411620973,
ATTRIB,WINDOW_TEXT,-6718340.816873976,-9580852.039456848,
ATTRIB,WINDOW_TEXT,-6717751.209943295,-9589331.565603238,
ATTRIB,WINDOW_TEXT,-6717196.285773582,-9597312.296093978,
ATTRIB,WINDOW_TEXT,-6715321.640166394,-9602888.724408316,
ATTRIB,WINDOW_TEXT,-6728225.948129966,-9382735.358397173,
ATTRIB,WINDOW_TEXT,-6728125.566702257,-9384129.508928573,
ATTRIB,WINDOW_TEXT,-6728332.870258017,-9381239.174030783,
TEXT,PUB_TEXT,-6689175.580044051,-9834473.206505046,下
ATTRIB,WINDOW_TEXT,-6716840.143387319,-9602400.479264604,
ATTRIB,WINDOW_TEXT,-6727391.54634929,-9494622.779924855,
ATTRIB,WINDOW_TEXT,-6691874.791077477,-9511922.798974115,
TEXT,PUB_TEXT,-6693739.889569886,-9514130.744983399,弱电电缆孔
TEXT,PUB_TEXT,-6693406.32865125,-9514084.623863766,1000x500
ATTRIB,WINDOW_TEXT,-6706864.472900088,-9343273.525887413,
ATTRIB,WINDOW_TEXT,-6705828.479473353,-9360401.00406595,
ATTRIB,WINDOW_TEXT,-6692170.798767769,-9505555.984834542,
ATTRIB,WINDOW_TEXT,-6704182.127023098,-9357557.376401649,
ATTRIB,WINDOW_TEXT,-6705169.714693329,-9589060.453191146,
ATTRIB,WINDOW_TEXT,-6701164.374020168,-9578858.053423415,
ATTRIB,WINDOW_TEXT,-6701346.934629409,-9576232.528893113,
ATTRIB,WINDOW_TEXT,-6701520.348432528,-9573738.550614763,
ATTRIB,WINDOW_TEXT,-6726217.297891367,-9511545.142548586,
ATTRIB,WINDOW_TEXT,-6726390.711694448,-9509051.164270237,
ATTRIB,WINDOW_TEXT,-6727073.359009783,-9499261.251841371,
ATTRIB,WINDOW_TEXT,-6727256.166492849,-9496567.44767123,
TEXT,PUB_TEXT,-6702270.334545121,-9545309.162560839,D159
TEXT,PUB_TEXT,-6702311.358877541,-9544735.100243393,钢套管
TEXT,PUB_TEXT,-6704608.17687847,-9526573.640519584,D159
TEXT,PUB_TEXT,-6704649.201210888,-9525999.578202135,钢套管
TEXT,PUB_TEXT,-6705873.442365465,-9501169.900209026,D159
TEXT,PUB_TEXT,-6705914.466697883,-9500595.837891577,钢套管
TEXT,PUB_TEXT,-6708210.428372369,-9475136.837828941,D159
TEXT,PUB_TEXT,-6708251.452704786,-9474562.775511492,钢套管
TEXT,PUB_TEXT,-6709959.638534892,-9447830.037210719,D159
TEXT,PUB_TEXT,-6710000.662867308,-9447255.97489327,钢套管
TEXT,PUB_TEXT,-6711595.695115446,-9420519.736077521,D159
TEXT,PUB_TEXT,-6711636.719447865,-9419945.673760075,钢套管
ATTRIB,WINDOW_TEXT,-6716633.849201476,-9573266.062486743,
ATTRIB,WINDOW_TEXT,-6721764.268688315,-9569964.575645977,
ATTRIB,WINDOW_TEXT,-6692073.612630735,-9506952.693543022,
ATTRIB,WINDOW_TEXT,-6698216.703953081,-9503771.180549378,
ATTRIB,WINDOW_TEXT,-6701796.954378602,-9586910.941151369,
ATTRIB,WINDOW_TEXT,-6692702.219470763,-9497585.704648065,
TEXT,PUB_TEXT,-6693898.456973937,-9512287.182314151,动照电缆孔
TEXT,PUB_TEXT,-6693573.757165765,-9512117.06576772,800x500
TEXT,PUB_TEXT,-6691401.991487322,-9497348.816287269,100x200
TEXT,PUB_TEXT,-6691466.752532242,-9496442.601040465,过水孔
TEXT,PUB_TEXT,-6691074.887194121,-9497212.346217619,贴地布置
TEXT,PUB_TEXT,-6691134.763586019,-9496374.482972393,(
TEXT,PUB_TEXT,-6691141.381503017,-9496281.877034766,余同
TEXT,PUB_TEXT,-6691171.319698966,-9495862.945412156,)
TEXT,PUB_TEXT,-6688013.356048089,-9511081.183403199,贴底预留
TEXT,PUB_TEXT,-6688073.232439989,-9510243.320157979,100x200
TEXT,PUB_TEXT,-6688137.993484907,-9509337.104911173,过水孔
ATTRIB,WINDOW_TEXT,-6698501.058710319,-9499681.053125662,
TEXT,PUB_TEXT,-6700265.899534597,-9544542.329155422,%%c114
TEXT,PUB_TEXT,-6700305.910920539,-9543982.441216181,钢套管
TEXT,PUB_TEXT,-6699906.815286647,-9544516.667844611,离壁沟排水孔
ATTRIB,WINDOW_TEXT,-6696470.634739369,-9512863.120169031,
TEXT,PUB_TEXT,-6746360.098422715,-9491314.569090812,1%
TEXT,PUB_TEXT,-6753814.055749854,-9494314.307657361,-4.850(
TEXT,PUB_TEXT,-6753967.685965906,-9492164.526962387,变坡点
TEXT,PUB_TEXT,-6754079.954200713,-9490593.533377593,)
TEXT,PUB_TEXT,-6742162.218189998,-9492432.267922641,-4.960(
TEXT,PUB_TEXT,-6742315.848406051,-9490282.487227664,变坡点
TEXT,PUB_TEXT,-6742428.116640858,-9488711.493642874,)
TEXT,PUB_TEXT,-6752142.408708745,-9481906.519693602,集水坑
TEXT,PUB_TEXT,-6751193.556939394,-9485083.197791212,2000x1500x1500(H)
TEXT,PUB_TEXT,-6755056.137001081,-9489687.144883808,检修人孔
TEXT,PUB_TEXT,-6754337.968505177,-9489635.822262179,1300x700
TEXT,PUB_TEXT,-6762304.211781614,-9493659.913472008,电梯基坑
TEXT,PUB_TEXT,-6761370.065017453,-9496630.821265492,2400x2100x1600
TEXT,PUB_TEXT,-6761647.612352826,-9492747.041636325,（
TEXT,PUB_TEXT,-6761679.688991344,-9492298.186326385,H
TEXT,PUB_TEXT,-6761701.973813892,-9491986.350005793,）
TEXT,PUB_TEXT,-6697408.710331456,-9763158.67812789,-4.918
TEXT,PUB_TEXT,-6687082.096743949,-9761570.305265257,-4.918
TEXT,PUB_TEXT,-6691673.820580031,-9719417.47809485,-4.833(11.890)
TEXT,PUB_TEXT,-6705116.421245699,-9721071.142101438,-4.833(11.890)
TEXT,PUB_TEXT,-6711659.354494291,-9587997.287544755,-4.766(11.890)
TEXT,PUB_TEXT,-6721132.47774346,-9551153.673389897,-4.842
TEXT,PUB_TEXT,-6706516.528747125,-9551668.922908479,-4.842
TEXT,PUB_TEXT,-6724513.770825693,-9503806.009559385,-4.933
TEXT,PUB_TEXT,-6708270.956643701,-9502676.597886223,-4.933
TEXT,PUB_TEXT,-6709569.454557263,-9500972.802752697,特级防火卷帘
TEXT,PUB_TEXT,-6711034.688514323,-9457294.242472581,-5.027(11.890)
TEXT,PUB_TEXT,-6727745.871772186,-9458456.221254881,-5.027(11.890)
TEXT,PUB_TEXT,-6734380.226038609,-9376772.061466017,-5.190(11.890)
TEXT,PUB_TEXT,-6717098.093218059,-9375537.02488519,-5.190(11.890)
TEXT,PUB_TEXT,-6718538.313376761,-9337360.143077198,-5.293(11.890)
TEXT,PUB_TEXT,-6738293.740571895,-9338771.929198079,-5.293(11.890)
TEXT,PUB_TEXT,-6684179.436600012,-9795327.932817313,-4.986
TEXT,PUB_TEXT,-6682262.164948804,-9352441.111568339,-5.234
TEXT,PUB_TEXT,-6687079.061148316,-9403767.700387934,-5.132
TEXT,PUB_TEXT,-6692436.54366428,-9379383.983978438,-5.171
TEXT,PUB_TEXT,-6722852.806175652,-9420632.801628002,挡烟垂壁
TEXT,PUB_TEXT,-6722473.342918207,-9421229.001819677,做法详见通用图
TEXT,PUB_TEXT,-6713735.060145227,-9448113.38305519,挡烟垂壁
TEXT,PUB_TEXT,-6713355.59688778,-9448709.583246861,做法详见通用图
TEXT,PUB_TEXT,-6715802.512012697,-9604645.938543756,(11.820)
TEXT,PUB_TEXT,-6717647.514131999,-9573766.191926008,(11.820)
TEXT,PUB_TEXT,-6703052.405790481,-9370092.212777484,上
TEXT,PUB_TEXT,-6701786.186607961,-9369256.280624531,下
TEXT,PUB_TEXT,-6703312.353326777,-9369767.330577897,(11.820)
ATTRIB,WINDOW_TEXT,-6702369.16956406,-9367900.72143998,
ATTRIB,WINDOW_TEXT,-6703598.121688871,-9367316.840594464,
ATTRIB,WINDOW_TEXT,-6704528.21956696,-9370903.280998367,
ATTRIB,WINDOW_TEXT,-6704823.503345036,-9366905.682445962,
TEXT,PUB_TEXT,-6702504.311870723,-9373753.855177509,(13.357)
ATTRIB,WINDOW_TEXT,-6728353.838059881,-9375162.676130447,
TEXT,PUB_TEXT,-6699454.540084023,-9513311.888649019,风孔
TEXT,PUB_TEXT,-6699119.394785935,-9513287.938092261,600x1000
ATTRIB,WINDOW_TEXT,-6726941.564520156,-9501156.675325066,
TEXT,PUB_TEXT,-6683924.408792729,-9397897.359660149,-5.133
TEXT,PUB_TEXT,-6682922.226461218,-9411921.112828634,-5.105
ATTRIB,WINDOW_TEXT,-6706136.00802948,-9595160.642270506,
TEXT,PUB_TEXT,-6700961.106329671,-9500374.238435803,特级防火卷帘
TEXT,PUB_TEXT,-6693422.602154525,-9542462.936435352,预埋
TEXT,PUB_TEXT,-6693451.721372468,-9542055.464948315,1
TEXT,PUB_TEXT,-6693461.497109921,-9541918.670949096,根
TEXT,PUB_TEXT,-6693476.056718893,-9541714.935205575,D3=219
TEXT,PUB_TEXT,-6693551.207700559,-9540663.331336572,防护密闭套管
TEXT,PUB_TEXT,-6693638.565354391,-9539440.916875461,(GPS)
TEXT,PUB_TEXT,-6691605.701019433,-9542333.094859147,预埋
TEXT,PUB_TEXT,-6691634.820237378,-9541925.62337211,6
TEXT,PUB_TEXT,-6691647.039909193,-9541754.630873086,根
TEXT,PUB_TEXT,-6691661.599518164,-9541550.895129567,DN80
TEXT,PUB_TEXT,-6691712.311156201,-9540841.276258616,、
TEXT,PUB_TEXT,-6691726.870765172,-9540637.540515094,12
TEXT,PUB_TEXT,-6691748.866174442,-9540329.75401685,根
TEXT,PUB_TEXT,-6691763.425783415,-9540126.018273332,DN50
TEXT,PUB_TEXT,-6691814.137421448,-9539416.399402378,热镀锌钢管（
TEXT,PUB_TEXT,-6691901.49507528,-9538193.984941262,DZ
TEXT,PUB_TEXT,-6691926.545402502,-9537843.450318264,）（双排布置）
TEXT,PUB_TEXT,-6692283.844127895,-9542381.557138352,预埋
TEXT,PUB_TEXT,-6692312.96334584,-9541974.085651315,6
TEXT,PUB_TEXT,-6692325.183017657,-9541803.093152292,根
TEXT,PUB_TEXT,-6692339.742626627,-9541599.35740877,DN50
TEXT,PUB_TEXT,-6692390.454264664,-9540889.738537817,热镀锌密闭钢管
TEXT,PUB_TEXT,-6692492.371527468,-9539463.588333186,(FAS/BAS)
TEXT,PUB_TEXT,-6696722.352463479,-9533185.605843749,预埋
TEXT,PUB_TEXT,-6696751.47168142,-9532778.134356709,8
TEXT,PUB_TEXT,-6696763.691353238,-9532607.141857686,根
TEXT,PUB_TEXT,-6696778.25096221,-9532403.406114168,DN80
TEXT,PUB_TEXT,-6696828.962600245,-9531693.787243217,热镀锌密闭钢管
TEXT,PUB_TEXT,-6696243.573466208,-9533151.390762665,（
TEXT,PUB_TEXT,-6696258.133075181,-9532947.655019146,TX
TEXT,PUB_TEXT,-6696281.350451632,-9532622.769270998,）双排布置
TEXT,PUB_TEXT,-6692709.935831682,-9532092.348013462,预埋
TEXT,PUB_TEXT,-6692739.055049624,-9531684.876526423,1
TEXT,PUB_TEXT,-6692748.830787077,-9531548.082527203,根
TEXT,PUB_TEXT,-6692763.390396049,-9531344.346783686,D3=219
TEXT,PUB_TEXT,-6692838.541377717,-9530292.742914681,防护密闭套管
TEXT,PUB_TEXT,-6692925.899031547,-9529070.328453567,(GPS)
TEXT,PUB_TEXT,-6692097.925178919,-9532048.611771422,管中心距顶板
TEXT,PUB_TEXT,-6692185.282832752,-9530826.197310307,500mm
TEXT,PUB_TEXT,-6699949.467203754,-9519005.421643759,预埋
TEXT,PUB_TEXT,-6699981.543842271,-9518556.566333822,D3=219
TEXT,PUB_TEXT,-6700045.865943716,-9517656.493317572,人防密闭套管管中心距顶板
TEXT,PUB_TEXT,-6700238.325774815,-9514963.36145793,0.5m
TEXT,PUB_TEXT,-6699590.382955801,-9518979.760332948,预埋
TEXT,PUB_TEXT,-6699622.459594317,-9518530.905023006,D3=140
TEXT,PUB_TEXT,-6699686.781695766,-9517630.832006759,人防密闭套管管中心距顶板
TEXT,PUB_TEXT,-6699879.241526863,-9514937.700147118,0.5m
TEXT,DIM_LEAD,-6699237.664203168,-9518984.442206701,预埋
TEXT,DIM_LEAD,-6699266.783421113,-9518576.970719664,D3=159
TEXT,DIM_LEAD,-6699341.93440278,-9517525.366850659,人防密闭套管管中心距顶板
TEXT,DIM_LEAD,-6699516.649710444,-9515080.537928433,0.5m
TEXT,DIM_LEAD,-6698880.731299316,-9518953.955885541,预埋
TEXT,DIM_LEAD,-6698909.850517259,-9518546.484398505,D3=273
TEXT,DIM_LEAD,-6698987.44543329,-9517460.682029696,人防密闭套管管中心距顶板
TEXT,DIM_LEAD,-6699162.160740952,-9515015.85310747,0.5m
TEXT,PUB_TEXT,-6689618.321332009,-9516340.508861647,预埋
TEXT,PUB_TEXT,-6689650.397970524,-9515891.653551706,%%c114
TEXT,PUB_TEXT,-6689690.409356464,-9515331.765612467,钢套管
TEXT,PUB_TEXT,-6690280.065410625,-9516217.117828466,200
TEXT,PUB_TEXT,-6690310.45380501,-9515791.886482203,宽横截沟
TEXT,PUB_TEXT,-6693336.696577105,-9530990.878295151,吊装门扇用
TEXT,PUB_TEXT,-6693411.542066977,-9529943.549238625,%%c20
TEXT,PUB_TEXT,-6693439.431860046,-9529553.281358614,吊环
TEXT,PUB_TEXT,-6705269.242992981,-9522164.551003749,5
TEXT,PUB_TEXT,-6677790.047849432,-9520253.840003162,5
TEXT,PUB_TEXT,-6707423.421756571,-9491183.885376914,6
TEXT,PUB_TEXT,-6679944.226613019,-9489273.174376325,6
TEXT,PUB_TEXT,-6704600.07381018,-9531788.314384298,3
TEXT,PUB_TEXT,-6677120.878666629,-9529877.603383711,3
TEXT,PUB_TEXT,-6705001.510335319,-9526014.990941513,4
TEXT,PUB_TEXT,-6677522.315191769,-9524104.279940926,4
TEXT,PUB_TEXT,-6690515.979988056,-9539077.071681289,1
TEXT,PUB_TEXT,-6699594.213378637,-9418069.034347936,1
TEXT,PUB_TEXT,-6685061.567503751,-9538258.482327673,2
TEXT,PUB_TEXT,-6693225.576455342,-9417732.54589845,2
TEXT,PUB_TEXT,-6700621.25435835,-9496452.725886042,特级防火卷帘
TEXT,PUB_TEXT,-6690952.155279445,-9515604.937467102,上
TEXT,PUB_TEXT,-6691670.674753797,-9516948.706154675,下
TEXT,PUB_TEXT,-6697465.481833242,-9533252.810717506,预埋
TEXT,PUB_TEXT,-6697494.601051186,-9532845.339230467,2
TEXT,PUB_TEXT,-6697506.820723003,-9532674.346731443,根
TEXT,PUB_TEXT,-6697521.380331975,-9532470.610987925,DN50
TEXT,PUB_TEXT,-6697572.091970011,-9531760.992116971,、
TEXT,PUB_TEXT,-6697586.651578982,-9531557.256373455,2
TEXT,PUB_TEXT,-6697598.871250797,-9531386.263874429,根
TEXT,PUB_TEXT,-6697613.43085977,-9531182.528130907,DN100
TEXT,PUB_TEXT,-6697673.918235258,-9530336.115260734,热镀锌密闭钢管（人防电气）
TEXT,PUB_TEXT,-6688058.695369051,-9508030.148727172,预埋
TEXT,PUB_TEXT,-6688090.772007568,-9507581.293417235,%%c114
TEXT,PUB_TEXT,-6688130.783393506,-9507021.40547799,钢套管
TEXT,PUB_TEXT,-6688975.666280066,-9507031.311609823,贴底预留
TEXT,PUB_TEXT,-6689035.542671964,-9506193.4483646,100x200
TEXT,PUB_TEXT,-6689100.303716884,-9505287.233117799,过水孔
TEXT,PUB_TEXT,-6699240.27735295,-9524629.005822944,预埋
TEXT,PUB_TEXT,-6699269.396570896,-9524221.534335904,2
TEXT,PUB_TEXT,-6699281.616242712,-9524050.541836881,根
TEXT,PUB_TEXT,-6699296.175851683,-9523846.806093359,DN50
TEXT,PUB_TEXT,-6699346.887489719,-9523137.187222406,热镀锌钢管（
TEXT,PUB_TEXT,-6699434.245143552,-9521914.772761293,DZ
TEXT,PUB_TEXT,-6699459.295470774,-9521564.238138294,）
TEXT,PUB_TEXT,-6706382.393354942,-9456009.34405053,栏杆做法详见通用图
TEXT,PUB_TEXT,-6698512.482762624,-9528569.871435445,预埋
TEXT,PUB_TEXT,-6698541.601980569,-9528162.399948408,2
TEXT,PUB_TEXT,-6698553.821652385,-9527991.407449384,根
TEXT,PUB_TEXT,-6698568.381261357,-9527787.671705864,DN50
TEXT,PUB_TEXT,-6698619.092899392,-9527078.052834912,热镀锌密闭钢管
TEXT,PUB_TEXT,-6698721.010162196,-9525651.902630279,(FAS/BAS)
TEXT,PUB_TEXT,-6694433.641871725,-9524377.29982229,吊装门扇用
TEXT,PUB_TEXT,-6694508.487361598,-9523329.970765766,%%c20
TEXT,PUB_TEXT,-6694536.377154665,-9522939.702885754,吊环
ATTRIB,WINDOW_TEXT,-6675271.630388809,-9387975.051571281,
TEXT,PUB_TEXT,-6682922.22646122,-9411921.112828634,-5.105
TEXT,PUB_TEXT,-6696148.322083372,-9495983.554282945,9
TEXT,PUB_TEXT,-6687505.597195467,-9516256.929242901,吊装门扇用
TEXT,PUB_TEXT,-6687580.442685339,-9515209.600186373,%%c20
TEXT,PUB_TEXT,-6687608.332478405,-9514819.332306363,吊环
TEXT,PUB_TEXT,-6686747.747222823,-9516885.587693302,预埋
TEXT,PUB_TEXT,-6686776.866440768,-9516478.116206267,4
TEXT,PUB_TEXT,-6686789.086112586,-9516307.123707239,根
TEXT,PUB_TEXT,-6686803.645721555,-9516103.387963722,DN25
TEXT,PUB_TEXT,-6686854.357359591,-9515393.769092769,热镀锌钢管（
TEXT,PUB_TEXT,-6686941.715013423,-9514171.354631658,DZ
TEXT,PUB_TEXT,-6686966.765340644,-9513820.820008652,）
TEXT,PUB_TEXT,-6696697.754552541,-9427709.787994743,预埋
TEXT,PUB_TEXT,-6696726.873770481,-9427302.316507704,2
TEXT,PUB_TEXT,-6696739.093442297,-9427131.324008682,根
TEXT,PUB_TEXT,-6696753.65305127,-9426927.58826516,DN50
TEXT,PUB_TEXT,-6696804.364689304,-9426217.969394206,镀锌密闭钢套管
TEXT,PUB_TEXT,-6696906.28195211,-9424791.819189575,(
TEXT,PUB_TEXT,-6696914.835722381,-9424672.12444026,动照
TEXT,PUB_TEXT,-6696943.954940324,-9424264.652953221,)
TEXT,PUB_TEXT,-6695816.363804323,-9430200.445342144,预埋
TEXT,PUB_TEXT,-6695845.483022266,-9429792.973855104,2
TEXT,PUB_TEXT,-6695857.702694084,-9429621.981356078,根
TEXT,PUB_TEXT,-6695872.262303054,-9429418.245612563,DN50
TEXT,PUB_TEXT,-6695922.973941089,-9428708.626741608,、
TEXT,PUB_TEXT,-6695937.533550062,-9428504.890998089,2
TEXT,PUB_TEXT,-6695949.753221878,-9428333.898499063,根
TEXT,PUB_TEXT,-6695964.312830849,-9428130.162755545,DN100
TEXT,PUB_TEXT,-6696024.800206336,-9427283.749885374,热镀锌密闭钢管（人防电气）
TEXT,PUB_TEXT,-6691684.102938814,-9427804.490855518,a
TEXT,PUB_TEXT,-6692148.368074717,-9421127.768516958,a
TEXT,PUB_TEXT,-6697358.748145991,-9425231.895205168,b
TEXT,PUB_TEXT,-6689679.983209095,-9424697.953150035,b
TEXT,PUB_TEXT,-6692796.012650334,-9524448.114682071,防跌落栏杆
TEXT,PUB_TEXT,-6689029.271746655,-9532613.132340447,预埋
TEXT,PUB_TEXT,-6689058.390964598,-9532205.660853408,%%c114
TEXT,PUB_TEXT,-6689101.770799546,-9531598.63748187,钢套管
ATTRIB,WINDOW_TEXT,-6701789.955998068,-9526464.859746743,
TEXT,SPACE,-6703473.912168942,-9351456.721287323,1号消防出入口
TEXT,门号,-6702883.48468468,-9349287.715369051,GM1223
TEXT,SPACE,-6685073.713872046,-9365405.745121805,排风口百叶面积
TEXT,SPACE,-6685291.41772006,-9363317.179424468,31.95
TEXT,SPACE,-6679794.777112634,-9352246.849293761,20.15
TEXT,SPACE,-6699404.297330687,-9362195.714806313,20.00
ATTRIB,WINDOW_TEXT,-6703503.538172206,-9350642.887312057,
TEXT,PUB_TEXT,-6559526.972928104,-9248335.573639545,垃圾房
TEXT,PUB_TEXT,-6539561.091263347,-9335206.242210562,管理卷帘
TEXT,PUB_TEXT,-6544048.698073937,-9333952.318224193,管理卷帘
TEXT,PUB_TEXT,-6534525.956934397,-9336613.155956827,管理卷帘
TEXT,PUB_TEXT,-6620704.222727501,-9534863.058120389,拆除内容
TEXT,PUB_TEXT,-5522232.525599934,-9880905.497257465,增设内容
TEXT,I-TEXT,-5380535.672506289,-9511597.529736709,消防栓
TEXT,PUB_TEXT,-5443986.936067379,-9565712.152409103,下
TEXT,C-NAME,-5498797.365327923,-9588097.255051795,设备用房
TEXT,PUB_TEXT,-5367622.851504097,-9624716.21429144,设备用房
TEXT,PUB_TEXT,-5439213.893930931,-9604422.667154215,磁悬浮站厅层(二层)
TEXT,PUB_TEXT,-5424124.276126293,-9596614.02895529,非付费区
TEXT,PUB_TEXT,-5404187.069823577,-9620748.180760951,付费区
TEXT,C-NAME,-5392136.115385402,-9532642.007304756,换乘通道
TEXT,C-NAME,-5370989.863516833,-9559084.51976993,设备用房
TEXT,C-NAME,-5416774.56594696,-9499322.85959211,7号线站厅层(地下一层)
TEXT,C-NAME,-5454688.165513585,-9522111.481606643,万邦商场
TEXT,PUB_TEXT,-5518976.859398287,-9509484.257440393,非付费区
TEXT,PUB_TEXT,-5408744.771554319,-9537685.39829991,非付费区
TEXT,PUB_TEXT,-5432575.132305045,-9550517.515181725,付费区
TEXT,PUB_TEXT,-5516122.041366939,-9537417.820586496,付费区
TEXT,PUB_TEXT,-5413904.582573272,-9565734.614978202,付费区
TEXT,PUB_TEXT,-5464860.951763395,-9541659.285201241,2号线站厅层(一层)
TEXT,C-NAME,-5551006.987279413,-9558235.12769448,消防车道
TEXT,C-NAME,-5545786.022073174,-9587291.388439696,换乘通道
TEXT,C-NAME,-5312548.765035644,-9496820.823527361,负一层站厅（7号线）
TEXT,TEXT填表内容,-5512670.738463395,-9577498.118049545,电
TEXT,TEXT填表内容,-5523229.862857687,-9576501.813163947,电
TEXT,TEXT填表内容,-5525330.121793316,-9584551.862671633,电
TEXT,PUB_TEXT,-5464613.805069361,-9608306.095384701,付费区
TEXT,STAIR,-5467649.09749459,-9570476.047528316,上
TEXT,STAIR,-5465854.8482656,-9570753.544774875,下
TEXT,C-NAME,-5452715.613723613,-9564818.282184557,商业
ATTRIB,WINDOW_TEXT,-5370657.85686039,-9579071.060274269,
ATTRIB,WINDOW_TEXT,-5364460.175322971,-9581120.21381976,
ATTRIB,WINDOW_TEXT,-5382430.759965483,-9576709.118572097,
ATTRIB,WINDOW_TEXT,-5385794.696027881,-9574898.284664639,
ATTRIB,WINDOW_TEXT,-5382660.582737669,-9574604.033273741,
ATTRIB,WINDOW_TEXT,-5383672.892668547,-9575633.653543484,
ATTRIB,WINDOW_TEXT,-5383344.506209049,-9573996.838388094,
ATTRIB,建-符号-门编号,-5533503.370571943,-9643547.389676262,
ATTRIB,建-符号-门编号,-5505265.056593836,-9654686.279492597,
ATTRIB,建-符号-门编号,-5509284.715983569,-9655951.208198212,
ATTRIB,建-符号-门编号,-5512271.139566982,-9660078.01612886,
ATTRIB,建-符号-门编号,-5510369.234422253,-9659832.537835866,
ATTRIB,建-符号-门编号,-5348741.136736922,-9677283.328415136,
ATTRIB,建-符号-门编号,-5519350.162775464,-9649883.67901909,
ATTRIB,建-符号-门编号,-5514201.04927631,-9648363.274410824,
ATTRIB,建-符号-门编号,-5512761.201184922,-9648765.595767109,
ATTRIB,建-符号-门编号,-5514721.438980859,-9650560.105647999,
ATTRIB,建-符号-门编号,-5513179.73836121,-9650988.085178829,
ATTRIB,建-符号-门编号,-5529477.507325806,-9642651.494515597,
ATTRIB,建-符号-门编号,-5531018.481871774,-9642220.916475425,
ATTRIB,建-符号-门编号,-5525802.993686705,-9648080.633475869,
ATTRIB,建-符号-门编号,-5526997.061263533,-9653817.172527126,
ATTRIB,建-符号-门编号,-5511514.940334528,-9658049.72867439,
ATTRIB,建-符号-门编号,-5383952.187551413,-9688889.770916876,
ATTRIB,建-符号-门编号,-5382483.877989463,-9690286.433735984,
ATTRIB,建-符号-门编号,-5377521.936456003,-9691679.38540189,
ATTRIB,建-符号-门编号,-5369431.82008967,-9693939.920112795,
ATTRIB,建-符号-门编号,-5357392.956449294,-9697303.811051634,
ATTRIB,建-符号-门编号,-5365677.624347498,-9694982.425486601,
ATTRIB,建-符号-门编号,-5367411.220711711,-9694498.025191414,
ATTRIB,建-符号-门编号,-5352796.027885038,-9696816.675485404,
ATTRIB,建-符号-门编号,-5376691.811935363,-9670314.615492525,
ATTRIB,建-符号-门编号,-5335004.877896391,-9685019.257057527,
ATTRIB,建-符号-门编号,-5338785.891311646,-9698550.939789312,
ATTRIB,建-符号-门编号,-5355929.233135542,-9693760.759092404,
ATTRIB,建-符号-门编号,-5352148.219720287,-9680229.076360621,
ATTRIB,建-符号-门编号,-5357349.428265759,-9677997.030288848,
ATTRIB,建-符号-门编号,-5366525.591184996,-9675349.968884273,
ATTRIB,建-符号-门编号,-5361534.108593676,-9692973.376657473,
ATTRIB,建-符号-门编号,-5368280.716451216,-9674942.617316384,
ATTRIB,建-符号-门编号,-5377671.030090714,-9672318.782384083,
ATTRIB,建-符号-门编号,-5344223.93753817,-9699990.611015051,
ATTRIB,建-符号-门编号,-5525291.917430971,-9639377.088121717,
ATTRIB,建-符号-门编号,-5386242.04884211,-9687311.572241776,
ATTRIB,建-符号-门编号,-5381382.168028871,-9671122.179555673,
ATTRIB,建-符号-门编号,-5385878.405733872,-9688351.548366661,
ATTRIB,建-符号-门编号,-5341165.818263887,-9678060.825682331,
ATTRIB,建-符号-门编号,-5504714.491978513,-9653034.800795277,
ATTRIB,建-符号-门编号,-5533503.370577967,-9643547.389710294,
ATTRIB,建-符号-门编号,-5352922.227132199,-9677053.637410439,
ATTRIB,建-符号-门编号,-5501369.797499978,-9651840.849856068,
ATTRIB,建-符号-门编号,-5371924.42193377,-9671646.716304302,
ATTRIB,建-符号-门编号,-5363834.305567439,-9673907.251015204,
ATTRIB,建-符号-门编号,-5374779.55615549,-9669959.888897309,
ATTRIB,建-符号-门编号,-5356528.638876681,-9675059.547560595,
ATTRIB,建-符号-门编号,-5353856.166349682,-9670154.020706375,
ATTRIB,建-符号-门编号,-5514005.557009788,-9643018.71804254,
ATTRIB,建-符号-门编号,-5336590.611250102,-9705186.506490703,
TEXT,A-TEXT,-5404516.984950934,-9664174.258867467,工作点
TEXT,A-TEXT,-5407488.869715293,-9663380.992169145,上行
TEXT,A-TEXT,-5469900.976183498,-9662471.97973116,工作点
TEXT,A-TEXT,-5471736.820178207,-9661802.92826985,上行
TEXT,A-TEXT,-5433353.000801878,-9672684.297213315,工作点
TEXT,A-TEXT,-5435474.453454872,-9671935.441178554,上行
TEXT,A-TEXT,-5433690.561552981,-9673892.376822619,工作点
TEXT,A-TEXT,-5435940.01623919,-9673601.62097403,上行
TEXT,A-TEXT,-5408810.976204486,-9679541.812725295,工作点
TEXT,A-TEXT,-5411732.782440246,-9678569.322446849,上行
TEXT,A-TEXT,-5428643.525318196,-9655829.788023019,工作点
TEXT,A-TEXT,-5430764.977971194,-9655080.931988257,上行
TEXT,A-TEXT,-5428981.086069298,-9657037.867632329,工作点
TEXT,A-TEXT,-5431230.540551533,-9656747.11105372,上行
TEXT,A-TEXT,-5465529.089504878,-9646825.649772191,工作点
TEXT,A-TEXT,-5467492.935323093,-9646614.69773412,上行
ATTRIB,建-符号-门编号,-5457756.065461918,-9647923.273764533,
ATTRIB,建-符号-门编号,-5463338.200048914,-9663613.640295681,
ATTRIB,建-符号-门编号,-5421787.825125219,-9659665.930203217,
ATTRIB,建-符号-门编号,-5426104.369977938,-9675114.20002655,
ATTRIB,建-符号-门编号,-5402651.674687859,-9683255.941013886,
ATTRIB,建-符号-门编号,-5397923.389584223,-9666334.114280974,
ATTRIB,建-符号-门编号,-5334846.528165942,-9697249.298083129,
ATTRIB,建-符号-门编号,-5331945.508620286,-9686866.982079672,
ATTRIB,建-符号-门编号,-5340130.723900736,-9701134.333934179,
ATTRIB,建-符号-门编号,-5340708.32909621,-9676423.54022724,
ATTRIB,建-符号-门编号,-5340717.193854583,-9708598.103497452,
ATTRIB,建-符号-门编号,-5497483.929471614,-9652054.461026919,
ATTRIB,建-符号-门编号,-5522928.778798614,-9644481.335704236,
ATTRIB,建-符号-门编号,-5520220.894389674,-9646681.213459309,
ATTRIB,建-符号-门编号,-5519206.624819953,-9643051.294039684,
ATTRIB,建-符号-门编号,-5518487.298025458,-9647165.613754502,
ATTRIB,建-符号-门编号,-5530987.907377285,-9657509.400485464,
ATTRIB,建-符号-门编号,-5528829.634950922,-9649785.265573784,
ATTRIB,建-符号-门编号,-5328233.353914419,-9676368.67170508,
ATTRIB,建-符号-门编号,-5325203.850221437,-9683548.828673119,
ATTRIB,建-符号-门编号,-5372465.396779139,-9689918.963685009,
ATTRIB,建-符号-门编号,-5358502.461617829,-9696987.304486155,
ATTRIB,建-符号-门编号,-5331435.353751494,-9708637.401047566,
ATTRIB,建-符号-门编号,-5324084.347354423,-9679542.295522686,
ATTRIB,建-符号-门编号,-5331606.007458463,-9706461.193953225,
ATTRIB,建-符号-门编号,-5381689.37943415,-9687443.041978111,
ATTRIB,建-符号-门编号,-5370730.837687593,-9690399.918522759,
ATTRIB,建-符号-门编号,-5320986.013545226,-9677557.883621782,
TEXT,AUDIT_D_110625132327-0,-5441747.445936274,-9651162.984007388,DT-
TEXT,AUDIT_D_110625132327-0,-5441386.218263629,-9651237.490797383,5
TEXT,AUDIT_D_110625132327-0,-5446752.915653127,-9669076.813103757,DT-
TEXT,AUDIT_D_110625132327-0,-5446391.687980484,-9669151.319893753,5
ATTRIB,建-符号-门编号,-5527996.550153382,-9647318.455431872,
ATTRIB,建-符号-门编号,-5338228.881199039,-9705001.945969369,
ATTRIB,建-符号-门编号,-5505800.099319639,-9650602.937990573,
ATTRIB,建-符号-门编号,-5503889.960562859,-9649178.166761613,
ATTRIB,建-符号-门编号,-5516652.16191349,-9647678.386215677,
ATTRIB,建-符号-门编号,-5328759.818527301,-9698690.466279655,
ATTRIB,建-符号-门编号,-5328087.040339534,-9696282.693551577,
ATTRIB,建-符号-门编号,-5326645.173054873,-9691494.059222941,
ATTRIB,建-符号-门编号,-5325972.394867108,-9689086.286494863,
ATTRIB,建-符号-门编号,-5387258.841335729,-9698494.230336885,
ATTRIB,建-符号-门编号,-5386584.664971869,-9698682.608229459,
ATTRIB,建-符号-门编号,-5382828.53951607,-9699732.14220238,
ATTRIB,建-符号-门编号,-5381383.875879224,-9700135.809115044,
ATTRIB,建-符号-门编号,-5374160.557694999,-9702154.143678345,
ATTRIB,建-符号-门编号,-5372715.894058153,-9702557.810591002,
ATTRIB,建-符号-门编号,-5371271.230421308,-9702961.477503668,
ATTRIB,建-符号-门编号,-5369826.566784464,-9703365.144416329,
ATTRIB,建-符号-门编号,-5368381.90314762,-9703768.811328989,
ATTRIB,建-符号-门编号,-5366937.239510771,-9704172.478241646,
ATTRIB,建-符号-门编号,-5365492.575873926,-9704576.145154309,
ATTRIB,建-符号-门编号,-5364047.912237083,-9704979.812066971,
ATTRIB,建-符号-门编号,-5358269.257689703,-9706594.479717621,
ATTRIB,建-符号-门编号,-5356824.594052858,-9706998.146630274,
ATTRIB,建-符号-门编号,-5345363.595867219,-9710200.570804051,
ATTRIB,建-符号-门编号,-5377049.884968687,-9701346.809853026,
ATTRIB,建-符号-门编号,-5375605.221331845,-9701750.476765685,
ATTRIB,建-符号-门编号,-5348980.07050477,-9709190.057965944,
ATTRIB,建-符号-门编号,-5341029.604956682,-9711411.571542038,
ATTRIB,建-符号-门编号,-5379939.212242383,-9700539.476027699,
ATTRIB,建-符号-门编号,-5378494.548605563,-9700943.142940447,
ATTRIB,建-符号-门编号,-5355379.930416033,-9707401.81354302,
ATTRIB,建-符号-门编号,-5344689.41950335,-9710388.94869663,
ATTRIB,建-符号-门编号,-5343148.444957387,-9710819.526736802,
ATTRIB,建-符号-门编号,-5342474.268593543,-9711007.904629457,
ATTRIB,建-符号-门编号,-5340355.428592841,-9711599.949434692,
ATTRIB,建-符号-门编号,-5338814.454046858,-9712030.527474805,
ATTRIB,建-符号-门编号,-5338140.277683014,-9712218.905367468,
ATTRIB,建-符号-门编号,-5336599.30313703,-9712649.483407558,
ATTRIB,建-符号-门编号,-5335925.126773182,-9712837.861300215,
ATTRIB,建-符号-门编号,-5335250.950409285,-9713026.239192684,
ATTRIB,建-符号-门编号,-5334576.774045443,-9713214.617085339,
ATTRIB,建-符号-门编号,-5323753.403135814,-9674665.184636088,
ATTRIB,建-符号-门编号,-5325198.066772657,-9674261.517723429,
ATTRIB,建-符号-门编号,-5326642.730409503,-9673857.850810769,
ATTRIB,建-符号-门编号,-5329435.746774073,-9673077.428112959,
ATTRIB,建-符号-门编号,-5336659.064958298,-9671059.093549652,
ATTRIB,建-符号-门编号,-5338103.728595143,-9670655.426636992,
ATTRIB,建-符号-门编号,-5341094.182323409,-9669819.836127784,
ATTRIB,建-符号-门编号,-5347980.412498567,-9667895.691129393,
ATTRIB,建-符号-门编号,-5352550.364963593,-9666618.757510383,
ATTRIB,建-符号-门编号,-5353995.028600439,-9666215.090597722,
ATTRIB,建-符号-门编号,-5356884.355874131,-9665407.756772403,
ATTRIB,建-符号-门编号,-5358329.019510977,-9665004.08985974,
ATTRIB,建-符号-门编号,-5361218.346784665,-9664196.756034417,
ATTRIB,建-符号-门编号,-5333769.737684609,-9671866.427374972,
ATTRIB,建-符号-门编号,-5335214.401321452,-9671462.760462313,
ATTRIB,建-符号-门编号,-5369886.328605739,-9661774.754558448,
ATTRIB,建-符号-门编号,-5330880.410410916,-9672673.761200291,
ATTRIB,建-符号-门编号,-5332325.074047738,-9672270.094287556,
ATTRIB,建-符号-门编号,-5355439.692237282,-9665811.423685061,
ATTRIB,建-符号-门编号,-5359773.683147819,-9664600.422947081,
ATTRIB,建-符号-门编号,-5366997.001332045,-9662582.088383775,
ATTRIB,建-符号-门编号,-5368441.664968893,-9662178.421471116,
ATTRIB,建-符号-门编号,-5371330.992242556,-9661371.08764571,
ATTRIB,建-符号-门编号,-5372775.655879427,-9660967.420733129,
ATTRIB,建-符号-门编号,-5374220.319516269,-9660563.753820472,
ATTRIB,建-符号-门编号,-5375664.98315309,-9660160.086907726,
ATTRIB,建-符号-门编号,-5534662.68774851,-9657306.749681715,
ATTRIB,建-符号-门编号,-5533218.024111662,-9657710.416594374,
ATTRIB,建-符号-门编号,-5530333.51238343,-9658516.40486332,
ATTRIB,建-符号-门编号,-5528888.848746586,-9658920.07177598,
ATTRIB,建-符号-门编号,-5527444.185109739,-9659323.738688643,
ATTRIB,建-符号-门编号,-5524694.508654274,-9660092.051379072,
ATTRIB,建-符号-门编号,-5521660.715016903,-9660939.751895663,
ATTRIB,建-符号-门编号,-5520216.051380053,-9661343.418808323,
ATTRIB,建-符号-门编号,-5517326.724106368,-9662150.752633644,
ATTRIB,建-符号-门编号,-5515882.06046952,-9662554.419546307,
ATTRIB,建-符号-门编号,-5512992.733195829,-9663361.753371624,
ATTRIB,建-符号-门编号,-5509332.918649154,-9664384.376217032,
ATTRIB,建-符号-门编号,-5540542.468750466,-9655663.825347184,
ATTRIB,建-符号-门编号,-5539097.805113623,-9656067.492259841,
ATTRIB,建-符号-门编号,-5504425.87782934,-9665755.498163703,
ATTRIB,建-符号-门编号,-5537552.015022199,-9656499.415856389,
ATTRIB,建-符号-门编号,-5536107.351385353,-9656903.082769053,
ATTRIB,建-符号-门编号,-5525368.685018139,-9659903.673486503,
ATTRIB,建-符号-门编号,-5526042.861381974,-9659715.295593839,
ATTRIB,建-符号-门编号,-5511649.196013562,-9663737.1636004,
ATTRIB,建-符号-门编号,-5348984.620147483,-9678143.116431716,
ATTRIB,建-符号-门编号,-5346272.107483859,-9678901.04484117,
TEXT,建-符号-门编号,-5500157.408069664,-9656918.838447916,GM1024
ATTRIB,建-符号-门编号,-5353935.266779188,-9707805.480455682,
ATTRIB,建-符号-门编号,-5342437.719505678,-9669444.425899012,
ATTRIB,建-符号-门编号,-5387797.520951166,-9697426.111711957,
TEXT,建-墙体－砖墙,-5459384.134560514,-9669963.231782297,进站
TEXT,I-TEXT,-5428005.131741522,-9677561.872471923,客服中心
TEXT,I-TEXT,-5428005.131739443,-9677561.872472503,客服中心
TEXT,建-墙体－砖墙,-5419666.362972354,-9678222.58142255,出站
TEXT,C-AXIS,-5515848.103269915,-9668355.07333443,1/2
TEXT,C-AXIS,-5463358.65779789,-9683021.637827831,1/4
TEXT,C-AXIS,-5434465.38506099,-9691094.976081069,1/5
TEXT,C-AXIS,-5405572.112324095,-9699168.31433432,1/6
TEXT,C-AXIS,-5376678.839587198,-9707241.652587565,1/7
TEXT,C-AXIS,-5348267.121395919,-9715180.435203258,1/8
TEXT,C-AXIS,-5541852.048733121,-9661089.068906507,1/1
TEXT,PUB_TEXT,-5538506.313706339,-9644165.285448424,5.250
TEXT,C-NAME,-5524689.228077838,-9632947.785940068,换乘通道
TEXT,C-NAME,-5508034.968171426,-9658066.52583174,男洗手间
TEXT,C-NAME,-5504096.319032986,-9659237.505252736,女洗手间
TEXT,C-NAME,-5512320.213465263,-9659341.217837686,水
TEXT,C-NAME,-5509508.55506855,-9656584.557381158,茶水间
TEXT,C-NAME,-5508128.809714922,-9653655.716341109,清扫储藏间
TEXT,C-NAME,-5510662.164954852,-9660997.163659946,女洗手间
TEXT,C-NAME,-5512796.539546253,-9661066.74969534,男洗手间
TEXT,C-NAME,-5347934.283406974,-9669886.815657063,男洗手间
TEXT,C-NAME,-5342993.31427877,-9671240.404243318,女洗手间
TEXT,C-NAME,-5347950.349726179,-9676551.391978252,水
TEXT,C-NAME,-5347126.104413463,-9704580.931381796,男洗手间
TEXT,C-NAME,-5352465.66251439,-9703062.963800105,女洗手间
TEXT,C-NAME,-5346791.681595018,-9706650.371039213,水
TEXT,C-NAME,-5530849.954246418,-9638697.72274891,通信工区
TEXT,C-NAME,-5527875.05166099,-9639528.967968802,接触网工区
TEXT,C-NAME,-5534967.366808198,-9637018.741458369,信号车载设备工区
TEXT,C-NAME,-5519355.498511147,-9641363.055761628,通信仪表
TEXT,C-NAME,-5517046.77581653,-9642515.997470651,(AFC)
TEXT,C-NAME,-5515428.032868527,-9643006.905338555,机房
TEXT,C-NAME,-5523517.86049411,-9640803.591792758,通信公安分控中心
TEXT,C-NAME,-5511562.739586985,-9646647.522080142,收款室
TEXT,C-NAME,-5520594.886260142,-9644934.445178007,通信仪表
TEXT,C-NAME,-5511279.886018678,-9642355.43844577,警务间
TEXT,C-NAME,-5513827.951243181,-9645997.507237057,警务间
TEXT,C-NAME,-5506561.04147963,-9644287.918911334,区域站长室
TEXT,C-NAME,-5498642.984110342,-9646419.557809293,车站控制室
TEXT,C-NAME,-5534812.307834714,-9649116.410704715,消防
TEXT,C-NAME,-5534031.292219423,-9649309.784041808,给水泵房
TEXT,C-NAME,-5523408.84509136,-9649615.549897083,工务轨道工区
TEXT,C-NAME,-5518490.712479758,-9651030.087121274,配电间
TEXT,C-NAME,-5515454.25123654,-9651917.803537674,男更衣
TEXT,C-NAME,-5512390.591816791,-9652773.849130751,女更衣
TEXT,C-NAME,-5524611.605705648,-9655303.765694576,排烟机房
TEXT,C-NAME,-5517121.514329995,-9657396.641838863,交接班室
TEXT,C-NAME,-5376601.074934895,-9662333.044091777,司机出勤
TEXT,C-NAME,-5360050.576579774,-9668830.805239862,会议室
TEXT,C-NAME,-5351555.3069889,-9668837.336757377,会议准备室
TEXT,C-NAME,-5337139.151796344,-9674458.318717732,休息区
TEXT,C-NAME,-5352176.853547387,-9671862.351812881,配电间
TEXT,C-NAME,-5380000.693691222,-9668140.164333831,清扫间
TEXT,C-NAME,-5363050.58991251,-9680587.39005038,司机更衣
TEXT,C-NAME,-5377632.466949108,-9676512.932068732,线路职工之家
TEXT,C-NAME,-5375338.00967061,-9677154.047732273,线路员工培训室
TEXT,C-NAME,-5346180.767833127,-9685301.144051276,线路仓库
TEXT,C-NAME,-5344372.094377979,-9685806.522335335,线路维修仓库
TEXT,C-NAME,-5330407.176225479,-9689708.590092898,储藏
TEXT,C-NAME,-5346904.759219284,-9692250.895712621,维修工区
TEXT,C-NAME,-5331080.19179565,-9693952.928062257,储藏
TEXT,C-NAME,-5380254.260748804,-9695197.217822263,线路书记办公
TEXT,C-NAME,-5386282.389628322,-9693512.84222604,空调机房
TEXT,C-NAME,-5373522.935206828,-9697078.08014302,线路乘务主管办公室
TEXT,C-NAME,-5357853.385346713,-9701456.454911642,线路综合办公
TEXT,C-NAME,-5365492.349076487,-9699321.980957252,线路维修主管
TEXT,C-NAME,-5385873.784655006,-9689845.363418767,配电
TEXT,C-NAME,-5387716.628245344,-9689330.437339364,(AFC)
TEXT,C-NAME,-5343189.331937731,-9705553.874558201,排烟机房
TEXT,C-NAME,-5336202.346056682,-9710546.873473283,空调机平台
TEXT,C-NAME,-5324705.570226769,-9675838.425057838,空调机房
TEXT,C-NAME,-5354639.721154626,-9682937.549173054,展示区
TEXT,C-NAME,-5356469.091332971,-9689484.592022719,展示区
TEXT,C-NAME,-5536543.128327171,-9605268.357214409,2号线换乘天桥
TEXT,C-NAME,-5342704.166045093,-9677566.298229461,茶水间
TEXT,C-NAME,-5341368.713387119,-9671630.169004183,储藏
TEXT,C-NAME,-5501660.23752737,-9658337.72177889,无障碍洗手间
TEXT,C-NAME,-5322352.43018954,-9685939.389838939,空调机平台
TEXT,C-NAME,-5516428.143326303,-9647179.118319668,落地电缆柜
TEXT,C-NAME,-5534360.757531959,-9645264.178296899,风井
TEXT,C-NAME,-5327998.19840494,-9704191.081190057,空调机平台
TEXT,C-NAME,-5362929.861982762,-9700037.989325993,（运营）
TEXT,C-NAME,-5355117.507204092,-9702220.91208714,（运营）
TEXT,C-NAME,-5345289.712028564,-9692685.295875319,（运营）
TEXT,C-NAME,-5341882.95387295,-9686528.017127935,（运营）
TEXT,C-NAME,-5373621.907709543,-9677626.882962943,（运营）
TEXT,C-NAME,-5359379.176692593,-9669039.994800098,（运营）
TEXT,C-NAME,-5502470.312032994,-9645403.528558551,站长室
TEXT,C-NAME,-5459754.748070162,-9646900.764872501,运营备品间
TEXT,C-NAME,-5428296.650350006,-9674784.548633192,运营备品间
TEXT,PUB_TEXT,-5423587.203034306,-9657930.139537038,运营备品间
TEXT,C-NAME,-5399722.767493834,-9664598.323616663,运营备品间
TEXT,C-NAME,-5404451.052598799,-9681520.150349205,运营备品间
TEXT,C-NAME,-5369687.463818202,-9698149.784901664,（运营）
TEXT,C-NAME,-5340942.689160159,-9671743.604659967,（运营）
TEXT,C-NAME,-5329449.77663638,-9689980.041660504,（运营）
TEXT,C-NAME,-5330669.504652278,-9694057.673953105,（运营）
TEXT,C-NAME,-5378072.839769949,-9670939.216181945,上有人孔
TEXT,C-NAME,-5382620.820320539,-9687215.759823375,上有人孔
TEXT,PUB_TEXT,-5426514.936513534,-9651426.788823886,10号出入口
TEXT,C-NAME,-5326743.156981492,-9681572.807046451,上有强电电缆孔
TEXT,C-NAME,-5434913.572723688,-9664943.696849503,付费区
TEXT,C-NAME,-5435857.307959519,-9680767.116494941,非付费区
TEXT,PUB_TEXT,-5414105.720564946,-9652475.919482778,非付费区
TEXT,C-NAME,-5354998.097233931,-9678336.319045987,水
TEXT,PUB_TEXT,-5439907.152585123,-9635255.957701486,换乘天桥
TEXT,PUB_TEXT,-5409083.585221192,-9698474.414047579,4.750
TEXT,PUB_TEXT,-5477932.033444322,-9683282.060633219,4.750
TEXT,PUB_TEXT,-5475979.562990564,-9681042.887307773,5.350
TEXT,PUB_TEXT,-5413002.296654433,-9698364.800887926,5.350
TEXT,PUB_TEXT,-5446141.946745679,-9688575.339827766,10.350
TEXT,PUB_TEXT,-5519219.365047894,-9662518.175590752,4.750
TEXT,轴网$0$PUB_TEXT,-5547714.158947284,-9650336.484941409,上行
TEXT,轴网$0$PUB_TEXT,-5546047.979421465,-9650802.044591509,上行
TEXT,轴网$0$PUB_TEXT,-5549380.336877139,-9649870.91957964,上行
TEXT,轴网$0$PUB_TEXT,-5474747.532522518,-9679887.647413348,上行
TEXT,轴网$0$PUB_TEXT,-5462265.518739574,-9681714.076694266,下行
TEXT,轴网$0$PUB_TEXT,-5413729.517502237,-9696937.258902023,上行
TEXT,轴网$0$PUB_TEXT,-5425348.58218253,-9692029.381533997,下行
TEXT,PUB_TEXT,-5442975.860393857,-9600018.979445955,进站
TEXT,PUB_TEXT,-5445876.885956266,-9595094.156499428,补票亭
TEXT,PUB_TEXT,-5449134.047221823,-9606909.415687161,补票亭
TEXT,PUB_TEXT,-5454089.041903436,-9618959.237891054,二层至一层扶梯复位
TEXT,PUB_TEXT,-5447585.746131726,-9588819.217784019,出站
TEXT,PUB_TEXT,-5453182.117778681,-9609852.069195465,出站
TEXT,PUB_TEXT,-5408463.662778234,-9613357.889973276,备用进站厅
TEXT,PUB_TEXT,-5446259.426815353,-9645369.864594592,进站
TEXT,设备－AFC,-5474243.793732636,-9664745.024329709,CVM
TEXT,设备－AFC,-5434112.721656324,-9651402.576135323,CVM
TEXT,PUB_TEXT,-5454795.065608311,-9582063.379382823,下
TEXT,PUB_TEXT,-5454649.942327705,-9583695.983019447,上
TEXT,PUB_TEXT,-5437284.055996276,-9569984.975146111,3号口
TEXT,PUB_TEXT,-5468163.249660038,-9551925.37169116,出站
ATTRIB,WINDOW_TEXT,-5472726.954813632,-9553554.303657227,
TEXT,建-文字,-5474868.930236698,-9554337.442046566,客服中心
ATTRIB,WINDOW_TEXT,-5478623.132497037,-9532755.638133602,
TEXT,PUB_TEXT,-5479731.863985531,-9529240.178849541,2号口(维持现状)
TEXT,PUB_TEXT,-5482501.485379428,-9559374.525954558,4号口
ATTRIB,0,-5501962.107785366,-9665207.899054742,720
ATTRIB,0,-5501962.102200949,-9665207.879068965,480
ATTRIB,0,-5501718.801277811,-9663408.157631122,380
ATTRIB,0,-5501718.801277811,-9663408.157631122,270
ATTRIB,0,-5501722.598750513,-9664350.731963546,720
ATTRIB,0,-5501722.593166107,-9664350.711977768,480
ATTRIB,0,-5506200.28299964,-9664023.671072227,720
ATTRIB,0,-5506200.277415228,-9664023.65108644,480
ATTRIB,0,-5505214.383963799,-9661424.269303678,380
ATTRIB,0,-5505214.383963799,-9661424.269303678,270
ATTRIB,0,-5505475.421946479,-9662358.485286157,380
ATTRIB,0,-5505475.421946479,-9662358.485286157,270
ATTRIB,0,-5505960.773964792,-9663166.503981026,720
ATTRIB,0,-5505960.768380383,-9663166.483995246,480
ATTRIB,0,-5504977.566041702,-9660576.733303393,380
ATTRIB,0,-5504977.566041702,-9660576.733303393,270
ATTRIB,0,-5506392.409605023,-9663969.987189233,720
ATTRIB,0,-5506392.404020609,-9663969.967203458,480
ATTRIB,0,-5505888.065114787,-9661236.029783138,380
ATTRIB,0,-5505888.065114787,-9661236.029783138,270
ATTRIB,0,-5506149.103097467,-9662170.245765619,380
ATTRIB,0,-5506149.103097467,-9662170.245765619,270
ATTRIB,0,-5506152.90057017,-9663112.82009804,720
ATTRIB,0,-5506152.894985759,-9663112.80011226,480
ATTRIB,0,-5505651.24719269,-9660388.493782853,380
ATTRIB,0,-5505651.24719269,-9660388.493782853,270
ATTRIB,0,-5509900.514849092,-9663121.817010395,720
ATTRIB,0,-5509900.534834868,-9663121.81142598,480
ATTRIB,0,-5510757.681940289,-9662882.307975545,720
ATTRIB,0,-5510757.701926062,-9662882.302391134,480
ATTRIB,0,-5513089.766755938,-9662109.258909259,720
ATTRIB,0,-5513089.761171523,-9662109.238923482,480
ATTRIB,0,-5501457.763295134,-9662473.941648645,380
ATTRIB,0,-5501457.763295134,-9662473.941648645,270
ATTRIB,0,-5501220.945373033,-9661626.405648361,380
ATTRIB,0,-5501220.945373033,-9661626.405648361,270
ATTRIB,0,-5501817.375529685,-9659856.606244778,720
ATTRIB,0,-5501817.410425529,-9659856.607267293,480
ATTRIB,C-AXIS,-5548694.302777618,-9618875.442142895,C
ATTRIB,C-AXIS,-5323801.182952812,-9712864.041214626,A
ATTRIB,C-AXIS,-5319172.469021033,-9696298.56484545,B
ATTRIB,C-AXIS,-5315727.844699707,-9683970.768477692,C
ATTRIB,C-AXIS,-5489844.157806679,-9675621.07776273,1/3
ATTRIB,C-AXIS,-5529813.18509277,-9664452.959845936,2
ATTRIB,C-AXIS,-5503520.306902158,-9671799.697656261,3'
ATTRIB,C-AXIS,-5501883.021447066,-9672257.186823939,3
ATTRIB,C-AXIS,-5477805.294166286,-9678984.968701527,4
ATTRIB,C-AXIS,-5448912.021429354,-9687058.306954634,5
ATTRIB,C-AXIS,-5420018.748692419,-9695131.645207741,6
ATTRIB,C-AXIS,-5392762.761410578,-9702747.49429317,7'
ATTRIB,C-AXIS,-5391125.475955483,-9703204.983460846,7
ATTRIB,C-AXIS,-5362232.203218545,-9711278.321713953,8
ATTRIB,C-AXIS,-5333531.552299858,-9719297.837712039,9
ATTRIB,C-AXIS,-5556767.641030724,-9647768.714879831,A
ATTRIB,C-AXIS,-5552138.927098943,-9631203.238510652,B
ATTRIB,C-AXIS,-5553890.912827045,-9657725.177841632,1
ATTRIB,ARGRIDTEXT,-5557178.436115706,-9553037.828788202,1/H
ATTRIB,ARGRIDTEXT,-5299915.570835911,-9623061.422246918,1/H
ATTRIB,ARGRIDTEXT,-5566643.806774603,-9587373.690269512,1/0A
ATTRIB,ARGRIDTEXT,-5309610.519922029,-9658230.085037356,1/0A
ATTRIB,ARGRIDTEXT,-5532065.789280834,-9606649.641039371,1
TEXT,PUB_DIM,-5561580.749829546,-9582153.829307962,4350
ATTRIB,ARGRIDTEXT,-5565501.051574699,-9583228.318084405,A
TEXT,PUB_DIM,-5559654.011615871,-9575164.538939409,3050
ATTRIB,ARGRIDTEXT,-5564345.008523627,-9579034.743897144,B
ATTRIB,ARGRIDTEXT,-5563401.57109114,-9575612.40174432,C
TEXT,PUB_DIM,-5560531.009713783,-9578345.871103179,3550
ATTRIB,ARGRIDTEXT,-5562591.012170275,-9572672.079613024,D
TEXT,PUB_DIM,-5558496.856313445,-9570966.931835091,5980.5
ATTRIB,ARGRIDTEXT,-5559247.655939467,-9560543.973851446,G
ATTRIB,ARGRIDTEXT,-5560191.093371952,-9563966.316004274,F
ATTRIB,ARGRIDTEXT,-5560191.093371952,-9563966.316004274,F
ATTRIB,ARGRIDTEXT,-5561001.652292819,-9566906.638135566,E
TEXT,PUB_DIM,-5557254.092817546,-9566458.775330653,3050
ATTRIB,ARGRIDTEXT,-5558091.612888396,-9556350.399664186,H
ATTRIB,ARGRIDTEXT,-5508188.445494603,-9613231.910990858,3
ATTRIB,ARGRIDTEXT,-5520127.117387719,-9609940.776015116,2
TEXT,PUB_DIM,-5525237.985665093,-9604622.148944036,12384
TEXT,PUB_DIM,-5513299.313771977,-9607913.283919776,12384
ATTRIB,ARGRIDTEXT,-5497655.802436165,-9616167.352548359,4
ATTRIB,ARGRIDTEXT,-5494860.086311322,-9616938.047915743,6
ATTRIB,ARGRIDTEXT,-5496257.948348013,-9616552.699136464,5
ATTRIB,ARGRIDTEXT,-5484311.101708373,-9619814.180942347,7
TEXT,PUB_DIM,-5477483.298092632,-9617786.688846999,12384
ATTRIB,ARGRIDTEXT,-5472372.429815257,-9623105.315918085,8
TEXT,PUB_DIM,-5465544.626199519,-9621077.823822741,12384
ATTRIB,ARGRIDTEXT,-5460433.757922145,-9626396.450893825,9
TEXT,PUB_DIM,-5453605.954306403,-9624368.958798482,12384
ATTRIB,ARGRIDTEXT,-5448495.08602903,-9629687.585869566,10
TEXT,PUB_DIM,-5393912.594840827,-9640824.633677189,12384
ATTRIB,ARGRIDTEXT,-5435166.72684575,-9633393.722794451,13
ATTRIB,ARGRIDTEXT,-5437962.442970587,-9632623.027427069,11
ATTRIB,ARGRIDTEXT,-5436564.588882439,-9633008.374015171,12
TEXT,PUB_DIM,-5430120.297007135,-9631988.238646274,210528
ATTRIB,ARGRIDTEXT,-5424617.742242798,-9636269.855821051,14
TEXT,PUB_DIM,-5417789.938627059,-9634242.363725709,12384
TEXT,PUB_DIM,-5405851.266733943,-9637533.498701447,12384
ATTRIB,ARGRIDTEXT,-5412679.070349683,-9639560.990796793,15
ATTRIB,ARGRIDTEXT,-5400740.398456567,-9642852.125772531,16
ATTRIB,ARGRIDTEXT,-5388801.726563453,-9646143.260748274,17
ATTRIB,ARGRIDTEXT,-5378269.08350502,-9649078.702305779,18
ATTRIB,ARGRIDTEXT,-5375473.367380173,-9649849.397673161,20
ATTRIB,ARGRIDTEXT,-5376871.229416869,-9649464.048893879,19
ATTRIB,ARGRIDTEXT,-5364924.382777224,-9652725.530699754,21
ATTRIB,ARGRIDTEXT,-5352985.71088411,-9656016.665675497,22
TEXT,PUB_DIM,-5358096.579161484,-9650698.038604414,12384
ATTRIB,ARGRIDTEXT,-5341047.038990994,-9659307.800651236,23
TEXT,PUB_DIM,-5346157.907268368,-9653989.173580155,12384
ATTRIB,ARGRIDTEXT,-5329108.36709788,-9662598.935626977,24
TEXT,PUB_DIM,-5334219.235375252,-9657280.308555902,12384
TEXT,PUB_DIM,-5310932.179677076,-9651250.148530548,4350
ATTRIB,ARGRIDTEXT,-5308467.764722122,-9654084.712852245,A
TEXT,PUB_DIM,-5307848.286160979,-9640063.25105768,5980.5
TEXT,PUB_DIM,-5309005.441463399,-9644260.858161993,3050
TEXT,PUB_DIM,-5309882.439561317,-9647442.190325767,3550
ATTRIB,ARGRIDTEXT,-5307311.721671051,-9649891.138664987,B
ATTRIB,ARGRIDTEXT,-5306368.284238565,-9646468.796512165,C
ATTRIB,ARGRIDTEXT,-5305557.725317697,-9643528.474380866,D
TEXT,PUB_DIM,-5306605.522665075,-9635555.094553248,3050
ATTRIB,ARGRIDTEXT,-5302214.369086893,-9631400.368619289,G
ATTRIB,ARGRIDTEXT,-5303157.806519374,-9634822.710772114,F
ATTRIB,ARGRIDTEXT,-5303157.806519374,-9634822.710772114,F
ATTRIB,ARGRIDTEXT,-5303968.365440242,-9637763.032903409,E
ATTRIB,ARGRIDTEXT,-5301058.326035822,-9627206.794432028,H
ATTRIB,0,-5497250.947826005,-9447583.912414659,1
ATTRIB,0,-5489928.679057067,-9449206.989762002,2
ATTRIB,0,-5484559.01529318,-9450397.246483387,3
ATTRIB,0,-5478701.20027803,-9451695.708361254,4
ATTRIB,0,-5471378.931509097,-9453318.785708599,5
ATTRIB,0,-5463568.511488894,-9455050.068212431,6
ATTRIB,0,-5455758.091468699,-9456781.35071626,7
ATTRIB,0,-5447947.671448499,-9458512.633220092,8
ATTRIB,0,-5440137.251428296,-9460243.915723925,9
ATTRIB,0,-5432326.831408098,-9461975.198227749,10
ATTRIB,0,-5424516.411387897,-9463706.48073158,11
ATTRIB,0,-5416705.991367699,-9465437.763235417,12
ATTRIB,0,-5408895.571347503,-9467169.045739245,13
ATTRIB,0,-5402729.174964827,-9476317.093042471,14
ATTRIB,0,-5394918.75494463,-9478048.375546304,15
ATTRIB,0,-5387108.33492443,-9479779.658050134,16
ATTRIB,0,-5371780.385634789,-9483177.299963903,18
ATTRIB,0,-5363969.96561459,-9484908.582467735,19
ATTRIB,0,-5356159.545594389,-9486639.864971563,20
ATTRIB,0,-5348349.125574194,-9488371.147475394,21
ATTRIB,0,-5340538.70555399,-9490102.429979227,22
ATTRIB,0,-5333216.436785053,-9491725.507326567,23
ATTRIB,0,-5325406.016764853,-9493456.789830398,24
ATTRIB,0,-5317595.596744658,-9495188.072334229,25
ATTRIB,0,-5309785.176724458,-9496919.354838059,26
ATTRIB,0,-5301974.75670426,-9498650.63734189,27
ATTRIB,0,-5294164.336684059,-9500381.91984572,28
ATTRIB,0,-5285865.765412599,-9502221.407506041,29
ATTRIB,0,-5278543.49664366,-9503844.484853383,30
ATTRIB,0,-5270733.076623462,-9505575.767357212,31
ATTRIB,0,-5262922.656603262,-9507307.049861047,32
ATTRIB,0,-5256088.539085586,-9508821.9220519,33
ATTRIB,0,-5249742.572819173,-9510228.58908626,34
ATTRIB,0,-5243396.606552763,-9511635.256120621,35
ATTRIB,0,-5508868.873556483,-9474199.883272079,C
ATTRIB,0,-5507678.6168351,-9468830.219508197,D
ATTRIB,0,-5510805.743236755,-9482937.791250636,A
ATTRIB,AXIS_TEXT,-5510589.335544663,-9481961.488167149,1/A
ATTRIB,AXIS_TEXT,-5510308.002137789,-9480692.29491387,B
ATTRIB,0,-5505741.744533939,-9460092.312110596,F
ATTRIB,AXIS_TEXT,-5505958.154846914,-9461068.614613116,1/E
ATTRIB,AXIS_TEXT,-5506239.488253791,-9462337.807866402,E
ATTRIB,0,-5239372.164543445,-9528303.879735959,D
ATTRIB,0,-5237435.292242282,-9519565.972338364,F
ATTRIB,AXIS_TEXT,-5237651.702555264,-9520542.274840888,1/E
ATTRIB,AXIS_TEXT,-5237933.035962135,-9521811.468094174,E
ATTRIB,0,-5239837.446716349,-9530402.930116393,1/C
ATTRIB,0,-5505384.667517525,-9458481.412981425,G
ATTRIB,0,-5503945.538936217,-9451989.001339638,H
ATTRIB,0,-5241070.985502724,-9535967.854391588,1/B
ATTRIB,0,-5238928.523401839,-9526302.459605787,1/D
ATTRIB,0,-5242088.113971329,-9540556.476142652,B
ATTRIB,0,-5379298.891206734,-9481510.724143651,17
ATTRIB,AXIS_TEXT,-5558953.79444431,-9550095.18216144,2/6
ATTRIB,AXIS_TEXT,-5556012.406669647,-9550685.299064305,7
ATTRIB,AXIS_TEXT,-5547286.289604803,-9552435.979209461,8
ATTRIB,AXIS_TEXT,-5538952.357576579,-9554107.977100906,9
ATTRIB,AXIS_TEXT,-5533069.582027248,-9555288.210906628,10
ATTRIB,AXIS_TEXT,-5521892.308483513,-9557530.655137503,11
ATTRIB,AXIS_TEXT,-5513656.422714453,-9559182.982465516,12
ATTRIB,AXIS_TEXT,-5505420.536945385,-9560835.309793532,13
ATTRIB,AXIS_TEXT,-5497184.65117632,-9562487.637121543,14
ATTRIB,AXIS_TEXT,-5488948.765407253,-9564139.964449559,15
ATTRIB,AXIS_TEXT,-5565806.889070059,-9537215.849118307,A
ATTRIB,AXIS_TEXT,-5564396.509672214,-9530185.93233685,B
ATTRIB,AXIS_TEXT,-5563353.969810493,-9524989.480601609,C
ATTRIB,AXIS_TEXT,-5561943.590412654,-9517959.563820157,D
ATTRIB,AXIS_TEXT,-5560369.945338357,-9510115.86308771,E
ATTRIB,AXIS_TEXT,-5558599.594629767,-9501291.699763715,G
ATTRIB,AXIS_TEXT,-5556632.538286899,-9491487.073848162,J
ATTRIB,AXIS_TEXT,-5555747.362932602,-9487074.992186162,1/J
ATTRIB,AXIS_TEXT,-5317346.501674734,-9586806.275633955,A
ATTRIB,AXIS_TEXT,-5315936.122276895,-9579776.358852504,B
ATTRIB,AXIS_TEXT,-5314893.582415175,-9574579.907117259,C
ATTRIB,AXIS_TEXT,-5313483.203017333,-9567549.990335809,D
ATTRIB,AXIS_TEXT,-5311909.557943029,-9559706.289603367,E
ATTRIB,AXIS_TEXT,-5308172.150891571,-9541077.500363813,J
ATTRIB,AXIS_TEXT,-5307286.975537279,-9536665.418701813,1/J
ATTRIB,AXIS_TEXT,-5480712.879638189,-9565792.291777574,16
ATTRIB,AXIS_TEXT,-5472476.99386912,-9567444.619105586,17
ATTRIB,AXIS_TEXT,-5464241.108100062,-9569096.946433599,18
ATTRIB,AXIS_TEXT,-5456005.222330993,-9570749.273761611,19
ATTRIB,AXIS_TEXT,-5447769.336561922,-9572401.601089625,20
ATTRIB,AXIS_TEXT,-5439533.450792858,-9574053.92841764,21
ATTRIB,AXIS_TEXT,-5431297.565023794,-9575706.255745654,22
ATTRIB,AXIS_TEXT,-5423061.67925473,-9577358.583073667,23
ATTRIB,AXIS_TEXT,-5414825.793485662,-9579010.910401683,24
ATTRIB,AXIS_TEXT,-5406589.907716599,-9580663.237729694,25
ATTRIB,AXIS_TEXT,-5398354.021947531,-9582315.56505771,26
ATTRIB,AXIS_TEXT,-5393745.847767219,-9583240.081538859,27
ATTRIB,AXIS_TEXT,-5387863.072217887,-9584420.315344582,1/27
ATTRIB,AXIS_TEXT,-5382960.759260111,-9585403.843516017,28
ATTRIB,AXIS_TEXT,-5377077.983710779,-9586584.077321745,29
ATTRIB,AXIS_TEXT,-5368744.051682556,-9588256.075213182,30
ATTRIB,AXIS_TEXT,-5363841.738724779,-9589239.603384624,31
ATTRIB,AXIS_TEXT,-5357468.731879669,-9590518.190007488,32
ATTRIB,AXIS_TEXT,-5349330.89236976,-9592150.846772074,1/32
ATTRIB,AXIS_TEXT,-5344232.486893671,-9593173.716070372,33
ATTRIB,AXIS_TEXT,-5337369.24875278,-9594550.655510381,34
ATTRIB,AXIS_TEXT,-5330506.010611892,-9595927.594950394,35
ATTRIB,AXIS_TEXT,-5309352.384697299,-9546960.275913145,H
ATTRIB,AXIS_TEXT,-5310532.618503023,-9552843.051462479,F
TEXT,建-墙体－砖墙,-5445373.793356368,-9651976.939543187,出站
TEXT,PUB_TEXT,-5555008.742142016,-9634291.595812351,增加一二层墙体
ATTRIB,WINDOW_TEXT,-5430641.811543031,-9567976.364030984,
TEXT,文本,-5467258.651774174,-9589555.664162427,无障碍
TEXT,AUDIT_D_110625132327-0,-5533444.919501314,-9552929.02276113,DT-
TEXT,AUDIT_D_110625132327-0,-5533310.462759748,-9552554.978531473,5
TEXT,PUB_TEXT,-5523822.274863538,-9547408.931286563,接原有盲道
TEXT,PUB_TEXT,-5424855.832729937,-9557287.225908737,增软隔离栏杆
TEXT,PUB_TEXT,-5408284.15267094,-9589321.677742832,新增石材平台(1200高)、不锈钢栏杆
TEXT,PUB_TEXT,-5408457.749974029,-9589915.440055367,平台采用200厚钢筋混凝土，侧面采用200厚钢筋混凝土挡墙、外挂石材
TEXT,0-修改拆除,-5406810.378119367,-9585175.377116753,残疾人坡道
TEXT,0-修改拆除,-5376645.64477325,-9593809.020425029,新增花坛、挡墙
TEXT,0-修改新增,-5360512.445303839,-9604101.217997401,修复虚线范围地面地砖
TEXT,0-修改拆除,-5431056.045404363,-9645567.411495427,残疾人坡道
TEXT,0-修改拆除,-5445356.107287749,-9648418.309721868,闸机
TEXT,0-修改拆除,-5440548.72459499,-9648658.092493755,客服中心
TEXT,0-修改新增,-5377450.508830889,-9597193.944083747,新增排水沟盖板
TEXT,0-导向定位-悬挂,-5436874.905046779,-9636660.029878713,落地广告灯箱
TEXT,0-导向定位-悬挂,-5540848.436289962,-9621698.623622821,落地广告电子屏
TEXT,0-导向定位-悬挂,-5529193.699427407,-9635533.381551272,落地广告电子屏
TEXT,PUB_TEXT,-5429231.719565644,-9542422.937535931,新建出入口
ATTRIB,WINDOW_TEXT,-5538817.731910685,-9640512.195422688,
ATTRIB,WINDOW_TEXT,-5538531.43442725,-9639487.579456757,
TEXT,PUB_TEXT,-5441934.716485621,-9623967.87699474,增设一层至二层垂直电梯
TEXT,建-文字,-5525367.641723092,-9523039.069417778,票亭
TEXT,AFC设备,-5430754.182715033,-9540325.466165867,宽通道
TEXT,公用-说明,-5428328.734084829,-9541896.469653332,出站
TEXT,AFC设备,-5525218.267698615,-9523649.891760511,BOM
TEXT,AFC设备,-5499985.903963326,-9529054.489577546,TVM
TEXT,AFC设备,-5501015.389134831,-9528847.948851336,TVM
TEXT,AFC设备,-5502044.874306343,-9528641.408125125,TVM
TEXT,AFC设备,-5503074.359477844,-9528434.86739891,TVM
TEXT,AFC设备,-5504103.844649351,-9528228.326672699,TVM
TEXT,AFC设备,-5505133.329820859,-9528021.785946492,TVM
TEXT,AFC设备,-5506162.814992364,-9527815.245220278,TVM
TEXT,AFC设备,-5497096.45897859,-9526928.858243715,TVM
TEXT,AFC设备,-5497302.999704852,-9527958.343415212,TVM
TEXT,AFC设备,-5497509.540431113,-9528987.828586705,TVM
TEXT,AFC设备,-5508152.172886463,-9526301.486765875,TVM
TEXT,0,-5507612.452329204,-9524153.47660718,CVM
TEXT,0,-5507818.99316876,-9525182.962343656,CVM
TEXT,PUB_TEXT,-5526750.928664934,-9532595.569965005,配电间
TEXT,PUB_TEXT,-5444740.495070906,-9620004.928257221,增玻璃栏杆（1.8栏板+1.1扶手）
TEXT,PUB_TEXT,-5502337.900111919,-9525040.079601863,售票厅
TEXT,PUB_TEXT,-5441546.523471281,-9622578.59213064,新增钢结构平台
TEXT,轴网$0$PUB_TEXT,-5430021.312113169,-9706765.41884614,下行
TEXT,轴网$0$PUB_TEXT,-5430110.972286269,-9708493.093889615,下行
TEXT,轴网$0$PUB_TEXT,-5430200.582526497,-9710220.771523006,下行
TEXT,轴网$0$PUB_TEXT,-5430290.192766718,-9711948.449156359,下行
TEXT,门号,-5418953.093298959,-9711484.569211178,换乘通道天桥
ATTRIB,建-符号-门编号,-5530987.907382502,-9657509.400504343,
ATTRIB,建-符号-门编号,-5534662.687753803,-9657306.749701991,
ATTRIB,建-符号-门编号,-5533218.0241168,-9657710.416614103,
ATTRIB,建-符号-门编号,-5530333.512388257,-9658516.404881947,
ATTRIB,建-符号-门编号,-5528888.848751262,-9658920.071794055,
ATTRIB,建-符号-门编号,-5527444.185114262,-9659323.738706168,
ATTRIB,建-符号-门编号,-5524694.508658508,-9660092.051395547,
ATTRIB,建-符号-门编号,-5521660.715020807,-9660939.751910982,
ATTRIB,建-符号-门编号,-5520216.05138381,-9661343.418823092,
ATTRIB,建-符号-门编号,-5517326.724109811,-9662150.752647308,
ATTRIB,建-符号-门编号,-5515882.060472811,-9662554.41955942,
ATTRIB,建-符号-门编号,-5512992.733198812,-9663361.753383641,
ATTRIB,建-符号-门编号,-5509332.918651749,-9664384.376227651,
ATTRIB,建-符号-门编号,-5539097.805119388,-9656067.492281813,
ATTRIB,建-符号-门编号,-5504425.877831408,-9665755.498172449,
ATTRIB,建-符号-门编号,-5537552.015027801,-9656499.415877773,
ATTRIB,建-符号-门编号,-5536107.3513908,-9656903.082789883,
ATTRIB,建-符号-门编号,-5525368.685022441,-9659903.673503235,
ATTRIB,建-符号-门编号,-5526042.86138635,-9659715.295610832,
ATTRIB,建-符号-门编号,-5511649.196016406,-9663737.1636119,
ATTRIB,WINDOW_TEXT,-5549736.935406973,-9661397.958563455,
ATTRIB,WINDOW_TEXT,-5549875.770453045,-9659653.564343395,
TEXT,轴网$0$PUB_TEXT,-5508741.399011129,-9668822.461895405,上行
TEXT,轴网$0$PUB_TEXT,-5509203.533517132,-9670434.747875351,上行
TEXT,文字层,-5500774.860040208,-9671197.546957992,既有扶梯(利旧)
TEXT,文字层,-5501200.821252266,-9672721.998565149,既有扶梯(利旧)
TEXT,文字层,-5500782.153431559,-9674702.25359499,既有楼梯(利旧)
TEXT,PUB_TEXT,-5593173.503347319,-9658107.233390152,SK19+882.303
TEXT,PUB_TEXT,-5592806.611288875,-9658845.654513571,车站与区间分界里程
TEXT,PUB_TEXT,-5593211.457029488,-9657576.139342857,XK19+882.106
TEXT,PUB_TEXT,-5542167.453204075,-10165023.99506771,SK19+374.338
TEXT,PUB_TEXT,-5541741.822764164,-10165730.19211293,车站与区间分界里程
TEXT,PUB_TEXT,-5542248.399035878,-10164497.73549166,XK19+371.964
TEXT,SPACE,-5566863.733456925,-9793808.129166645,站厅层
TEXT,SPACE,-5536135.214602638,-10114664.87709349,远期预留空间
TEXT,SPACE,-5546351.174191491,-10047614.54311584,远期预留空间
TEXT,SPACE,-5554052.993344655,-9987620.415829587,远期预留空间
TEXT,WINDOW,-5537382.209933747,-10156677.03320162,GFM1223(甲)
TEXT,PUB_TEXT,-5587102.459870648,-9748823.186429913,芳芯路站
TEXT,PUB_TEXT,-5584130.239564415,-9743477.822531025,SK19+796.297
TEXT,PUB_TEXT,-5588145.065142575,-9745530.974819761,龙阳路站
TEXT,PUB_TEXT,-5587802.786057912,-9743275.986562684,X2269.783
TEXT,PUB_TEXT,-5587585.113621671,-9747210.039955085,X1128.086
TEXT,PUB_TEXT,-5587234.323102497,-9743236.331612118,S2270.047
TEXT,PUB_TEXT,-5586983.441743937,-9747186.008706512,S1128.870
TEXT,PUB_TEXT,-5583994.728623848,-9744199.973476366,有效站台中心里程
TEXT,PUB_TEXT,-5587563.206921603,-9741216.619581674,迎春路站
TEXT,PUB_TEXT,-5545245.949176573,-9879450.46132159,5
TEXT,PUB_TEXT,-5534669.66622193,-10164196.2652156,-7.682(9.290)
TEXT,PUB_TEXT,-5561737.114105161,-9742684.206162072,-5.100(11.890)
TEXT,PUB_TEXT,-5580586.470569565,-9743864.545403587,-5.100(11.890)
TEXT,PUB_TEXT,-5555915.503794339,-9842595.204152685,0.2%
TEXT,PUB_TEXT,-5557764.92765931,-9802208.618879928,0.2%
ATTRIB,WINDOW_TEXT,-5538592.315694719,-10157050.22701476,
TEXT,SPACE,-5543213.32521535,-9830981.106451426,排烟风机房
TEXT,门号,-5538247.032755061,-9833782.359784416,GHFM1220(6)
TEXT,SPACE,-5539016.124898397,-9832416.355228339,前室
ATTRIB,WINDOW_TEXT,-5539594.78685968,-9833050.720812671,
TEXT,SPACE,-5565403.914933795,-9779994.826891377,疏散门
TEXT,SPACE,-5550909.94312018,-9684887.80512316,备品室
TEXT,SPACE,-5545127.309396664,-9819070.594227003,便民服务中心
TEXT,SPACE,-5552826.475265309,-10088400.04921541,上
TEXT,SPACE,-5549769.641974267,-9920099.18811197,活塞风井兼吊装孔
TEXT,SPACE,-5552069.901211083,-9913538.497041994,排烟风机房
TEXT,SPACE,-5571410.857640731,-9715672.450289821,站厅层
TEXT,SPACE,-5574927.505767196,-9702015.72104173,风孔
TEXT,SPACE,-5575522.443403548,-9699667.4817647,风孔
TEXT,SPACE,-5543629.203226216,-9824817.97418103,警务室
TEXT,SPACE,-5543298.189769497,-9824772.230766981,22
TEXT,SPACE,-5568227.286977465,-9900103.002826172,19
TEXT,SPACE,-5549350.076317007,-9898740.205741274,大系统预留风孔
TEXT,SPACE,-5549529.496800655,-9896158.733709748,大系统预留风孔
TEXT,SPACE,-5568098.01270761,-9906694.113949122,运营检修备品间
TEXT,SPACE,-5567793.704458067,-9906170.216385007,30
TEXT,SPACE,-5567492.473342334,-9915167.556680453,运营检修备品间
TEXT,SPACE,-5567188.165092792,-9914643.659116334,29
TEXT,SPACE,-5567061.435813801,-9921199.15763414,配电间
TEXT,SPACE,-5566723.505707996,-9921145.737944609,18
TEXT,SPACE,-5574878.002336114,-9706663.832715346,7.5
TEXT,SPACE,-5575163.686608177,-9706718.332672933,备品间
TEXT,SPACE,-5564097.816404252,-9906512.474831925,此梁上翻
TEXT,SPACE,-5568741.443998236,-9766072.137153008,站厅层
TEXT,SPACE,-5564262.11843442,-9828752.304317259,站厅层
TEXT,SPACE,-5560849.897643517,-9876500.24461049,站厅层
TEXT,SPACE,-5558219.477927673,-9913308.274112303,站厅层
TEXT,SPACE,-5548743.338253617,-9924424.807780098,活塞风井
TEXT,门号,-5564983.672033759,-9924587.147043963,GFM0718(甲)
TEXT,门号,-5562984.208312269,-9924017.873164082,GFM1223(甲)
TEXT,门号,-5575453.710362374,-9816969.15758302,GFM0723(甲)
TEXT,门号,-5539996.112380568,-9833106.798227925,GFM0718(甲)
TEXT,门号,-5577283.579902804,-9703396.737626407,GFM1023(甲)
TEXT,门号,-5577018.068699084,-9704981.843733641,GFM1023(甲)
TEXT,门号,-5576914.659210058,-9706428.874985165,GFM1023(甲)
TEXT,门号,-5553151.885647209,-9674148.864517768,GFM1023(甲)
TEXT,门号,-5555125.164253769,-9665611.394776506,GFM1223(甲)
TEXT,门号,-5554187.458093677,-9682758.409989686,GFM1523(甲)
TEXT,门号,-5540413.78728434,-9827743.757600373,GFM1023(甲)
TEXT,门号,-5538655.35412353,-9828694.761829208,GFM1223(甲)
TEXT,门号,-5538310.252273324,-9833109.709787731,GFM1223(甲)
TEXT,门号,-5546790.548278176,-9822003.43110315,GFM1523(甲)
TEXT,SPACE,-5544834.754393462,-9818796.702925737,28.3
ATTRIB,WINDOW_TEXT,-5533348.869106966,-9720590.853691412,
ATTRIB,WINDOW_TEXT,-5533842.832903502,-9713697.692363947,
TEXT,SPACE,-5543407.808834489,-9827894.051150945,AFC配电及维修室*
TEXT,SPACE,-5543118.73594414,-9827261.424360481,10 
TEXT,SPACE,-5550577.60796217,-9684912.330511668,12.4
TEXT,门号,-5555221.86644648,-9672419.332618709,GFC3015
TEXT,SPACE,-5575600.216977299,-9697846.994254474,5
TEXT,SPACE,-5575867.166037682,-9698000.836142702,备品间
TEXT,SPACE,-5539646.485522077,-9845578.090674967,排风井
TEXT,SPACE,-5539934.247123706,-9841551.380618618,新风井
TEXT,SPACE,-5539290.588256794,-9845836.452413101,4500x4450
TEXT,SPACE,-5539576.193456572,-9841839.917352189,5250x2850
TEXT,SPACE,-5574568.706261567,-9702661.099324499,1200x2500
TEXT,SPACE,-5575189.450425228,-9700286.012339653,1200x2440
TEXT,门号,-5551987.58420336,-9684177.082230343,GFM1023(甲)
TEXT,PUB_TEXT,-5568246.197142992,-9880439.346931252,0.2%
TEXT,PUB_TEXT,-5553293.060944249,-9879291.611654334,0.2%
TEXT,门号,-5565320.180247552,-9919677.845654167,GFM1023(甲)
TEXT,门号,-5565875.10441752,-9911697.115163443,GFM1023(甲)
TEXT,门号,-5566456.258268483,-9903335.874778189,GFM1023(甲)
TEXT,门号,-5566570.821772151,-9901695.040516393,GFM1023(甲)
TEXT,门号,-5553449.782938923,-9911518.99923526,GFM1023(甲)
TEXT,门号,-5549461.427720729,-9901095.747334514,GFM1023(甲)
TEXT,门号,-5550144.857316747,-9898584.410131398,GFM1023(甲)
TEXT,门号,-5550322.572149453,-9896097.608209341,GFM1023(甲)
TEXT,门号,-5574250.431928635,-9833777.834891879,GFM1023(甲)
TEXT,门号,-5574431.47593908,-9831174.121569283,GFM1023(甲)
TEXT,门号,-5575176.768487509,-9821559.159782863,GFM1023(甲)
TEXT,门号,-5575370.502429909,-9818856.058207877,GFM1023(甲)
TEXT,门号,-5564291.097221675,-9900781.783551689,GFM1523(甲)
TEXT,SPACE,-5568468.177231771,-9893413.711615261,备品间
TEXT,SPACE,-5568136.127108852,-9893278.012059065,7
TEXT,SPACE,-5573969.154600517,-9783054.074886193,进站
TEXT,SPACE,-5542875.069699509,-9830671.09859118,59
TEXT,SPACE,-5539055.61825724,-9831973.24246556,6
TEXT,门号,-5540294.774399202,-9829409.130529606,GFM1023(甲)
TEXT,门号,-5546403.699781984,-9826025.475395892,GFM1023(甲)
TEXT,SPACE,-5549034.886645828,-9900902.985309638,备品间
TEXT,SPACE,-5551774.95981257,-9913362.476547032,24.7
TEXT,SPACE,-5549114.161865015,-9900026.581937213,2.6
TEXT,门号,-5534240.187139078,-9680453.115169399,GFM2025(6)
TEXT,门号,-5565067.533840874,-9895905.695933306,GFM1223(甲)
TEXT,门号,-5569438.480116712,-9891875.705668025,GFM1023(甲)
TEXT,门号,-5549040.721368279,-9908648.926057585,GFM1023(甲)
TEXT,门号,-5543933.721399205,-9852550.599193488,GHSFM6028(6)
ATTRIB,WINDOW_TEXT,-5539888.123110377,-9828860.977731174,
TEXT,SPACE,-5540520.540836344,-9817265.256150726,配电间
TEXT,SPACE,-5540213.441996606,-9817194.879871774,14
TEXT,门号,-5540268.994361404,-9819473.737098771,GFM1023(甲)
TEXT,门号,-5547123.784804143,-9800516.027582608,GHSFM6528(6)
TEXT,门号,-5539437.172601014,-9800657.648948929,GHSFM6528(6)
TEXT,门号,-5563146.949328499,-9917242.066834383,GFM1523(甲)
TEXT,SPACE,-5568532.918225117,-9900608.387392829,运营检修备品间
TEXT,SPACE,-5553817.644536163,-9747521.619256573,出站
TEXT,门号,-5544141.806406097,-9834609.108378732,GFM1023(甲)
TEXT,PUB_TEXT,-5604851.787620474,-9813191.345651288,-4.850
TEXT,PUB_TEXT,-5604497.554233509,-9782229.264985499,4.750
ATTRIB,WINDOW_TEXT,-5585053.793342053,-9808584.477553417,
ATTRIB,WINDOW_TEXT,-5590142.042941367,-9808938.281238829,
ATTRIB,WINDOW_TEXT,-5584519.187545184,-9816270.575305344,
ATTRIB,WINDOW_TEXT,-5589606.551342929,-9816629.697083525,
TEXT,门号,-5585559.322588871,-9813030.065677521,GHSFM6528(6)
TEXT,门号,-5580536.843000427,-9812693.853185335,GHSM6528
TEXT,SPACE,-5550847.072111306,-9738387.600238866,疏散门
TEXT,PUB_TEXT,-5521820.771155603,-10162219.93133925,-7.679(9.290)
TEXT,连续墙,-5577179.369923514,-9844211.231296291,预埋3根DN50套管（DZ）管中心距顶200
TEXT,连续墙,-5577505.810325943,-9844234.559773319,"预埋2根DN100套管,2根DN50套管(人防电气)管中心距顶200"
TEXT,SPACE,-5564133.432003223,-9926742.021740208,下
TEXT,SPACE,-5566637.307588965,-9894456.748850153,下
TEXT,门号,-5550115.361027699,-9690166.305187402,GFM1223(甲)
TEXT,SPACE,-5550708.857052353,-9688969.186767787,前室
TEXT,SPACE,-5550377.427347565,-9689027.436742145,6.3
TEXT,门号,-5551871.989084741,-9689077.274721412,GFM1223(甲)
TEXT,SPACE,-5552765.430231102,-9694451.926865449,风孔
TEXT,SPACE,-5552469.143040288,-9695101.772478516,1000x3000
TEXT,门号,-5552316.091231089,-9692556.125140582,GFM0718(甲)
TEXT,门号,-5552377.44822739,-9688792.184433625,GFM0718(甲)
TEXT,SPACE,-5553008.373237319,-9690685.013111355,备品间
TEXT,SPACE,-5552743.624654067,-9690630.263838871,5.6
TEXT,设备－AFC,-5574740.288789242,-9828146.965577129,TVM
TEXT,设备－AFC,-5574794.194410189,-9827392.65263928,TVM
TEXT,设备－AFC,-5574848.368288561,-9826634.585893607,TVM
TEXT,设备－AFC,-5574902.542166941,-9825876.519147925,TVM
TEXT,设备－AFC,-5574828.61934309,-9824889.328873464,CVM
TEXT,设备－AFC,-5574686.114910868,-9828905.032322806,TVM
TEXT,SPACE,-5575946.528861595,-9701537.376789024,14
TEXT,SPACE,-5576224.548337141,-9701489.913186343,风室
TEXT,门号,-5575936.894871167,-9696871.952355186,GFM1023(甲)
TEXT,SPACE,-5549533.724476951,-9711240.253903808,LFMDB7030(6)
TEXT,SPACE,-5550211.8912238,-9701750.520583019,LFMDB7030(6)
ATTRIB,WINDOW_TEXT,-5538598.740001876,-9731080.908868797,
ATTRIB,WINDOW_TEXT,-5538106.185179658,-9737973.334558402,
ATTRIB,WINDOW_TEXT,-5533329.269207593,-9730704.338660151,
ATTRIB,WINDOW_TEXT,-5532836.714602736,-9737596.761308338,
TEXT,门号,-5536111.043131998,-9735368.636492658,GHSFM6530(6)
TEXT,门号,-5541572.84399451,-9735701.950885482,GHSM6530
TEXT,门号,-5536668.004719595,-9726803.995795071,GHSFM6528(6)
TEXT,门号,-5537331.24128295,-9718409.489257984,GHSFM6528(6)
ATTRIB,WINDOW_TEXT,-5532742.977046114,-9729069.231768063,
ATTRIB,WINDOW_TEXT,-5533236.940842647,-9722176.070440594,
TEXT,SPACE,-5575303.448071033,-9823348.867430221,2
TEXT,SPACE,-5575595.049448696,-9823495.55395743,备品间
TEXT,门号,-5575034.115435999,-9823606.529461217,GFM1023(甲)
TEXT,SPACE,-5537069.731046537,-9709027.049528591,48A
TEXT,SPACE,-5547658.967134595,-9709329.374820091,48A
TEXT,SPACE,-5537455.40093203,-9708781.917068177,1
TEXT,SPACE,-5548030.186018577,-9709131.332056466,2
TEXT,门号,-5553809.444585672,-9917037.099568705,GFM1223(甲)
TEXT,SPACE,-5568022.591460537,-9779893.877833657,客服中心
TEXT,afc标注,-5562693.04729797,-9778448.013961902,宽通道
TEXT,afc标注,-5557733.843140651,-9777921.244913683,预留
TEXT,afc标注,-5558429.137530969,-9777960.251396976,预留
TEXT,afc标注,-5572345.320693211,-9779190.510748668,预留
TEXT,afc标注,-5573056.655913086,-9779257.366842704,预留
TEXT,SPACE,-5560644.312428862,-9776999.86078769,出站
TEXT,设备－AFC,-5549166.615881723,-9776182.401270441,CVM
TEXT,设备－AFC,-5549535.995971432,-9772928.996143082,TVM
TEXT,afc标注,-5550926.292058363,-9755214.462512158,票亭
TEXT,afc标注,-5551729.788619264,-9750009.516582915,宽通道
TEXT,afc标注,-5551922.312653641,-9745480.280785837,预留
TEXT,afc标注,-5551972.209646881,-9744782.061414824,预留
TEXT,设备－AFC,-5549490.352462154,-9773682.615191443,TVM
TEXT,设备－AFC,-5549444.708952874,-9774436.234239809,TVM
TEXT,设备－AFC,-5549399.065443595,-9775189.853288168,TVM
TEXT,设备－AFC,-5549102.343928517,-9777243.594097814,CVM
TEXT,设备－AFC,-5549581.63948071,-9772175.37709472,TVM
TEXT,afc标注,-5549521.624495612,-9771455.660350826,预留
TEXT,SPACE,-5547799.649383177,-9757670.026925286,进站
TEXT,SPACE,-5549114.161865015,-9900026.581937213,2.6
TEXT,门号,-5542104.861812748,-9915190.634146798,GSFM3035(5)
TEXT,SPACE,-5537279.167564332,-9909591.559753895,集水坑
TEXT,门号,-5536883.672790742,-9916467.573445979,GFMM0718(甲)
TEXT,门号,-5542268.449237054,-9912792.426971636,GSFM3035(5)
TEXT,门号,-5539224.498873441,-9911528.185104302,GSFM3035(5)
TEXT,门号,-5539275.29797205,-9907911.872110274,GSFM3035(5)
TEXT,门号,-5538560.290450503,-9921301.230777656,GFMM0718(甲)
TEXT,GPS10.25,-5536240.328293994,-9923842.241227754,200x200贴地泄水孔
TEXT,GPS10.25,-5536997.806021737,-9913015.004901767,200x200贴地泄水孔
TEXT,门号,-5533676.006236517,-9900289.390575604,GHSFM6528(6)
TEXT,门号,-5541714.876882191,-9922439.144611272,GSFM4535(5)
TEXT,门号,-5538893.484219717,-9916560.530190364,GSFM4535(5)
TEXT,门号,-5541443.810391121,-9926046.521743268,GSFM4535(5)
TEXT,PUB_TEXT,-5537452.683818929,-9924744.796737913,5200x3500
TEXT,PUB_TEXT,-5538118.941895447,-9919010.478784233,5200x3500
TEXT,PUB_TEXT,-5537889.054663692,-9914328.37093601,3000x3000
TEXT,PUB_TEXT,-5538092.987944954,-9911035.076158029,3000x2700
TEXT,PUB_TEXT,-5534489.682325065,-9922108.810897107,集水坑
TEXT,PUB_TEXT,-5534154.537026977,-9922084.860340349,2000X1500X1500(H)
TEXT,PUB_TEXT,-5535203.601376732,-9912187.991986197,集水坑
TEXT,PUB_TEXT,-5534868.456078645,-9912164.041429438,2000X1500X1500(H)
ATTRIB,WINDOW_TEXT,-5537810.082347115,-9915433.623022378,
ATTRIB,WINDOW_TEXT,-5528987.560017477,-9906846.354533197,
ATTRIB,WINDOW_TEXT,-5539948.191556511,-9921646.899931728,
TEXT,SPACE,-5547597.790819013,-9818080.951094867,FJM4532
TEXT,门号,-5537578.925123455,-9911717.467226441,GFMM0718(甲)
ATTRIB,WINDOW_TEXT,-5538038.988567287,-9912141.571694988,
TEXT,门号,-5541700.070152294,-9846534.542606274,GFM1520(6)
TEXT,门号,-5523710.462617617,-9710097.627652075,GFM1023(甲)
TEXT,SPACE,-5521731.73776407,-9706365.867706061,排烟机房
TEXT,SPACE,-5528051.997878297,-9711000.988431809,小通风机房
TEXT,PUB_TEXT,-5526549.107358694,-9733026.446965505,1
TEXT,门号,-5541445.384876277,-9746232.671979155,HFM1520(6)
TEXT,设备－AFC,-5547520.443031547,-9803068.150437624,CVM
TEXT,设备－AFC,-5547447.609232723,-9804115.621314428,CVM
TEXT,设备－AFC,-5547133.714933591,-9807060.24323873,TVM
TEXT,设备－AFC,-5547206.548723011,-9806012.772361272,TVM
TEXT,门号,-5530099.397647821,-9702938.03264691,GFM1023(甲)
ATTRIB,WINDOW_TEXT,-5535549.198886294,-9703257.767655859,
TEXT,PUB_TEXT,-5529272.989825873,-9700747.146014272,下
TEXT,设备－AFC,-5547060.881119931,-9808107.714114502,TVM
TEXT,设备－AFC,-5546988.047306273,-9809155.184990272,TVM
TEXT,设备－AFC,-5546915.213492614,-9810202.655866044,TVM
TEXT,设备－AFC,-5547374.775433053,-9805163.092191174,CVM
TEXT,门号,-5549461.127664796,-9848210.847956444,GFM1023(甲)
TEXT,门号,-5523098.507771242,-9703561.547242223,GFM1823(甲)
TEXT,SPACE,-5521170.184500464,-9703063.520205997,前室
ATTRIB,WINDOW_TEXT,-5563747.078948472,-9911556.388728616,
ATTRIB,WINDOW_TEXT,-5565559.259768377,-9895840.455897497,
ATTRIB,WINDOW_TEXT,-5566668.768374626,-9901281.952520671,
ATTRIB,WINDOW_TEXT,-5566571.656644896,-9902678.580356546,
ATTRIB,WINDOW_TEXT,-5565982.049714214,-9911158.106502936,
ATTRIB,WINDOW_TEXT,-5565427.125544501,-9919138.836993676,
ATTRIB,WINDOW_TEXT,-5563552.479937315,-9924715.265308014,
ATTRIB,WINDOW_TEXT,-5576456.787900886,-9704561.899296871,
ATTRIB,WINDOW_TEXT,-5576356.406473177,-9705956.049828271,
ATTRIB,WINDOW_TEXT,-5576563.710028937,-9703065.714930481,
TEXT,PUB_TEXT,-5537406.419814971,-10156299.74740474,下
ATTRIB,WINDOW_TEXT,-5565070.983158238,-9924227.020164302,
ATTRIB,WINDOW_TEXT,-5575622.38612021,-9816449.320824553,
ATTRIB,WINDOW_TEXT,-5540105.630848396,-9833749.339873813,
TEXT,PUB_TEXT,-5541970.729340805,-9835957.285883095,弱电电缆孔
TEXT,PUB_TEXT,-5541637.16842217,-9835911.164763464,1000x500
ATTRIB,WINDOW_TEXT,-5555095.312671007,-9665100.066787111,
ATTRIB,WINDOW_TEXT,-5554059.319244273,-9682227.544965648,
ATTRIB,WINDOW_TEXT,-5540401.638538688,-9827382.525734238,
ATTRIB,WINDOW_TEXT,-5552412.966794017,-9679383.917301347,
ATTRIB,WINDOW_TEXT,-5553400.554464249,-9910886.994090844,
ATTRIB,WINDOW_TEXT,-5549395.213791087,-9900684.594323111,
ATTRIB,WINDOW_TEXT,-5549577.774400329,-9898059.069792811,
ATTRIB,WINDOW_TEXT,-5549751.188203448,-9895565.091514461,
ATTRIB,WINDOW_TEXT,-5574448.137662288,-9833371.683448284,
ATTRIB,WINDOW_TEXT,-5574621.551465368,-9830877.705169935,
ATTRIB,WINDOW_TEXT,-5575304.198780702,-9821087.792741067,
ATTRIB,WINDOW_TEXT,-5575487.006263768,-9818393.988570928,
TEXT,PUB_TEXT,-5550501.174316041,-9867135.703460537,D159
TEXT,PUB_TEXT,-5550542.19864846,-9866561.641143091,钢套管
TEXT,PUB_TEXT,-5552839.016649389,-9848400.181419282,D159
TEXT,PUB_TEXT,-5552880.040981809,-9847826.119101831,钢套管
TEXT,PUB_TEXT,-5554104.282136385,-9822996.441108724,D159
TEXT,PUB_TEXT,-5554145.306468804,-9822422.378791275,钢套管
TEXT,PUB_TEXT,-5556441.268143289,-9796963.378728639,D159
TEXT,PUB_TEXT,-5556482.292475705,-9796389.31641119,钢套管
TEXT,PUB_TEXT,-5558190.47830581,-9769656.578110415,D159
TEXT,PUB_TEXT,-5558231.502638228,-9769082.515792968,钢套管
TEXT,PUB_TEXT,-5559826.534886366,-9742346.276977219,D159
TEXT,PUB_TEXT,-5559867.559218785,-9741772.214659773,钢套管
ATTRIB,WINDOW_TEXT,-5564864.688972395,-9895092.603386441,
ATTRIB,WINDOW_TEXT,-5569995.108459234,-9891791.116545674,
ATTRIB,WINDOW_TEXT,-5540304.452401654,-9828779.234442718,
ATTRIB,WINDOW_TEXT,-5546447.543724,-9825597.721449076,
ATTRIB,WINDOW_TEXT,-5550027.794149522,-9908737.482051067,
ATTRIB,WINDOW_TEXT,-5540933.059241682,-9819412.245547763,
TEXT,PUB_TEXT,-5542129.296744857,-9834113.723213848,动照电缆孔
TEXT,PUB_TEXT,-5541804.596936684,-9833943.606667418,800x500
TEXT,PUB_TEXT,-5539632.831258241,-9819175.357186965,100x200
TEXT,PUB_TEXT,-5539697.592303163,-9818269.141940161,过水孔
TEXT,PUB_TEXT,-5539305.726965039,-9819038.887117315,贴地布置
TEXT,PUB_TEXT,-5539365.603356939,-9818201.02387209,(
TEXT,PUB_TEXT,-5539372.221273936,-9818108.417934464,余同
TEXT,PUB_TEXT,-5539402.159469886,-9817689.486311854,)
TEXT,PUB_TEXT,-5536244.195819009,-9832907.724302897,贴底预留
TEXT,PUB_TEXT,-5536304.072210907,-9832069.861057677,100x200
TEXT,PUB_TEXT,-5536368.833255827,-9831163.645810871,过水孔
ATTRIB,WINDOW_TEXT,-5546731.898481239,-9821507.59402536,
TEXT,PUB_TEXT,-5548496.739305517,-9866368.87005512,%%c114
TEXT,PUB_TEXT,-5548536.750691458,-9865808.982115877,钢套管
TEXT,PUB_TEXT,-5548137.655057566,-9866343.208744309,离壁沟排水孔
ATTRIB,WINDOW_TEXT,-5544701.474510287,-9834689.661068727,
TEXT,PUB_TEXT,-5594590.938193634,-9813141.109990509,1%
TEXT,PUB_TEXT,-5602044.895520775,-9816140.848557058,-4.850(
TEXT,PUB_TEXT,-5602198.525736826,-9813991.067862085,变坡点
TEXT,PUB_TEXT,-5602310.793971634,-9812420.074277291,)
TEXT,PUB_TEXT,-5590393.057960918,-9814258.808822339,-4.960(
TEXT,PUB_TEXT,-5590546.688176971,-9812109.028127363,变坡点
TEXT,PUB_TEXT,-5590658.956411776,-9810538.034542572,)
TEXT,PUB_TEXT,-5600373.248479664,-9803733.0605933,集水坑
TEXT,PUB_TEXT,-5599424.396710313,-9806909.73869091,2000x1500x1500(H)
TEXT,PUB_TEXT,-5603286.976772001,-9811513.685783506,检修人孔
TEXT,PUB_TEXT,-5602568.808276096,-9811462.363161878,1300x700
TEXT,PUB_TEXT,-5610535.051552534,-9815486.454371706,电梯基坑
TEXT,PUB_TEXT,-5609600.904788372,-9818457.36216519,2400x2100x1600
TEXT,PUB_TEXT,-5609878.452123746,-9814573.582536024,（
TEXT,PUB_TEXT,-5609910.528762265,-9814124.727226083,H
TEXT,PUB_TEXT,-5609932.813584812,-9813812.890905492,）
TEXT,PUB_TEXT,-5550470.655534496,-9794619.030992711,挡烟垂壁
TEXT,PUB_TEXT,-5550091.192277051,-9795215.23118438,做法详见通用图
TEXT,PUB_TEXT,-5545639.550102375,-10084985.21902758,-4.918
TEXT,PUB_TEXT,-5535312.936514869,-10083396.84616495,-4.918
TEXT,PUB_TEXT,-5539904.66035095,-10041244.01899455,-4.833(11.890)
TEXT,PUB_TEXT,-5553347.261016618,-10042897.68300113,-4.833(11.890)
TEXT,PUB_TEXT,-5559890.194265212,-9909823.828444453,-4.766(11.890)
TEXT,PUB_TEXT,-5569363.31751438,-9872980.214289595,-4.842
TEXT,PUB_TEXT,-5554747.368518045,-9873495.463808177,-4.842
TEXT,PUB_TEXT,-5572744.610596612,-9825632.550459083,-4.933
TEXT,PUB_TEXT,-5556501.796414621,-9824503.138785921,-4.933
TEXT,PUB_TEXT,-5557800.294328183,-9822799.343652395,特级防火卷帘
TEXT,PUB_TEXT,-5559265.528285243,-9779120.783372279,-5.027(11.890)
TEXT,PUB_TEXT,-5575976.711543105,-9780282.762154579,-5.027(11.890)
TEXT,PUB_TEXT,-5582611.065809529,-9698598.602365715,-5.190(11.890)
TEXT,PUB_TEXT,-5565328.932988978,-9697363.565784886,-5.190(11.890)
TEXT,PUB_TEXT,-5566769.153147681,-9659186.683976896,-5.293(11.890)
TEXT,PUB_TEXT,-5586524.580342815,-9660598.470097777,-5.293(11.890)
TEXT,PUB_TEXT,-5532410.276370931,-10117154.47371701,-4.986
TEXT,PUB_TEXT,-5530493.004719723,-9674267.652468037,-5.234
TEXT,PUB_TEXT,-5535309.900919236,-9725594.241287632,-5.132
TEXT,PUB_TEXT,-5540667.383435199,-9701210.524878135,-5.171
TEXT,PUB_TEXT,-5571083.645946571,-9742459.342527698,挡烟垂壁
TEXT,PUB_TEXT,-5570704.182689127,-9743055.542719373,做法详见通用图
TEXT,PUB_TEXT,-5561965.899916145,-9769939.923954888,挡烟垂壁
TEXT,PUB_TEXT,-5561586.436658699,-9770536.124146557,做法详见通用图
TEXT,PUB_TEXT,-5564033.351783616,-9926472.479443454,(11.820)
TEXT,PUB_TEXT,-5565878.353902919,-9895592.732825706,(11.820)
TEXT,PUB_TEXT,-5551283.245561401,-9691918.753677182,上
TEXT,PUB_TEXT,-5550017.02637888,-9691082.821524229,下
TEXT,PUB_TEXT,-5551543.193097695,-9691593.871477595,(11.820)
ATTRIB,WINDOW_TEXT,-5550600.00933498,-9689727.262339678,
ATTRIB,WINDOW_TEXT,-5551828.961459791,-9689143.381494162,
ATTRIB,WINDOW_TEXT,-5552759.05933788,-9692729.821898065,
ATTRIB,WINDOW_TEXT,-5553054.343115956,-9688732.22334566,
TEXT,PUB_TEXT,-5550735.151641642,-9695580.396077208,(13.357)
ATTRIB,WINDOW_TEXT,-5576584.6778308,-9696989.217030145,
TEXT,PUB_TEXT,-5547685.379854941,-9835138.429548717,风孔
TEXT,PUB_TEXT,-5547350.234556854,-9835114.478991959,600x1000
ATTRIB,WINDOW_TEXT,-5575172.404291077,-9822983.216224763,
TEXT,PUB_TEXT,-5532155.248563649,-9719723.900559847,-5.133
TEXT,PUB_TEXT,-5531153.066232137,-9733747.653728332,-5.105
ATTRIB,WINDOW_TEXT,-5554366.847800401,-9916987.183170205,
TEXT,PUB_TEXT,-5549191.946100591,-9822200.779335501,特级防火卷帘
TEXT,PUB_TEXT,-5541653.441925443,-9864289.47733505,预埋
TEXT,PUB_TEXT,-5541682.561143387,-9863882.005848013,1
TEXT,PUB_TEXT,-5541692.33688084,-9863745.211848794,根
TEXT,PUB_TEXT,-5541706.896489812,-9863541.476105273,D3=219
TEXT,PUB_TEXT,-5541782.047471478,-9862489.87223627,防护密闭套管
TEXT,PUB_TEXT,-5541869.405125311,-9861267.457775159,(GPS)
TEXT,PUB_TEXT,-5539836.540790353,-9864159.635758845,预埋
TEXT,PUB_TEXT,-5539865.660008298,-9863752.164271808,6
TEXT,PUB_TEXT,-5539877.879680114,-9863581.171772784,根
TEXT,PUB_TEXT,-5539892.439289084,-9863377.436029265,DN80
TEXT,PUB_TEXT,-5539943.150927121,-9862667.817158314,、
TEXT,PUB_TEXT,-5539957.710536092,-9862464.081414792,12
TEXT,PUB_TEXT,-5539979.705945361,-9862156.294916548,根
TEXT,PUB_TEXT,-5539994.265554335,-9861952.55917303,DN50
TEXT,PUB_TEXT,-5540044.977192368,-9861242.940302075,热镀锌钢管（
TEXT,PUB_TEXT,-5540132.3348462,-9860020.52584096,DZ
TEXT,PUB_TEXT,-5540157.385173421,-9859669.991217963,）（双排布置）
TEXT,PUB_TEXT,-5540514.683898813,-9864208.09803805,预埋
TEXT,PUB_TEXT,-5540543.803116759,-9863800.626551013,6
TEXT,PUB_TEXT,-5540556.022788576,-9863629.63405199,根
TEXT,PUB_TEXT,-5540570.582397547,-9863425.898308468,DN50
TEXT,PUB_TEXT,-5540621.294035584,-9862716.279437515,热镀锌密闭钢管
TEXT,PUB_TEXT,-5540723.211298387,-9861290.129232884,(FAS/BAS)
TEXT,PUB_TEXT,-5544953.192234398,-9855012.146743447,预埋
TEXT,PUB_TEXT,-5544982.31145234,-9854604.675256407,8
TEXT,PUB_TEXT,-5544994.531124158,-9854433.682757385,根
TEXT,PUB_TEXT,-5545009.090733129,-9854229.947013864,DN80
TEXT,PUB_TEXT,-5545059.802371165,-9853520.328142913,热镀锌密闭钢管
TEXT,PUB_TEXT,-5544474.413237128,-9854977.931662363,（
TEXT,PUB_TEXT,-5544488.972846099,-9854774.195918842,TX
TEXT,PUB_TEXT,-5544512.190222552,-9854449.310170696,）双排布置
TEXT,PUB_TEXT,-5540940.775602601,-9853918.888913158,预埋
TEXT,PUB_TEXT,-5540969.894820545,-9853511.417426121,1
TEXT,PUB_TEXT,-5540979.670557996,-9853374.623426901,根
TEXT,PUB_TEXT,-5540994.230166968,-9853170.887683385,D3=219
TEXT,PUB_TEXT,-5541069.381148636,-9852119.283814378,防护密闭套管
TEXT,PUB_TEXT,-5541156.738802467,-9850896.869353265,(GPS)
TEXT,PUB_TEXT,-5540328.76494984,-9853875.15267112,管中心距顶板
TEXT,PUB_TEXT,-5540416.122603671,-9852652.738210005,500mm
TEXT,PUB_TEXT,-5548180.306974674,-9840831.962543457,预埋
TEXT,PUB_TEXT,-5548212.383613191,-9840383.107233519,D3=219
TEXT,PUB_TEXT,-5548276.705714636,-9839483.03421727,人防密闭套管管中心距顶板
TEXT,PUB_TEXT,-5548469.165545736,-9836789.902357628,0.5m
TEXT,PUB_TEXT,-5547821.222726721,-9840806.301232644,预埋
TEXT,PUB_TEXT,-5547853.299365238,-9840357.445922702,D3=140
TEXT,PUB_TEXT,-5547917.621466686,-9839457.372906457,人防密闭套管管中心距顶板
TEXT,PUB_TEXT,-5548110.081297783,-9836764.241046816,0.5m
TEXT,DIM_LEAD,-5547468.503974088,-9840810.983106399,预埋
TEXT,DIM_LEAD,-5547497.623192033,-9840403.511619362,D3=159
TEXT,DIM_LEAD,-5547572.774173699,-9839351.907750357,人防密闭套管管中心距顶板
TEXT,DIM_LEAD,-5547747.489481363,-9836907.078828131,0.5m
TEXT,DIM_LEAD,-5547111.571070234,-9840780.496785239,预埋
TEXT,DIM_LEAD,-5547140.690288179,-9840373.025298204,D3=273
TEXT,DIM_LEAD,-5547218.28520421,-9839287.222929394,人防密闭套管管中心距顶板
TEXT,DIM_LEAD,-5547393.000511872,-9836842.394007168,0.5m
TEXT,PUB_TEXT,-5537849.161102928,-9838167.049761345,预埋
TEXT,PUB_TEXT,-5537881.237741443,-9837718.194451404,%%c114
TEXT,PUB_TEXT,-5537921.249127385,-9837158.306512165,钢套管
TEXT,PUB_TEXT,-5538510.905181546,-9838043.658728164,200
TEXT,PUB_TEXT,-5538541.29357593,-9837618.427381901,宽横截沟
TEXT,PUB_TEXT,-5541567.536348025,-9852817.419194847,吊装门扇用
TEXT,PUB_TEXT,-5541642.381837897,-9851770.090138323,%%c20
TEXT,PUB_TEXT,-5541670.271630965,-9851379.82225831,吊环
TEXT,PUB_TEXT,-5548732.551398916,-9807554.531550094,集水坑
TEXT,PUB_TEXT,-5548777.45869284,-9806926.13411618,2000X1500X1500(H)
TEXT,PUB_TEXT,-5549242.124270493,-9801144.020478778,114
TEXT,PUB_TEXT,-5549279.190608334,-9800625.343231738,钢套管
TEXT,PUB_TEXT,-5544724.649751916,-9800606.654451494,塑钢爬梯
TEXT,PUB_TEXT,-5544003.123417438,-9801228.676147159,预埋
TEXT,PUB_TEXT,-5544037.095838372,-9800753.292745616,DN100
TEXT,PUB_TEXT,-5544107.664443109,-9799765.811063748,铸铁排水管接至集水坑
TEXT,PUB_TEXT,-5536293.042957835,-9810407.150948707,预埋
TEXT,PUB_TEXT,-5536325.119596352,-9809958.29563877,D2=%%c127
TEXT,PUB_TEXT,-5536399.064689353,-9808923.566029537,柔性防水套管（
TEXT,PUB_TEXT,-5536511.332924161,-9807352.572444749,B
TEXT,PUB_TEXT,-5536521.968862195,-9807203.741473557,型）
TEXT,PUB_TEXT,-5536021.603837554,-9809155.052493473,管中心距室外地坪
TEXT,PUB_TEXT,-5536149.910391619,-9807359.631253708,1.0m
TEXT,PUB_TEXT,-5540547.164322425,-9807059.034749851,下工作点
TEXT,PUB_TEXT,-5542272.997291051,-9807179.037101509,下工作点
TEXT,PUB_TEXT,-5542020.652220696,-9800625.846218288,吊钩
TEXT,PUB_TEXT,-5553500.082763901,-9843991.091903447,5
TEXT,PUB_TEXT,-5526020.887620352,-9842080.38090286,5
TEXT,PUB_TEXT,-5555654.26152749,-9813010.426276612,6
TEXT,PUB_TEXT,-5528175.06638394,-9811099.715276023,6
TEXT,PUB_TEXT,-5552830.913581098,-9853614.855283996,3
TEXT,PUB_TEXT,-5525351.718437549,-9851704.144283409,3
TEXT,PUB_TEXT,-5553232.35010624,-9847841.531841211,4
TEXT,PUB_TEXT,-5525753.154962688,-9845930.820840624,4
TEXT,PUB_TEXT,-5538746.819758975,-9860903.612580987,1
TEXT,PUB_TEXT,-5547825.053149558,-9739895.575247635,1
TEXT,PUB_TEXT,-5533292.407274671,-9860085.02322737,2
TEXT,PUB_TEXT,-5541456.416226262,-9739559.086798148,2
TEXT,PUB_TEXT,-5548852.094129269,-9818279.266785738,特级防火卷帘
TEXT,PUB_TEXT,-5539182.995050365,-9837431.4783668,上
TEXT,PUB_TEXT,-5539901.514524717,-9838775.247054373,下
TEXT,PUB_TEXT,-5549014.65857519,-9803591.822377525,140
TEXT,PUB_TEXT,-5549054.576169789,-9803033.24688071,钢套管
TEXT,PUB_TEXT,-5542067.99925259,-9794639.28593641,吊装门扇用
TEXT,PUB_TEXT,-5542150.647533141,-9793450.666501616,%%c20
TEXT,PUB_TEXT,-5542191.573190636,-9792862.087627922,吊环
TEXT,PUB_TEXT,-5549189.185500823,-9794102.094540924,预埋
TEXT,PUB_TEXT,-5549222.244813043,-9793626.646767005,1
TEXT,PUB_TEXT,-5549233.343296431,-9793467.032157192,根
TEXT,PUB_TEXT,-5549249.872952543,-9793229.30827023,D3=219
TEXT,PUB_TEXT,-5549335.192543589,-9792002.270957279,防护密闭套管
TEXT,PUB_TEXT,-5549434.37048025,-9790575.927635522,(GPS)
TEXT,PUB_TEXT,-5545300.519104207,-9795537.291747034,预埋
TEXT,PUB_TEXT,-5545333.578416427,-9795061.843973115,6
TEXT,PUB_TEXT,-5545347.451520665,-9794862.325710845,根
TEXT,PUB_TEXT,-5545363.981176773,-9794624.601823887,DN80
TEXT,PUB_TEXT,-5545421.554559352,-9793796.601035468,、
TEXT,PUB_TEXT,-5545438.084215462,-9793558.877148511,12
TEXT,PUB_TEXT,-5545463.055803087,-9793199.744276426,根
TEXT,PUB_TEXT,-5545479.585459197,-9792962.020389468,DN50
TEXT,PUB_TEXT,-5545537.158841775,-9792134.01960105,热镀锌钢管（
TEXT,PUB_TEXT,-5545636.336778436,-9790707.6762793,DZ
TEXT,PUB_TEXT,-5545664.776642119,-9790298.663841646,）（双排布置）
TEXT,PUB_TEXT,-5548104.764881405,-9794233.223168166,预埋
TEXT,PUB_TEXT,-5548137.824193627,-9793757.775394251,6
TEXT,PUB_TEXT,-5548151.697297863,-9793558.25713198,根
TEXT,PUB_TEXT,-5548168.226953972,-9793320.533245022,DN50
TEXT,PUB_TEXT,-5548225.800336551,-9792492.532456604,热镀锌密闭钢管
TEXT,PUB_TEXT,-5548341.507929324,-9790828.465247892,(FAS/BAS)
TEXT,PUB_TEXT,-5544620.61420019,-9793959.45596422,预埋
TEXT,PUB_TEXT,-5544653.67351241,-9793484.008190302,8
TEXT,PUB_TEXT,-5544667.546616645,-9793284.48992803,根
TEXT,PUB_TEXT,-5544684.076272756,-9793046.766041072,DN80
TEXT,PUB_TEXT,-5544741.649655335,-9792218.765252657,热镀锌密闭钢管（
TEXT,PUB_TEXT,-5544873.886904217,-9790316.974156985,TX
TEXT,PUB_TEXT,-5544900.245802265,-9789937.889458673,）双排布置
TEXT,PUB_TEXT,-5538363.610075291,-9794934.902346492,预埋
TEXT,PUB_TEXT,-5538396.66938751,-9794459.454572573,1
TEXT,PUB_TEXT,-5538407.767870899,-9794299.839962759,根
TEXT,PUB_TEXT,-5538424.297527011,-9794062.116075799,D3=219
TEXT,PUB_TEXT,-5538509.617118059,-9792835.078762847,防护密闭套管
TEXT,PUB_TEXT,-5538608.795054723,-9791408.735441091,(GPS)
TEXT,PUB_TEXT,-5545696.321604163,-9855079.351617204,预埋
TEXT,PUB_TEXT,-5545725.440822105,-9854671.880130164,2
TEXT,PUB_TEXT,-5545737.660493921,-9854500.887631141,根
TEXT,PUB_TEXT,-5545752.220102895,-9854297.151887621,DN50
TEXT,PUB_TEXT,-5545802.93174093,-9853587.533016668,、
TEXT,PUB_TEXT,-5545817.491349902,-9853383.797273151,2
TEXT,PUB_TEXT,-5545829.711021717,-9853212.804774127,根
TEXT,PUB_TEXT,-5545844.270630689,-9853009.069030605,DN100
TEXT,PUB_TEXT,-5545904.758006177,-9852162.656160432,热镀锌密闭钢管（人防电气）
TEXT,PUB_TEXT,-5536289.53513997,-9829856.689626868,预埋
TEXT,PUB_TEXT,-5536321.611778488,-9829407.834316933,%%c114
TEXT,PUB_TEXT,-5536361.623164427,-9828847.946377688,钢套管
TEXT,PUB_TEXT,-5537206.506050985,-9828857.852509521,贴底预留
TEXT,PUB_TEXT,-5537266.382442884,-9828019.989264298,100x200
TEXT,PUB_TEXT,-5537331.143487803,-9827113.774017497,过水孔
TEXT,PUB_TEXT,-5547471.117123871,-9846455.546722642,预埋
TEXT,PUB_TEXT,-5547500.236341816,-9846048.075235602,2
TEXT,PUB_TEXT,-5547512.456013631,-9845877.082736578,根
TEXT,PUB_TEXT,-5547527.015622603,-9845673.346993057,DN50
TEXT,PUB_TEXT,-5547577.727260638,-9844963.728122104,热镀锌钢管（
TEXT,PUB_TEXT,-5547665.084914472,-9843741.31366099,DZ
TEXT,PUB_TEXT,-5547690.135241692,-9843390.779037992,）
TEXT,PUB_TEXT,-5554613.233125861,-9777835.884950228,栏杆做法详见通用图
TEXT,PUB_TEXT,-5546743.322533544,-9850396.412335143,预埋
TEXT,PUB_TEXT,-5546772.44175149,-9849988.940848104,2
TEXT,PUB_TEXT,-5546784.661423305,-9849817.94834908,根
TEXT,PUB_TEXT,-5546799.221032276,-9849614.212605562,DN50
TEXT,PUB_TEXT,-5546849.932670312,-9848904.59373461,热镀锌密闭钢管
TEXT,PUB_TEXT,-5546951.849933115,-9847478.443529977,(FAS/BAS)
TEXT,PUB_TEXT,-5541331.715929145,-9794471.078306598,预埋
TEXT,PUB_TEXT,-5541364.775241365,-9793995.63053268,1
TEXT,PUB_TEXT,-5541375.873724753,-9793836.015922863,根
TEXT,PUB_TEXT,-5541392.403380865,-9793598.292035904,DN200
TEXT,PUB_TEXT,-5541463.849867677,-9792570.77298522,防护密闭套管
TEXT,PUB_TEXT,-5541563.027804341,-9791144.429663464,(HK)
TEXT,PUB_TEXT,-5543704.51990467,-9793899.626650583,预埋
TEXT,PUB_TEXT,-5543737.57921689,-9793424.178876664,2
TEXT,PUB_TEXT,-5543751.452321125,-9793224.660614397,根
TEXT,PUB_TEXT,-5543767.981977236,-9792986.936727439,DN100
TEXT,PUB_TEXT,-5543836.653843202,-9791999.321329207,、
TEXT,PUB_TEXT,-5543853.183499313,-9791761.597442246,2
TEXT,PUB_TEXT,-5543867.056603549,-9791562.079179978,根
TEXT,PUB_TEXT,-5543883.586259657,-9791324.355293021,DN50(
TEXT,PUB_TEXT,-5543950.870815202,-9790356.691721015,人防电气
TEXT,PUB_TEXT,-5544016.989439644,-9789405.796173182,)
TEXT,PUB_TEXT,-5544026.700612609,-9789266.133389588,套管
TEXT,PUB_TEXT,-5542664.481642645,-9846203.840721988,吊装门扇用
TEXT,PUB_TEXT,-5542739.327132517,-9845156.511665463,%%c20
TEXT,PUB_TEXT,-5542767.216925585,-9844766.243785452,吊环
ATTRIB,WINDOW_TEXT,-5523502.470159728,-9709801.592470979,
TEXT,PUB_TEXT,-5531153.06623214,-9733747.653728331,-5.105
TEXT,PUB_TEXT,-5541021.973816682,-9803054.87143482,上
TEXT,PUB_TEXT,-5542747.806800872,-9803174.873787581,上
TEXT,PUB_TEXT,-5544379.161854291,-9817810.095182641,9
TEXT,PUB_TEXT,-5546691.303112409,-9794109.691504994,9
TEXT,PUB_TEXT,-5535736.436966385,-9838083.470142599,吊装门扇用
TEXT,PUB_TEXT,-5535811.282456259,-9837036.141086072,%%c20
TEXT,PUB_TEXT,-5535839.172249325,-9836645.873206061,吊环
TEXT,PUB_TEXT,-5534978.586993743,-9838712.128593,预埋
TEXT,PUB_TEXT,-5535007.706211688,-9838304.657105963,4
TEXT,PUB_TEXT,-5535019.925883505,-9838133.664606937,根
TEXT,PUB_TEXT,-5535034.485492475,-9837929.928863418,DN25
TEXT,PUB_TEXT,-5535085.197130511,-9837220.309992465,热镀锌钢管（
TEXT,PUB_TEXT,-5535172.554784343,-9835997.895531354,DZ
TEXT,PUB_TEXT,-5535197.605111563,-9835647.36090835,）
TEXT,PUB_TEXT,-5550711.843405075,-9798890.321193814,8
TEXT,PUB_TEXT,-5536701.872165354,-9797624.268836791,8
TEXT,PUB_TEXT,-5544928.59432346,-9749536.328894441,预埋
TEXT,PUB_TEXT,-5544957.713541402,-9749128.857407402,2
TEXT,PUB_TEXT,-5544969.933213216,-9748957.86490838,根
TEXT,PUB_TEXT,-5544984.492822188,-9748754.129164858,DN50
TEXT,PUB_TEXT,-5545035.204460224,-9748044.510293905,镀锌密闭钢套管
TEXT,PUB_TEXT,-5545137.12172303,-9746618.360089271,(
TEXT,PUB_TEXT,-5545145.6754933,-9746498.665339956,动照
TEXT,PUB_TEXT,-5545174.794711243,-9746091.193852917,)
TEXT,PUB_TEXT,-5544047.203575242,-9752026.986241842,预埋
TEXT,PUB_TEXT,-5544076.322793186,-9751619.514754802,2
TEXT,PUB_TEXT,-5544088.542465003,-9751448.522255776,根
TEXT,PUB_TEXT,-5544103.102073973,-9751244.786512259,DN50
TEXT,PUB_TEXT,-5544153.813712008,-9750535.167641304,、
TEXT,PUB_TEXT,-5544168.373320982,-9750331.431897787,2
TEXT,PUB_TEXT,-5544180.592992797,-9750160.439398761,根
TEXT,PUB_TEXT,-5544195.152601769,-9749956.703655243,DN100
TEXT,PUB_TEXT,-5544255.639977255,-9749110.29078507,热镀锌密闭钢管（人防电气）
TEXT,PUB_TEXT,-5539914.942709733,-9749631.031755214,a
TEXT,PUB_TEXT,-5540379.207845638,-9742954.309416656,a
TEXT,PUB_TEXT,-5545589.587916911,-9747058.436104865,b
TEXT,PUB_TEXT,-5537910.822980014,-9746524.494049733,b
TEXT,PUB_TEXT,-5541026.852421254,-9846274.655581769,防跌落栏杆
TEXT,PUB_TEXT,-5537260.111517574,-9854439.673240145,预埋
TEXT,PUB_TEXT,-5537289.230735519,-9854032.201753106,%%c114
TEXT,PUB_TEXT,-5537332.610570466,-9853425.178381568,钢套管
TEXT,PUB_TEXT,-5538837.100230815,-9805684.885173111,贴底预埋
TEXT,PUB_TEXT,-5538903.218855256,-9804733.989625274,2
TEXT,PUB_TEXT,-5538917.09195949,-9804534.471363009,根
TEXT,PUB_TEXT,-5538933.621615601,-9804296.747476048,DN100
TEXT,PUB_TEXT,-5539002.293481567,-9803309.132077817,镀锌钢管
TEXT,PUB_TEXT,-5541031.131136191,-9800901.569155611,截水沟
TEXT,PUB_TEXT,-5541080.720104523,-9800188.397494736,300x250
ATTRIB,WINDOW_TEXT,-5550020.795768987,-9848291.400646441,
TEXT,SPACE,-5551704.751942225,-9673283.261991292,1号消防出入口
TEXT,门号,-5551114.32445796,-9671114.256073026,GM1223
TEXT,SPACE,-5533304.553642966,-9687232.286021503,排风口百叶面积
TEXT,SPACE,-5533522.25749098,-9685143.720324164,31.95
TEXT,SPACE,-5528025.616883553,-9674073.390193459,20.15
TEXT,SPACE,-5547635.137101607,-9684022.255706011,20.00
ATTRIB,WINDOW_TEXT,-5551734.377943127,-9672469.428211755,
ATTRIB,WINDOW_TEXT,-5512679.782744953,-9546161.592362455,
TEXT,PUB_TEXT,-5525952.800642535,-9542060.959331365,FAS：特级防火卷帘接入联动，2号线或西通道火灾时关闭
TEXT,PUB_TEXT,-5516715.11401307,-9544746.496878362,"FAS:3扇GFM1823防火门接入联动,2号线火灾时释放"
TEXT,PUB_TEXT,-5387791.931034266,-9657032.78311026,管理卷帘
TEXT,PUB_TEXT,-5392279.537844857,-9655778.859123891,管理卷帘
TEXT,PUB_TEXT,-5382756.796705316,-9658439.696856525,管理卷帘
TEXT,PUB_TEXT,-5506972.025424845,-9522006.446218258,装修：设置防火墙到顶27000x5400(h)
TEXT,PUB_TEXT,-6664929.499736215,-9206298.2723449,装修：拆除既有钢质防火卷帘5950x5400(h)
ATTRIB,WINDOW_TEXT,-5404769.457088527,-9571711.765826917,
TEXT,设备－AFC,-5431043.5590337,-9564884.982669598,CVM
TEXT,设备－AFC,-5430121.924189631,-9565069.885915516,CVM
ATTRIB,WINDOW_TEXT,-5514640.707957283,-9545768.181239486,
ATTRIB,WINDOW_TEXT,-5516601.633169612,-9545374.770116517,
TEXT,PUB_TEXT,-5521655.026451033,-9666174.610827658,装修：顶部增设电动排烟窗27000x1500
TEXT,PUB_TEXT,-5405717.050610162,-9644951.350862681,装修：顶部增设电动排烟窗50000x1500
ATTRIB,WINDOW_TEXT,-5392642.185159874,-9520406.72231436,
TEXT,PUB_TEXT,-5405501.463081505,-9540885.928803747,警务室
TEXT,PUB_TEXT,-5402652.682695039,-9529129.876264327,商铺
ATTRIB,WINDOW_TEXT,-5403875.789890758,-9536911.745383996,
ATTRIB,WINDOW_TEXT,-5423816.761677423,-9485971.772489216,
ATTRIB,WINDOW_TEXT,-5409588.891384469,-9489125.564171004,
ATTDEF,7号线,-5383947.96031501,-9500185.469375798,
TEXT,PUB_TEXT,-6338562.933943483,-9273656.197038402,安全疏散口
TEXT,PUB_TEXT,-6341341.507858977,-9283600.298405348,连通口
TEXT,PUB_TEXT,-6832219.123068257,-9096743.603703567,7号线站厅（地下一层）
TEXT,PUB_TEXT,-6847318.418492027,-9150781.728594294,2号线站厅（地面一层）
TEXT,PUB_TEXT,-6862441.664819287,-9204905.570194133,磁浮线站厅（地上二层）
TEXT,PUB_TEXT,-6876529.10184865,-9255322.404901839,16号线站厅（地上二层）
TEXT,PUB_TEXT,-6900903.182813388,-9342553.603067255,18号线站厅（地下一层）
TEXT,PUB_TEXT,-5179713.958784774,-9597460.974921416,安全疏散口
TEXT,PUB_TEXT,-5182492.532700267,-9607405.076288362,连通口
ATTRIB,WINDOW_TEXT,-6575585.921906504,-9164145.231589518,
ATTRIB,WINDOW_TEXT,-6561358.051613551,-9167299.023271308,
ATTDEF,7号线,-6535717.120544091,-9178358.9284761,
TEXT,PUB_TEXT,-6557270.623310586,-9219059.387904049,警务室
ATTRIB,WINDOW_TEXT,-6555644.950119837,-9215085.204484298,
TEXT,PUB_TEXT,-5509762.466716431,-9512652.394783495,1号出入口
TEXT,PUB_TEXT,-5480407.262424741,-9536089.923716779,2号出入口
TEXT,PUB_TEXT,-5472087.746070481,-9552159.10611294,4号出入口
TEXT,PUB_TEXT,-5406524.365795149,-9550521.539664799,6号出入口
TEXT,PUB_TEXT,-5436313.677532043,-9561507.169880762,3号出入口
TEXT,PUB_TEXT,-6661531.626945511,-9190825.853883795,1号出入口
TEXT,PUB_TEXT,-6632044.692684655,-9213791.940916923,2号出入口
TEXT,PUB_TEXT,-6558143.351258291,-9230680.665539683,6号出入口
TEXT,PUB_TEXT,-6595288.193913899,-9130974.830712476,8/9号出入口
TEXT,PUB_TEXT,-6604171.733959397,-9177923.135554188,7号出入口
TEXT,PUB_TEXT,-5443519.033684817,-9452801.371612174,8/9号出入口
TEXT,PUB_TEXT,-5452402.573730315,-9499749.676453884,7号出入口
TEXT,PUB_TEXT,-6624697.209273916,-9229722.42145045,4号出入口
TEXT,PUB_TEXT,-6590052.56531779,-9360413.966417663,11号出入口
TEXT,PUB_TEXT,-6586800.23857773,-9322874.734516421,管理卷帘
TEXT,PUB_TEXT,-6595933.04834706,-9320371.651424073,管理卷帘
TEXT,PUB_TEXT,-6647549.882188291,-9317170.900854764,防火卷帘
TEXT,PUB_TEXT,-6643430.898761973,-9318387.756653008,管理卷帘
TEXT,PUB_TEXT,-6645420.135557086,-9309548.855506776,防火卷帘
TEXT,PUB_TEXT,-6641301.152130769,-9310765.711305021,管理卷帘
TEXT,PUB_TEXT,-6887922.33134727,-9296097.072942693,16号线18号线换乘通道
TEXT,PUB_TEXT,-6543492.202900381,-9186006.211005649,防火卷帘
TEXT,PUB_TEXT,-6580550.774241072,-9178115.22601092,防火卷帘
TEXT,PUB_TEXT,-6675502.079064403,-9202369.003177508,防火卷帘
TEXT,PUB_TEXT,-6673249.679857227,-9204205.395377314,管理卷帘
TEXT,PUB_TEXT,-6630291.77557107,-9212816.524141381,管理卷帘
TEXT,PUB_TEXT,-6628286.083524248,-9211907.233943854,防火卷帘
TEXT,PUB_TEXT,-6579158.1140247,-9221389.95049036,防火卷帘
TEXT,PUB_TEXT,-6583890.781777419,-9221984.780039395,管理卷帘
ATTRIB,WINDOW_TEXT,-6544411.345388954,-9198580.181414664,
TEXT,PUB_TEXT,-6538287.298712783,-9204577.002794046,防火卷帘
TEXT,PUB_TEXT,-6551501.040472605,-9249232.414624023,管理卷帘
TEXT,PUB_TEXT,-6545842.813790056,-9250347.233918295,管理卷帘
TEXT,PUB_TEXT,-6585333.522877914,-9242351.883082465,管理卷帘
TEXT,PUB_TEXT,-6592025.635164035,-9241256.552470289,管理卷帘
TEXT,PUB_TEXT,-6633707.574294154,-9234825.214790383,管理卷帘
TEXT,PUB_TEXT,-6631287.227841206,-9233955.471697443,管理卷帘
TEXT,PUB_TEXT,-6626662.786001303,-9233846.438815545,管理卷帘
TEXT,PUB_TEXT,-6673866.907666848,-9224613.153144423,管理卷帘
TEXT,PUB_TEXT,-6680945.465376433,-9223109.772370285,管理卷帘
TEXT,PUB_TEXT,-5523732.918835423,-9524195.544077057,防火卷帘
TEXT,PUB_TEXT,-5521480.519628247,-9526031.936276863,管理卷帘
TEXT,PUB_TEXT,-5478522.615341991,-9534643.06504108,管理卷帘
TEXT,PUB_TEXT,-5476516.923295169,-9533733.774843554,防火卷帘
TEXT,PUB_TEXT,-5427388.953795619,-9543216.491390055,防火卷帘
TEXT,PUB_TEXT,-5432422.439833949,-9544083.404766318,管理卷帘
TEXT,PUB_TEXT,-6553380.826244884,-9221691.535000259,防火卷帘
TEXT,PUB_TEXT,-6553541.112141625,-9226571.942942358,防火卷帘
TEXT,PUB_TEXT,-5398847.069390755,-9546981.682383856,装修：增设防火墙3400x5400(h)
TEXT,PUB_TEXT,-5481938.414065073,-9556651.755690078,管理卷帘
TEXT,PUB_TEXT,-5479518.067612128,-9555782.012597138,管理卷帘
TEXT,PUB_TEXT,-5474893.625772224,-9555672.979715239,管理卷帘
TEXT,PUB_TEXT,-5399657.470975957,-9570792.655859989,管理卷帘
TEXT,PUB_TEXT,-5394073.653560974,-9572173.774817988,管理卷帘
TEXT,PUB_TEXT,-5402574.192612953,-9634090.342359117,管理卷帘
TEXT,PUB_TEXT,-5395715.114144962,-9636057.778208124,管理卷帘
TEXT,PUB_TEXT,-6554377.777618628,-9312355.417149976,管理卷帘
TEXT,PUB_TEXT,-6547518.699150637,-9314322.852998984,管理卷帘
TEXT,PUB_TEXT,-5495780.721959212,-9638997.441754465,防火卷帘
TEXT,PUB_TEXT,-5491661.738532894,-9640214.297552709,管理卷帘
TEXT,PUB_TEXT,-5493650.975328007,-9631375.396406475,防火卷帘
TEXT,PUB_TEXT,-5489531.991901689,-9632592.25220472,管理卷帘
TEXT,PUB_TEXT,-5435031.08109517,-9644701.274648689,管理卷帘
TEXT,PUB_TEXT,-5444163.8908645,-9642198.191556341,管理卷帘
TEXT,PUB_TEXT,-5687037.629023193,-9416729.423481521,7号线站厅（地下一层）
TEXT,PUB_TEXT,-5907622.027715405,-9413351.043160259,2号线站厅（地面一层）
TEXT,PUB_TEXT,-5922745.274042662,-9467474.884760097,磁浮线站厅（地上二层）
TEXT,PUB_TEXT,-5936832.711072026,-9517891.719467803,16号线站厅（地上二层）
TEXT,PUB_TEXT,-5961206.792036765,-9605122.91763322,18号线站厅（地下一层）
TEXT,PUB_TEXT,-5708745.917439612,-9420733.504935041,7号线站厅优化后2个出入口和1个换乘通道可作为安全疏散口
TEXT,PUB_TEXT,-5929007.786268606,-9416200.838367938,2号线站厅通过启动预留3号口、增设防火门的形式在南侧增加3处直通地面的疏散口
TEXT,PUB_TEXT,-5943832.722747405,-9469257.073540154,磁浮站厅层及西通道为单独防火分区，满足疏散距离及疏散口数量要求
TEXT,PUB_TEXT,-5958258.567205221,-9520885.017930078,16号线11号出入口和2根换乘通道均可定义为安全疏散口直达地面，且疏散距离小于50m
TEXT,PUB_TEXT,-5983285.915790286,-9610454.163414456,"18号线站厅3个出入口和2个换乘通道均能直达地面，且未在口部设置防火卷帘,"
TEXT,PUB_TEXT,-5985322.684475943,-9617743.454571426,共设5个安全疏散口，且满足疏散距离要求
TEXT,PUB_TEXT,-5948225.940570647,-9558666.387508656,16号线18号线换乘通道
TEXT,PUB_TEXT,-5969809.09224414,-9562222.623234754,西换乘通道优化后透风率大于25%%%，增加安全门后，可定义为安全区
TEXT,PUB_TEXT,-5930919.2836557,-9423041.802242941,北侧通过与商业之间用防火墙分隔及取消防火卷帘，增加2处直通地面的疏散口
TEXT,PUB_TEXT,-5945735.204906783,-9476065.7732606,东通道优化后有效通风率大于25%%%，且为难燃材质，可阻断两端火灾串通，自身距相邻疏散点
TEXT,PUB_TEXT,-5956925.283519908,-9480657.801013361,满足距离要求。
TEXT,PUB_TEXT,-5401611.666015805,-9543518.075899957,防火卷帘
TEXT,PUB_TEXT,-5401771.951912544,-9548398.483842056,防火卷帘
ATTRIB,WINDOW_TEXT,-5523786.163990494,-9664429.781809641,
ATTRIB,WINDOW_TEXT,-5522480.450312366,-9664794.623421091,
TEXT,PUB_TEXT,-5972126.813101012,-9570517.400282975,东换乘通道尽可能做大通风率，将下部玻璃改为大透风率百叶，亦可作为16号线的安全疏散口
TEXT,PUB_TEXT,-5359717.137558352,-9522409.776062412,装修：增设1823玻璃门
TEXT,PUB_TEXT,-5359856.806310133,-9522909.629680762,门禁/fas：设置门禁，接入消防联动，7号线公共区火灾时释放
TEXT,PUB_TEXT,-6659130.650192309,-9200102.230526358,装修：拆除玻璃和防火卷帘27000x5400(h)
TEXT,PUB_TEXT,-5507120.44029307,-9522537.600882072,装修：防火墙外侧乳胶漆，内侧铝板
TEXT,PUB_TEXT,-6679300.125250229,-9220902.072316468,装修：拆除既有管理卷帘(11025*4750)
TEXT,PUB_TEXT,-5525834.979796139,-9541573.561169848,装修：拆除既有管理卷帘，新增特级防火卷帘(10000*4750)
TEXT,PUB_TEXT,-5526099.426752848,-9542540.308746419,"动照：特级防火卷帘配电,电源引自2号线防火卷帘门配电箱XDL1备用回路。"
TEXT,PUB_TEXT,-6627024.478129351,-9213733.223133786,装修：拆除防火卷帘
TEXT,PUB_TEXT,-6577248.834886408,-9223640.968186797,装修：拆除防火卷帘
TEXT,PUB_TEXT,-6546291.735642486,-9230869.48674495,拆除既有防火卷帘
ATTRIB,WINDOW_TEXT,-6514164.847534102,-9196524.776075113,
TEXT,PUB_TEXT,-6510759.471094279,-9197619.497443056,装修：拆除既有玻璃门
TEXT,PUB_TEXT,-6543449.772076505,-9199184.614576889,装修：拆除既有玻璃门
TEXT,PUB_TEXT,-5392113.748418057,-9520790.321165225,装修：增设1823防火门
TEXT,PUB_TEXT,-5392253.417169838,-9521290.174783574,门禁/fas：设置门禁，接入消防联动
TEXT,PUB_TEXT,-5405548.612260543,-9570965.61068314,门禁/fas：设置门禁，接入消防联动，2号线或磁浮火灾时释放
TEXT,PUB_TEXT,-6557486.210839224,-9323124.80996288,装修：拆除顶部百叶
TEXT,PUB_TEXT,-5405884.034156367,-9645548.96005379,"FAS：电动排烟窗接入联动,16号线或磁浮火灾时开启"
TEXT,PUB_TEXT,-5473973.00801323,-9699525.181333333,装修：顶部增设电动排烟窗82000x1500
TEXT,PUB_TEXT,-5474139.991559435,-9700122.790524444,"FAS：电动排烟窗接入联动,16号线或18号线火灾时开启"
TEXT,PUB_TEXT,-6619365.706009634,-9379590.155315126,装修：拆除顶部百叶
TEXT,PUB_TEXT,-6689321.265339956,-9339906.119221017,装修：拆除顶部百叶40000x1500
TEXT,PUB_TEXT,-5521819.857107037,-9666764.515146036,"FAS：电动排烟窗接入联动,16号线或18号线火灾时开启"
TEXT,PUB_TEXT,-5521984.687763043,-9667354.419464411,动照：电动排烟窗配电，电源引自16号线扶梯配电箱备用回路
TEXT,PUB_TEXT,-5474306.975105641,-9700720.399715555,动照：电动排烟窗配电，电源引自18号线通道扶梯配电箱备用回路
TEXT,PUB_TEXT,-5406051.017702572,-9646146.569244901,"动照：电动排烟窗配电,电源引自16号线扶梯配电箱备用回路"
TEXT,PUB_TEXT,-5528493.100998765,-9664263.92077439,装修：增设1823玻璃门2扇
TEXT,PUB_TEXT,-5528657.93165477,-9664853.825092768,装修：增设平台及踏步
TEXT,PUB_TEXT,-5528822.762310776,-9665443.729411142,门禁/fas：设置门禁，接入消防联动
TEXT,PUB_TEXT,-5301565.074024607,-9580878.918300465,增设挡烟垂壁，低于现状吊顶500mm
TEXT,PUB_TEXT,-5391372.324916289,-9518136.877103032,装修：贴顶增设7600x700(h)防雨百叶
TEXT,PUB_TEXT,-5391522.758119075,-9518675.255085035,透风率大于70%%%
TEXT,PUB_TEXT,-6543141.485145369,-9196310.336203337,装修：拆除顶部700高墙体
TEXT,PUB_TEXT,-5302884.12293955,-9585599.597511128,挡烟垂壁详图已另发
TEXT,PUB_TEXT,-5266667.096596107,-9618575.000224183,核实现状吊顶下方与洞口（门）之间实体墙间距是否大于500mm
TEXT,PUB_TEXT,-5268022.47553319,-9623425.69916216,如大于500mm，无需添加，如不满足，则需要添加挡烟垂壁，满足500mm
TEXT,PUB_TEXT,-5625387.986006077,-9639585.584294646,525/4=131
TEXT,PUB_TEXT,-5580752.862569884,-9620312.912915569,侧面镂空54
TEXT,PUB_TEXT,-5626986.50698022,-9645306.452296553,131-54=77
TEXT,PUB_TEXT,-5629985.617585665,-9656039.821563764,27/1.5=18m
TEXT,PUB_TEXT,-5681926.011013878,-9617965.478959167,原排烟66mx1.5mx0.5=50平
TEXT,PUB_TEXT,-5628362.876596762,-9650232.273743649,77-50=27平
TEXT,PUB_TEXT,-5392806.61725843,-9738188.919653909,120
TEXT,PUB_TEXT,-5285743.216237493,-9741489.655152221,新增电动排烟窗范围
ATTRIB,WINDOW_TEXT,-5507443.0995074,-9494688.588209719,
TEXT,PUB_TEXT,-5507975.839172623,-9493966.211222163,门禁/fas：设置门禁，接入消防联动，7号线公共区火灾时释放
ATTRIB,WINDOW_TEXT,-5363133.622828919,-9521847.254982667,
ATTRIB,WINDOW_TEXT,-5361823.448828597,-9517115.051631142,
TEXT,PUB_TEXT,-5360009.123291844,-9523454.749426399,"装修：结合既有商场平台,增设平台及踏步，实际尺寸需测量"
MTEXT,0,207247.6550816032,-26797.89558141872,JZ-01-010
MTEXT,0,200247.6550816032,-26297.89558141686,龙阳路站枢纽换乘改造工程
MTEXT,0,207247.655081605,-26297.89558141686,施工图
MTEXT,0,207247.6550816032,-27797.89558141686,2021-03
MTEXT,0,207247.6550816032,-25797.89558141872,S202066-S
MTEXT,0,200247.6550816032,-28047.89558141872,2号线站厅层改造平面图一
MTEXT,0,207247.6550816032,-27297.89558141686,1:100
MTEXT,0,387900.7502893486,-26797.89558141872,JZ-01-011
MTEXT,0,380900.7502893488,-26297.89558141686,龙阳路站枢纽换乘改造工程
MTEXT,0,387900.7502893506,-26297.89558141686,施工图
MTEXT,0,387900.7502893486,-27797.89558141686,2021-03
MTEXT,0,387900.7502893486,-25797.89558141872,S202066-S
MTEXT,0,380900.7502893488,-28047.89558141872,2号线站厅层改造平面图二
MTEXT,0,387900.7502893486,-27297.89558141686,1:100
MTEXT,0,207247.6550816032,-172768.9326599266,JZ-01-012
MTEXT,0,200247.6550816032,-172268.9326599247,龙阳路站枢纽换乘改造工程
MTEXT,0,207247.655081605,-172268.9326599247,施工图
MTEXT,0,207247.6550816032,-173768.9326599247,2021-03
MTEXT,0,207247.6550816032,-171768.9326599266,S202066-S
MTEXT,0,200247.6550816032,-174018.9326599266,磁悬浮站厅层改造平面图一
MTEXT,0,207247.6550816032,-173268.9326599247,1:100
MTEXT,0,387900.7502893486,-172768.9326599266,JZ-01-013
MTEXT,0,380900.7502893488,-172268.9326599247,龙阳路站枢纽换乘改造工程
MTEXT,0,387900.7502893506,-172268.9326599247,施工图
MTEXT,0,387900.7502893486,-173768.9326599247,2021-03
MTEXT,0,387900.7502893486,-171768.9326599266,S202066-S
MTEXT,0,380900.7502893488,-174018.9326599266,磁悬浮站厅层改造平面图二
MTEXT,0,387900.7502893486,-173268.9326599247,1:100
MTEXT,0,207247.6550816032,-330453.6344139222,JZ-01-014
MTEXT,0,200247.6550816032,-329953.6344139204,龙阳路站枢纽换乘改造工程
MTEXT,0,207247.655081605,-329953.6344139204,施工图
MTEXT,0,207247.6550816032,-331453.6344139205,2021-03
MTEXT,0,207247.6550816032,-329453.6344139223,S202066-S
MTEXT,0,200247.6550816032,-331703.6344139222,16号线站厅层改造平面图一
MTEXT,0,207247.6550816032,-330953.6344139204,1:100
MTEXT,0,366900.7502893486,-330453.6344139222,JZ-01-015
MTEXT,0,359900.7502893487,-329953.6344139204,龙阳路站枢纽换乘改造工程
MTEXT,0,366900.7502893506,-329953.6344139204,施工图
MTEXT,0,366900.7502893486,-331453.6344139205,2021-03
MTEXT,0,366900.7502893486,-329453.6344139223,S202066-S
MTEXT,0,359900.7502893487,-331703.6344139222,16号线站厅层改造平面图二
MTEXT,0,366900.7502893486,-330953.6344139204,1:100
ATTRIB,0,72131.45061831582,-171835.037692328,450
ATTRIB,0,72131.45061831582,-171835.037692328,650
MTEXT,0,69484.59157347526,-168929.1604481267,图纸范围
TEXT,0,80772.82155890394,-171808.3152930244,附注：
TEXT,0,80772.82155890488,-172408.3152930225,1.本图标注除标高单位为米外，其余标注均以毫米为单位。
TEXT,0,80772.82155890488,-173008.3152930244,2.本图标高包括相对标高与绝对标高。
TEXT,0,80772.82155890209,-169821.3633673574,图例：
TEXT,0,82676.95667525758,-170462.3185998249,钢筋混凝土砌体
TEXT,0,82676.95667525664,-171062.3185998268,普通砌体墙
TEXT,0,80772.82155890394,-173608.3152930225,3.构造柱除特别标注外均为200x200
ATTRIB,0,69157.37562086071,-25894.64428218058,450
ATTRIB,0,69157.37562086071,-25894.64428218058,650
MTEXT,0,66510.51657602015,-22988.76703797933,图纸范围
TEXT,0,77798.74656144883,-25867.92188287701,附注：
TEXT,0,77798.74656144976,-26467.92188287515,1.本图标注除标高单位为米外，其余标注均以毫米为单位。
TEXT,0,77798.74656144976,-27067.92188287701,2.本图标高包括相对标高与绝对标高。
TEXT,0,77798.74656144697,-23880.96995721001,图例：
TEXT,0,79702.88167780246,-24521.92518967751,钢筋混凝土砌体
TEXT,0,79702.88167780153,-25121.92518967937,普通砌体墙
TEXT,0,77798.74656144883,-27667.92188287515,3.构造柱除特别标注外均为200x200
ATTRIB,0,252253.2226257293,-25894.64428218058,450
ATTRIB,0,252253.2226257293,-25894.64428218058,650
MTEXT,0,249606.3635808888,-22988.76703797933,图纸范围
TEXT,0,260894.5935663174,-25867.92188287701,附注：
TEXT,0,260894.5935663184,-26467.92188287515,1.本图标注除标高单位为米外，其余标注均以毫米为单位。
TEXT,0,260894.5935663184,-27067.92188287701,2.本图标高包括相对标高与绝对标高。
TEXT,0,260894.5935663156,-23880.96995721001,图例：
TEXT,0,262798.7286826711,-24521.92518967751,钢筋混凝土砌体
TEXT,0,262798.7286826702,-25121.92518967937,普通砌体墙
TEXT,0,260894.5935663174,-27667.92188287515,3.构造柱除特别标注外均为200x200
ATTRIB,0,251125.0103746142,-329526.9554666076,450
ATTRIB,0,251125.0103746142,-329526.9554666076,650
MTEXT,0,248478.1513297736,-326475.0229129778,图纸范围
TEXT,0,259382.7680068639,-330363.185207457,附注：
TEXT,0,259382.7680068648,-330963.1852074551,1.本图标注除标高单位为米外，其余标注均以毫米为单位。
TEXT,0,259382.7680068648,-331563.1852074569,2.本图标高包括相对标高与绝对标高。
TEXT,0,259382.768006862,-328376.2332817899,图例：
TEXT,0,261286.9031232175,-329017.1885142574,钢筋混凝土砌体
TEXT,0,261286.9031232166,-329617.1885142593,普通砌体墙
TEXT,0,259382.7680068639,-332163.1852074551,3.构造柱除特别标注外均为200x200
ATTRIB,0,182061.8977168916,-329526.9554666076,450
ATTRIB,0,182061.8977168916,-329526.9554666076,650
MTEXT,0,179415.0386720511,-326475.0229129778,图纸范围
TEXT,0,172240.7126831317,-330363.185207457,附注：
TEXT,0,172240.7126831327,-330963.1852074551,1.本图标注除标高单位为米外，其余标注均以毫米为单位。
TEXT,0,172240.7126831327,-331563.1852074569,2.本图标高包括相对标高与绝对标高。
TEXT,0,172240.7126831299,-328376.2332817899,图例：
TEXT,0,174144.8477994854,-329017.1885142574,钢筋混凝土砌体
TEXT,0,174144.8477994844,-329617.1885142593,普通砌体墙
TEXT,0,172240.7126831317,-332163.1852074551,3.构造柱除特别标注外均为200x200
